"","stage","cluster","bivalve","brachiopod","cookiePalaeoLng","cookiePalaeoLat","cookieLith","cookieBath","cookieReef","cookieAbsLat","stage_midpoint","PTME"
"2","4","4_1",1,10,-8844709.06221695,-1562810.22478165,0.271247129482424,0.277777777777778,0.181666666666667,1562810.22478165,510.5,"PrePTME"
"3","4","4_2",0,13,-11818959.0622169,-1885560.22478165,0.333333333333333,0.5,0,1885560.22478165,510.5,"PrePTME"
"4","5","5_1",0,8,9090202.60444972,1191938.94188501,0.932456349206349,0,0,1191938.94188501,505.5,"PrePTME"
"5","11","11_1",3,16,8235325.10444972,-1346612.72478165,0.88338,0.314108333333333,0,1346612.72478165,481.975,"PrePTME"
"6","11","11_2",4,13,-7269959.06221695,-4259726.89144832,0.127693602693603,0.108461538461539,0,4259726.89144832,481.975,"PrePTME"
"7","12","12_1",0,11,-10902292.3955503,1231106.44188501,0.888888888888889,0.944444444444444,0,1231106.44188501,474.2,"PrePTME"
"8","12","12_2",0,22,-3943709.06221695,-5110643.55811499,0.454588052858684,0.250833333333333,0.386635802469136,5110643.55811499,474.2,"PrePTME"
"9","12","12_3",0,28,8264374.27111638,-1202226.89144832,0.507575757575758,0.766666666666667,0.166666666666667,1202226.89144832,474.2,"PrePTME"
"10","13","13_1",2,28,-10994579.0622169,1073879.77521835,0.972031988770686,0.209902168367347,0.0446808510638298,1073879.77521835,470.35,"PrePTME"
"11","13","13_2",0,27,-4418976.56221695,-4748151.05811499,0.893069433198381,0.125908333333333,0.125908333333333,4748151.05811499,470.35,"PrePTME"
"12","13","13_3",0,33,-4039162.39555028,-4855776.89144832,0.808513391499007,0.0852083333333333,0.290492964918354,4855776.89144832,470.35,"PrePTME"
"13","14","14_1",7,37.5,-6360576.56221695,-6018385.22478165,0.00616745454545455,0.432690528905289,0,6018385.22478165,463.8,"PrePTME"
"14","14","14_2",10,6,1506037.60444972,-7410591.05811499,0,1,0,7410591.05811499,463.8,"PrePTME"
"15","14","14_3",1,22,-5252292.39555028,-3668893.55811499,0.666666666666667,0.5,0.333333333333333,3668893.55811499,463.8,"PrePTME"
"16","14","14_4",1,38,-11285625.7288836,-2302226.89144832,1,0.412429378531073,0,2302226.89144832,463.8,"PrePTME"
"17","14","14_5",0,20,-11085625.7288836,-2402226.89144832,0.868055555555556,0.166666666666667,0.166666666666667,2402226.89144832,463.8,"PrePTME"
"18","14","14_6",0,47,-8002292.39555028,-2218893.55811499,0.276255707762557,0.5,0.5,2218893.55811499,463.8,"PrePTME"
"19","14","14_7",0,10,-4490459.06221695,-4587893.55811499,0.778695526695527,0,0,4587893.55811499,463.8,"PrePTME"
"20","14","14_8",0,19,-5518959.06221695,-4035560.22478165,0.666666666666667,0.5,0.333333333333333,4035560.22478165,463.8,"PrePTME"
"21","14","14_9",3,13,-11268959.0622169,-2102226.89144832,0.833333333333333,0.5,0,2102226.89144832,463.8,"PrePTME"
"22","14","14_10",0,11,-4902292.39555028,-4035560.22478165,1,0.333333333333333,0.333333333333333,4035560.22478165,463.8,"PrePTME"
"23","14","14_11",13,25.5,-11054512.3955503,-2236919.39144832,0.5,0.5,0,2236919.39144832,463.8,"PrePTME"
"24","14","14_12",1,16,-11498744.8955503,-1934416.05811499,0.5,0.5,0,1934416.05811499,463.8,"PrePTME"
"25","15","15_1",9,25,-9962474.06221695,-2504079.39144832,0.840297401506899,0.203675,0.499534788359788,2504079.39144832,455.5,"PrePTME"
"26","15","15_2",6,18.75,-11132435.7288836,-1643595.22478165,0.681298333333333,0.392583333333333,0.008775,1643595.22478165,455.5,"PrePTME"
"27","15","15_3",6,18,-5699269.89555028,-3534970.22478165,0.42029124431449,0.555870786516854,0.223158333333333,3534970.22478165,455.5,"PrePTME"
"28","15","15_4",6,43.5,-6405927.39555028,-5493684.39144832,0.0432880179453575,0.467684493418428,0.0633083333333333,5493684.39144832,455.5,"PrePTME"
"29","15","15_5",13,32,1431040.93778305,-7235560.22478165,0.0198412698412698,0.410628019323671,0,7235560.22478165,455.5,"PrePTME"
"30","15","15_6",7.5,75,-7943203.22888362,-2235082.72478165,0.00893078880407125,0.656265053763441,0,2235082.72478165,455.5,"PrePTME"
"31","15","15_7",18,11,-11109147.3955503,-1239062.72478165,0.0419333333333333,0.321775,0.14005,1239062.72478165,455.5,"PrePTME"
"32","15","15_8",7,25,-10286891.5622169,-2285985.22478165,1,0.572598888888889,0,2285985.22478165,455.5,"PrePTME"
"33","15","15_9",10,20,-11002839.0622169,-2508729.39144832,1,0.310652376638577,0.0425,2508729.39144832,455.5,"PrePTME"
"34","15","15_10",0,26.25,-4863011.56221695,-3776176.89144832,0.800338197410112,0.232233333333333,0.199808333333333,3776176.89144832,455.5,"PrePTME"
"35","15","15_11",1,21,6297707.60444972,-235560.224781653,1,0.518518518518519,0.037037037037037,235560.224781653,455.5,"PrePTME"
"36","15","15_12",0,15,-10459715.7288836,1902911.44188501,1,0.898154444444444,0.0752833333333333,1902911.44188501,455.5,"PrePTME"
"37","15","15_13",0,26,-10868959.0622169,131106.441885014,0.696296296296296,1,0,131106.441885014,455.5,"PrePTME"
"38","15","15_14",0,32,2878256.77111638,-1901176.89144832,0.630291851851852,0.215996296296296,0.630291851851852,1901176.89144832,455.5,"PrePTME"
"39","15","15_15",0,16,-4799032.39555028,-4187421.89144832,0.853375,0.5,0.5,4187421.89144832,455.5,"PrePTME"
"40","15","15_16",1.25,34,-10976401.5622169,-2713000.22478165,0.914506936151092,0.538661231674059,0.0969836225092874,2713000.22478165,455.5,"PrePTME"
"41","15","15_17",0,15,-1485625.72888362,514439.775218347,0.386344086021505,0.333333333333333,0,514439.775218347,455.5,"PrePTME"
"42","16","16_1",8,18,-9887731.56221695,-2753431.05811499,0.286188703703704,0.796140555555556,0.121258333333333,2753431.05811499,449,"PrePTME"
"43","16","16_2",14,34.5,-10980334.8955503,-1730905.22478165,0.467467568824221,0.536241666666667,0.124158333333333,1730905.22478165,449,"PrePTME"
"44","16","16_3",11,43,-5714209.06221695,-3280787.72478165,0.768518636653895,0.612958333333333,0.231066666666667,3280787.72478165,449,"PrePTME"
"45","16","16_4",12,14,-9592755.72888361,-2614324.39144832,0.792181007751938,0.411933333333333,0.236883333333333,2614324.39144832,449,"PrePTME"
"46","16","16_5",7,41,-6237670.72888362,-5136157.72478165,0.348056666666667,0.637947348484848,0.192691666666667,5136157.72478165,449,"PrePTME"
"47","16","16_6",12.5,48.5,1331040.93778305,-6910560.22478165,0.0671732305936073,0.755464480874317,0,6910560.22478165,449,"PrePTME"
"48","16","16_7",1,36,7346236.77111638,-112216.89144832,0.183784800569801,0.500756573033708,0.135437790697675,112216.89144832,449,"PrePTME"
"49","16","16_8",2,66.5,-6187810.72888362,-4860549.39144832,0.0647586373770141,0.823911924119241,0,4860549.39144832,449,"PrePTME"
"50","16","16_9",1,52,-6135625.72888362,-4635560.22478165,0.00803212851405623,0.991967871485944,0.00803212851405623,4635560.22478165,449,"PrePTME"
"51","16","16_10",10,76,-7844417.39555028,-2236398.55811499,0,0.579398383084577,0,2236398.55811499,449,"PrePTME"
"52","16","16_11",4,47,-8895331.56221695,-2570836.05811499,0.601782304045731,0.610375,0.0533,2570836.05811499,449,"PrePTME"
"53","16","16_12",16,28,-10179236.5622169,-2374835.22478165,0.769637825045339,0.526456084656085,0.116964194139194,2374835.22478165,449,"PrePTME"
"54","16","16_13",15,25,-10542709.0622169,-1886393.55811499,0.706617647058823,0.833333333333333,0,1886393.55811499,449,"PrePTME"
"55","16","16_14",0,45,12853990.1044497,2055266.44188501,0.9429398589559,0.460547339202739,0.00181724137931034,2055266.44188501,449,"PrePTME"
"56","16","16_15",0,24,-5510958.22888362,-3370167.72478165,0.735009935897436,0.409516666666667,0.406691666666667,3370167.72478165,449,"PrePTME"
"57","16","16_16",0,17,7780805.93778305,32691.4418850138,0.548516666666667,0.600208333333333,0.235791666666667,32691.4418850138,449,"PrePTME"
"58","16","16_17",0,21,-11818959.0622169,-2102226.89144832,0.700379867046534,0.833333333333333,0,2102226.89144832,449,"PrePTME"
"59","16","16_18",0,17,-10148251.5622169,-381504.39144832,0.568018483231707,0.5,0.5,381504.39144832,449,"PrePTME"
"60","16","16_19",0,18,-10367544.8955503,1552089.77521835,1,0.810991666666667,0.189008333333333,1552089.77521835,449,"PrePTME"
"61","16","16_20",0,24,1781040.93778305,-1485560.22478165,1,0.5,0.5,1485560.22478165,449,"PrePTME"
"62","16","16_21",0,21,-7102292.39555028,-2035560.22478165,0.583333333333333,0.5,0.166666666666667,2035560.22478165,449,"PrePTME"
"63","16","16_22",0,23,-3778099.06221695,-1509469.39144832,0.852308333333333,0.351941666666667,0.351941666666667,1509469.39144832,449,"PrePTME"
"64","16","16_23",0,26,-4891951.56221695,-3579512.72478165,0.899018080618212,0.415975,0.333795277777778,3579512.72478165,449,"PrePTME"
"65","16","16_24",0,11,3381040.93778305,-5285560.22478165,0,0.666666666666667,0,5285560.22478165,449,"PrePTME"
"66","16","16_25",0,33,-5585625.72888362,-5252226.89144832,0,1,0,5252226.89144832,449,"PrePTME"
"67","16","16_26",1,58,-7681448.22888362,-2135415.22478165,0.24955,0.375108333333333,0.125441666666667,2135415.22478165,449,"PrePTME"
"68","16","16_27",10,24,-10666884.0622169,-2777613.55811499,0.633891832782555,0.465952482738317,0.0168427055702918,2777613.55811499,449,"PrePTME"
"69","16","16_28",7,21,-8952292.39555028,-735560.224781653,1,0.5,0.5,735560.224781653,449,"PrePTME"
"70","17","17_1",6,16,7414374.27111638,-4452226.89144832,0,1,0,4452226.89144832,444.15,"PrePTME"
"71","17","17_2",3,23,7704516.77111638,206804.775218347,0.388972835497835,0.1528,0.1528,206804.775218347,444.15,"PrePTME"
"72","17","17_3",1,27,-5436529.89555028,-3155856.89144832,0.7992,0.5,0.3996,3155856.89144832,444.15,"PrePTME"
"73","17","17_4",0,44,-6127042.39555028,-4226976.89144832,0.261904761904762,0.790223577235772,0.0825,4226976.89144832,444.15,"PrePTME"
"74","17","17_5",0,28,-8612860.72888361,-2515596.05811499,0.446535680272109,0.167908333333333,0.832091666666667,2515596.05811499,444.15,"PrePTME"
"75","17","17_6",0,17.5,-4963341.56221695,-3148965.22478165,0.719841666666667,0.5,0.5,3148965.22478165,444.15,"PrePTME"
"76","18","18_1",0,40,-6096207.39555028,-3896408.55811499,0,0.550675,0,3896408.55811499,441.8,"PrePTME"
"77","18","18_2",0,22,-8400792.39555028,-2580760.22478165,0.681299328570756,0.43772962962963,0.107787962962963,2580760.22478165,441.8,"PrePTME"
"78","18","18_3",0,17,7264374.27111638,-4718893.55811499,0.088888888888889,0.5,0,4718893.55811499,441.8,"PrePTME"
"79","18","18_4",0,25,-4991582.39555028,-2699822.72478165,0.947833333333333,0.425725,0.504968333333333,2699822.72478165,441.8,"PrePTME"
"80","18","18_5",0,39,-5652292.39555028,-2785560.22478165,0.0374149659863947,0.5,0,2785560.22478165,441.8,"PrePTME"
"81","19","19_1",1,36,-8200703.22888362,-2653844.39144832,0.966541085037795,0.533851767676768,0.466148232323232,2653844.39144832,439.55,"PrePTME"
"82","19","19_2",2,28,-10304792.3955503,-2190143.55811499,1,0.768103448275862,0,2190143.55811499,439.55,"PrePTME"
"83","19","19_3",7,27.25,-9323736.56221695,-2856355.22478165,0.857226638176638,0.877813309099437,0,2856355.22478165,439.55,"PrePTME"
"84","19","19_4",0,51,-6102959.06221695,-3711560.22478165,0.166666666666667,0.5,0.42,3711560.22478165,439.55,"PrePTME"
"85","19","19_5",0,22,-5001098.22888362,-2476735.22478165,1,0.4394,0.555752,2476735.22478165,439.55,"PrePTME"
"86","20","20_1",8,44,-8927980.72888361,-2918181.89144832,0.168314388802338,0.745721852621853,0,2918181.89144832,435.75,"PrePTME"
"87","20","20_2",3,52,-6017751.56221695,-3249737.72478165,0,0.540266666666667,0,3249737.72478165,435.75,"PrePTME"
"88","20","20_3",8,18,7753462.60444972,558391.441885014,0.0213380952380953,0.5,0,558391.441885014,435.75,"PrePTME"
"89","20","20_4",9,42,-6797428.22888362,-1928306.89144832,0.1902,0.5706,0.143133333333333,1928306.89144832,435.75,"PrePTME"
"90","20","20_5",1,33,-7980542.39555028,-2613560.22478165,0.9425,0.224166666666667,0.336481481481481,2613560.22478165,435.75,"PrePTME"
"91","20","20_6",1,20,-6518959.06221695,-1718893.55811499,1,0,0.666666666666667,1718893.55811499,435.75,"PrePTME"
"92","20","20_7",0,24,-9082044.06221695,-1585248.55811499,1,0,0.809174074074074,1585248.55811499,435.75,"PrePTME"
"93","20","20_8",0,23.5,-5044003.22888362,-1895046.05811499,1,0.5,0.5,1895046.05811499,435.75,"PrePTME"
"94","20","20_9",2,26,-10835625.7288836,-2552226.89144832,0.5,0.5,0,2552226.89144832,435.75,"PrePTME"
"95","21","21_1",11,55,-8623961.56221695,-2857669.39144832,0.257780659993807,0.647475449321894,0.103046787978501,2857669.39144832,431.75,"PrePTME"
"96","21","21_2",7,67,747707.604449718,-5302226.89144832,0.879084967320261,0.5,0.333333333333333,5302226.89144832,431.75,"PrePTME"
"97","21","21_3",1,45,-9637336.56221695,-2303279.39144832,1,1,0,2303279.39144832,431.75,"PrePTME"
"98","21","21_4",1,39,-9335625.72888361,-2852226.89144832,0.666666666666667,1,0,2852226.89144832,431.75,"PrePTME"
"99","21","21_5",1,42,-5086800.72888362,-1407833.55811499,1,0.593541666666667,0.406458333333333,1407833.55811499,431.75,"PrePTME"
"100","21","21_6",0,37,-4825332.39555028,-1543769.39144832,0.869883333333333,0.576966666666667,0.423033333333333,1543769.39144832,431.75,"PrePTME"
"101","21","21_7",0,33,-9513837.39555028,1230794.77521835,0.91262037037037,0.656566666666667,0,1230794.77521835,431.75,"PrePTME"
"102","21","21_8",0,25,-3385625.72888362,431106.441885014,0.933333333333333,0.5,0.333333333333333,431106.441885014,431.75,"PrePTME"
"103","22","22_1",4.5,52,-5161211.56221695,-1243651.05811499,0.983515509259259,0.425806666666667,0.502954545454545,1243651.05811499,428.65,"PrePTME"
"104","22","22_2",3,45,-5900880.72888362,-2494124.39144832,0.732090495955726,0.467185849056604,0.330558333333333,2494124.39144832,428.65,"PrePTME"
"105","22","22_3",2,42,-9158951.56221695,-2897534.39144832,0.584600331920904,0.615908333333333,0,2897534.39144832,428.65,"PrePTME"
"106","22","22_4",0,18,-1301311.56221695,4214535.60855168,0.117716666666667,0.352425,0.0588583333333333,4214535.60855168,428.65,"PrePTME"
"107","22","22_5",0,44.75,-4810084.06221695,-1291924.39144832,0.54172732648615,0.592366666666667,0.252175,1291924.39144832,428.65,"PrePTME"
"108","22","22_6",1,26,-8618959.06221695,-2735560.22478165,1,0.333333333333333,0.333333333333333,2735560.22478165,428.65,"PrePTME"
"109","22","22_7",0,32,-4252292.39555028,-1785560.22478165,1,0.333333333333333,0.666666666666667,1785560.22478165,428.65,"PrePTME"
"110","23","23_1",14,56,-5635260.72888362,-2377615.22478165,0.499130617733819,0.729419047619048,0,2377615.22478165,425.85,"PrePTME"
"111","23","23_2",32,55,814374.271116385,-4502226.89144832,0.965277777777778,0.333333333333333,0.589147286821705,4502226.89144832,425.85,"PrePTME"
"112","23","23_3",0,24,13664374.2711164,-452226.89144832,0.407407407407407,0.5,0.166666666666667,452226.89144832,425.85,"PrePTME"
"113","24","24_1",18,34,-5501184.06221695,-2385270.22478165,0.0659990740740741,0.656575861185811,0.0625916666666667,2385270.22478165,423.85,"PrePTME"
"114","24","24_2",16,60,-4818884.89555028,-1054412.72478165,0.972190021231423,0.0962083333333333,0.760672653604257,1054412.72478165,423.85,"PrePTME"
"115","24","24_3",19,58,862411.771116385,-4218776.89144832,0.797317878045461,0.599308333333333,0.140075,4218776.89144832,423.85,"PrePTME"
"116","24","24_4",4,30,-4562896.56221695,-1050172.72478165,0.668655208333333,0.548116666666667,0.280166666666667,1050172.72478165,423.85,"PrePTME"
"117","24","24_5",1,33,-9618959.06221695,-2968893.55811499,0.666666666666667,0.833333333333333,0.166666666666667,2968893.55811499,423.85,"PrePTME"
"118","24","24_6",2,28,-4802292.39555028,-835560.224781653,0.833333333333333,0.5,0.5,835560.224781653,423.85,"PrePTME"
"119","24","24_7",0,60,-8852292.39555028,-3452226.89144832,0.5,0.5,0,3452226.89144832,423.85,"PrePTME"
"120","25","25_1",0,21,-4211124.06221695,-1047865.22478165,0.856800793650794,0.540833333333333,0.2817,1047865.22478165,421.16,"PrePTME"
"121","25","25_2",0,17,-3682915.72888362,-1432376.89144832,1,0.5,0.5,1432376.89144832,421.16,"PrePTME"
"122","25","25_3",23,26,964374.271116385,-3835560.22478165,0.987847222222222,0.5,0.333333333333333,3835560.22478165,421.16,"PrePTME"
"123","25","25_4",0,21,-4552292.39555028,-885560.224781653,1,0.5,0.5,885560.224781653,421.16,"PrePTME"
"124","26","26_1",10,37,9397707.60444972,531106.441885014,0.142857142857143,0.833333333333333,0,531106.441885014,416.32,"PrePTME"
"125","26","26_2",13,17,-3506373.22888362,-1435651.89144832,0.124433333333333,0.374141666666667,0.124433333333333,1435651.89144832,416.32,"PrePTME"
"126","26","26_3",4,47,-3132639.89555028,-1421201.89144832,0.368134399371069,0.5,0.143875,1421201.89144832,416.32,"PrePTME"
"127","26","26_4",0,42,-7083507.39555028,-18893.5581149862,0.994597846153846,0.324146256410256,0.0279111282051282,18893.5581149862,416.32,"PrePTME"
"128","26","26_5",0,36,-6702292.39555028,147773.10855168,0.65359477124183,0.544351073762839,0,147773.10855168,416.32,"PrePTME"
"129","26","26_6",0,45,-1218959.06221695,1881106.44188501,0.975845410628019,0.333333333333333,0.447916666666667,1881106.44188501,416.32,"PrePTME"
"130","26","26_7",1,69,-7560765.72888362,-4464996.05811499,0.361908333333333,0.638091666666667,0,4464996.05811499,416.32,"PrePTME"
"131","26","26_8",3,50,-6466964.06221695,-4108841.89144832,0.536422113997114,0.508555158730159,0,4108841.89144832,416.32,"PrePTME"
"132","26","26_9",1,27,-6800872.39555028,-4517523.55811499,0.5,0.5,0,4517523.55811499,416.32,"PrePTME"
"133","27","27_1",14,97,997707.604449718,-2918893.55811499,1,0.282152230971129,0.438057742782152,2918893.55811499,411.82,"PrePTME"
"134","27","27_2",8,36,9847160.93778305,261666.441885014,0.267816666666667,0.261921794871795,0.267816666666667,261666.441885014,411.82,"PrePTME"
"135","28","28_1",25,24,9964374.27111639,-118893.558114986,0.480778870252554,0.5,0,118893.558114986,402.045,"PrePTME"
"136","28","28_2",6,63,855588.437783051,-2951776.89144832,0.45002,0.397071666666667,0.101766666666667,2951776.89144832,402.045,"PrePTME"
"137","28","28_3",11,26,-2835625.72888362,-2918893.55811499,0.166666666666667,0.333333333333333,0.166666666666667,2918893.55811499,402.045,"PrePTME"
"138","28","28_4",12,43.75,10074654.2711164,24143.9418850138,0.101493412698413,0.626637179487179,0.032429802259887,24143.9418850138,402.045,"PrePTME"
"139","28","28_5",13,17,5864374.27111638,-7668893.55811499,0,0.5,0,7668893.55811499,402.045,"PrePTME"
"140","28","28_6",7,25,-5518959.06221695,-7685560.22478165,0,0.5,0,7685560.22478165,402.045,"PrePTME"
"141","28","28_7",4,36,497707.604449718,-5268893.55811499,0.833333333333333,0.535087719298246,0.166666666666667,5268893.55811499,402.045,"PrePTME"
"142","28","28_8",0,51,-7190359.06221695,-2974340.22478165,0.736083333333333,0.5,0.236083333333333,2974340.22478165,402.045,"PrePTME"
"143","28","28_9",2,44,-5498775.72888362,-4725926.05811499,0.584266666666667,0.5,0.0842666666666667,4725926.05811499,402.045,"PrePTME"
"144","28","28_10",14,24,-3068959.06221695,-2752226.89144832,0,0.524509803921569,0,2752226.89144832,402.045,"PrePTME"
"145","28","28_11",5,30,-5152125.72888362,-4869060.22478165,0.5,0.5,0,4869060.22478165,402.045,"PrePTME"
"146","29","29_1",8,22,-5320459.06221695,-4837060.22478165,0,0.7425,0,4837060.22478165,390.71,"PrePTME"
"147","29","29_2",17,62,-2507508.22888362,-2753227.72478165,0.461843213383838,0.176746078431373,0.319925328947368,2753227.72478165,390.71,"PrePTME"
"148","29","29_3",19,39,9923457.60444972,-185060.224781653,0.108527131782946,0.7525,0,185060.224781653,390.71,"PrePTME"
"149","29","29_4",14,38,-5165380.72888362,-4595949.39144832,0.826559796380091,0.634354193199568,0.1149469593977,4595949.39144832,390.71,"PrePTME"
"150","29","29_5",9,11,-10835625.7288836,-7602226.89144832,0,0.5,0,7602226.89144832,390.71,"PrePTME"
"151","29","29_6",10,52,-6935625.72888362,-2535560.22478165,0.754385964912281,0.666666666666667,0.333333333333333,2535560.22478165,390.71,"PrePTME"
"152","29","29_7",0,10,-6618959.06221695,-2985560.22478165,1,0.5,0.5,2985560.22478165,390.71,"PrePTME"
"153","30","30_1",25,44,-5169119.06221695,-4723276.05811499,0.0292083333333333,0.378741666666667,0,4723276.05811499,385.13,"PrePTME"
"154","30","30_2",13.5,11,9827672.60444972,-332265.224781653,0.76871746031746,0.534366666666667,0.1995,332265.224781653,385.13,"PrePTME"
"155","30","30_3",35,66.75,-5112140.72888362,-4493451.89144832,0.471217394397804,0.456750933753809,0.00091338199513382,4493451.89144832,385.13,"PrePTME"
"156","30","30_4",20,45,-5676565.72888362,-4400056.05811499,0.607219371584699,0.524608333333333,0.05315,4400056.05811499,385.13,"PrePTME"
"157","30","30_5",4,23,-2384059.06221695,-2818121.05811499,0.818966792929293,0.113697727272727,0.688792318237318,2818121.05811499,385.13,"PrePTME"
"158","30","30_6",1,22,-6316315.72888362,-3995992.72478165,0.668709895833333,0.538025,0.145941666666667,3995992.72478165,385.13,"PrePTME"
"159","30","30_7",16,47,-5661170.72888362,-4011466.89144832,0.543019308176101,0.5,0.043925,4011466.89144832,385.13,"PrePTME"
"160","30","30_8",4,11,1864374.27111638,-6168893.55811499,0,0.5,0,6168893.55811499,385.13,"PrePTME"
"161","30","30_9",0,20,-735625.728883615,-2418893.55811499,1,0,0.981132075471698,2418893.55811499,385.13,"PrePTME"
"162","30","30_10",10,32,-6035625.72888362,-4085560.22478165,0.666666666666667,0.833333333333333,0,4085560.22478165,385.13,"PrePTME"
"163","31","31_1",0,35,-6211332.39555028,-3692878.55811499,0.484232895783612,0.420225,0.344805555555556,3692878.55811499,377.23,"PrePTME"
"164","31","31_2",25,29.5,-5032886.56221695,-4341137.72478165,0.230927948717949,0.341008938738224,0.208158333333333,4341137.72478165,377.23,"PrePTME"
"165","31","31_3",9,14,-6326675.72888362,-4085801.89144832,0.388366666666667,0.5,0.302308333333333,4085801.89144832,377.23,"PrePTME"
"166","31","31_4",3,12,-5018959.06221695,-4568893.55811499,0.333333333333333,0.5,0.333333333333333,4568893.55811499,377.23,"PrePTME"
"167","31","31_5",9,22,1764374.27111638,-6252226.89144832,0,0.5,0,6252226.89144832,377.23,"PrePTME"
"168","31","31_6",1,32,-2198099.06221695,-2987146.89144832,0.467901744186046,0.430258333333333,0.341605691056911,2987146.89144832,377.23,"PrePTME"
"169","31","31_7",0,29,-7735625.72888362,-3568893.55811499,0.333333333333333,0.5,0.333333333333333,3568893.55811499,377.23,"PrePTME"
"170","31","31_8",0,29,7814374.27111638,-4535560.22478165,1,0,0.849206349206349,4535560.22478165,377.23,"PrePTME"
"171","32","32_1",1,21.5,-6946889.06221695,-1610155.22478165,0.586987352838732,0.303067725038996,0.504764747474748,1610155.22478165,365.505,"PrePTME"
"172","32","32_2",24,42,-1735625.72888362,-2918893.55811499,0.019047619047619,0.5,0,2918893.55811499,365.505,"PrePTME"
"173","32","32_3",7,23,-5137792.39555028,-4046723.55811499,0,0.619366666666667,0,4046723.55811499,365.505,"PrePTME"
"174","32","32_4",1,18,-7052292.39555028,-2468893.55811499,1,1,0,2468893.55811499,365.505,"PrePTME"
"175","32","32_5",17,35,-5928669.89555028,-3670717.72478165,0.715419607843137,0,0,3670717.72478165,365.505,"PrePTME"
"176","32","32_6",5.5,21,-4880266.56221695,-4134025.22478165,0.230283333333333,0.281766666666667,0.163675,4134025.22478165,365.505,"PrePTME"
"177","32","32_7",4,27,9682040.93778305,-384560.224781653,0.872708333333333,0.5,0.421666666666667,384560.224781653,365.505,"PrePTME"
"178","32","32_8",10,20,-1902292.39555028,-2885560.22478165,0,0.666666666666667,0,2885560.22478165,365.505,"PrePTME"
"179","32","32_9",0,17,-1762211.56221695,-3143141.05811499,0.855683333333333,0.356108333333333,0.378245512820513,3143141.05811499,365.505,"PrePTME"
"180","32","32_10",0,32,-735625.728883615,-2418893.55811499,1,0.166666666666667,0.166666666666667,2418893.55811499,365.505,"PrePTME"
"181","33","33_1",5,33,13520520.9377831,-3576544.39144832,0.0693666666666667,0.357375,0,3576544.39144832,352.78,"PrePTME"
"182","33","33_2",3,30,-6138139.89555028,-1234712.72478165,1,0.686575,0.313425,1234712.72478165,352.78,"PrePTME"
"183","33","33_3",21,70,-5477923.22888362,-3271423.55811499,0.988616931216931,0.17320593220339,0,3271423.55811499,352.78,"PrePTME"
"184","33","33_4",26,53,-5536620.72888362,-3029074.39144832,0.790633333333333,0.371033333333333,0,3029074.39144832,352.78,"PrePTME"
"185","33","33_5",0,51,-6668959.06221695,-3435560.22478165,1,0,0,3435560.22478165,352.78,"PrePTME"
"186","33","33_6",0,35,-5923905.72888362,-510690.224781653,1,0,0,510690.224781653,352.78,"PrePTME"
"187","33","33_7",0,25,-5444038.22888362,-1260476.05811499,1,0.124291666666667,0.124291666666667,1260476.05811499,352.78,"PrePTME"
"188","33","33_8",2,21,-4650778.22888362,-3776506.05811499,0.453075,0.453075,0,3776506.05811499,352.78,"PrePTME"
"189","33","33_9",11,38,-4868959.06221695,-3268893.55811499,0.411764705882353,0,0.0265151515151515,3268893.55811499,352.78,"PrePTME"
"190","33","33_10",20,6,-4602292.39555028,-3018893.55811499,0.5,0.5,0,3018893.55811499,352.78,"PrePTME"
"191","34","34_1",3,15,-4752292.39555028,-3352226.89144832,0,0,1,3352226.89144832,338.5,"PrePTME"
"192","34","34_2",13,27,-4323484.06221695,-2781702.72478165,0.422123843366778,0.174429891304348,0,2781702.72478165,338.5,"PrePTME"
"193","34","34_3",4,52,13730840.1044497,-4685600.22478165,0.0780083333333333,0.457891666666667,0,4685600.22478165,338.5,"PrePTME"
"194","34","34_4",18,56,-531410.728883615,-1524485.22478165,1,0.00940731707317072,0.656870482339277,1524485.22478165,338.5,"PrePTME"
"195","34","34_5",15,6,8997707.60444972,-352226.89144832,0,0,0,352226.89144832,338.5,"PrePTME"
"196","34","34_6",10,40,-5026722.39555028,-2322981.05811499,0.640166666666667,0.5,0,2322981.05811499,338.5,"PrePTME"
"197","34","34_7",2,89,-919405.728883615,-1823564.39144832,0.569916666666667,0.430083333333333,0.430083333333333,1823564.39144832,338.5,"PrePTME"
"198","34","34_8",0,30,5231040.93778305,764439.775218347,0.5,0.5,0.5,764439.775218347,338.5,"PrePTME"
"199","34","34_9",13,33,-4911795.72888361,-2647775.22478165,0.5,0.5,0,2647775.22478165,338.5,"PrePTME"
"200","34","34_10",2,28,-4533794.89555028,-2021610.22478165,0.5,0.5,0,2021610.22478165,338.5,"PrePTME"
"201","34","34_11",31,55,-4618959.06221695,-2935560.22478165,0.176975945017182,0.5,0,2935560.22478165,338.5,"PrePTME"
"202","34","34_12",3,18,-5241045.72888362,-2664805.22478165,0.5,0.5,0,2664805.22478165,338.5,"PrePTME"
"203","35","35_1",20,27,-4635625.72888362,931106.441885014,0.333333333333333,0.354609929078014,0,931106.441885014,326.85,"PrePTME"
"204","35","35_2",7,28,-4147074.89555028,249013.941885014,0.387574563492063,0.793707039458976,0,249013.941885014,326.85,"PrePTME"
"205","35","35_3",18,25,-5094.06221694872,-840386.89144832,0.581636173539183,0.63835,0.2711,840386.89144832,326.85,"PrePTME"
"206","35","35_4",30,12.5,-3868959.06221695,-1935560.22478165,0.75,0.75,0,1935560.22478165,326.85,"PrePTME"
"207","35","35_5",1,24,-4781416.56221695,282090.60855168,0.760337912087912,0.5,0.210891666666667,282090.60855168,326.85,"PrePTME"
"208","35","35_6",0,23,-3581061.56221695,-2104073.55811499,0.800058333333333,0.349008333333333,0.113283333333333,2104073.55811499,326.85,"PrePTME"
"209","35","35_7",1,26,-4604764.06221695,389131.441885014,0.507333333333333,0.4551,0,389131.441885014,326.85,"PrePTME"
"210","35","35_8",10,33,-4185248.22888362,-1905778.55811499,0.64471894977169,0.32685,0,1905778.55811499,326.85,"PrePTME"
"211","35","35_9",17,0,-3085625.72888362,-2118893.55811499,1,0.5,0.5,2118893.55811499,326.85,"PrePTME"
"212","36","36_1",11,7,254899.271116385,-681773.558114986,0.117,0.7401,0.0585,681773.558114986,319.3,"PrePTME"
"213","36","36_2",12,13,-4385625.72888362,131106.441885014,1,0,0,131106.441885014,319.3,"PrePTME"
"214","36","36_3",9,7,-4835625.72888362,-102226.89144832,0.819047619047619,0,0,102226.89144832,319.3,"PrePTME"
"215","36","36_4",6,32,-4454433.22888362,305318.941885014,1,0.717391666666667,0.100191666666667,305318.941885014,319.3,"PrePTME"
"216","36","36_5",12,51,-4092868.22888362,-1537501.89144832,0.516033333333333,0.4519,0.0015392,1537501.89144832,319.3,"PrePTME"
"217","36","36_6",4,38,-3721875.72888362,-1511751.89144832,0.775745634920635,0.175,0.00526870748299319,1511751.89144832,319.3,"PrePTME"
"218","36","36_7",8.25,21,-4067821.56221695,-1361104.39144832,0.5,0.5,0,1361104.39144832,319.3,"PrePTME"
"219","37","37_1",0,38,-4118959.06221695,697773.10855168,1,0,0,697773.10855168,311.1,"PrePTME"
"220","37","37_2",24,37,-3407251.56221695,-561024.39144832,0.351253281138777,0.414241666666667,0.00501195652173913,561024.39144832,311.1,"PrePTME"
"221","37","37_3",1,18,-3042942.39555028,-261316.89144832,0.280733333333333,0.5,0,261316.89144832,311.1,"PrePTME"
"222","37","37_4",7,25,-2932999.06221695,-626958.558114986,0.386641176470588,0.538308333333333,0,626958.558114986,311.1,"PrePTME"
"223","38","38_1",25,38.25,-3278553.22888362,-246328.558114986,0.314239452819949,0.427065594059406,0.000234872196139802,246328.558114986,305.35,"PrePTME"
"224","38","38_2",13,13,-2089094.89555028,-612161.89144832,0.187341139705882,0.242741666666667,0,612161.89144832,305.35,"PrePTME"
"225","39","39_1",21,36,-3085552.39555028,131886.441885014,0.433791348255322,0.560383169934641,0.02145,131886.441885014,301.3,"PrePTME"
"226","39","39_2",28,52,-3607707.39555028,-369911.89144832,0.359284298179926,0.465525,0,369911.89144832,301.3,"PrePTME"
"227","39","39_3",22,24,-4064676.56221695,161552.275218347,0.124324874308698,0.498383333333333,0.185,161552.275218347,301.3,"PrePTME"
"228","39","39_4",20,21,-2052292.39555028,-452226.89144832,0.833333333333333,0.333333333333333,0.166666666666667,452226.89144832,301.3,"PrePTME"
"229","40","40_1",11,25,-2989195.72888362,266528.10855168,0.289135046878733,0.590103827561328,0.00187625,266528.10855168,296.21,"PrePTME"
"230","40","40_2",0,20,3191089.27111638,1782886.44188501,1,0.3834,0.3834,1782886.44188501,296.21,"PrePTME"
"231","40","40_3",11,17,-4852292.39555028,-3418893.55811499,0.817948717948718,0.5,0.166666666666667,3418893.55811499,296.21,"PrePTME"
"232","40","40_4",0,15,-4735625.72888362,-3502226.89144832,0.823529411764706,0.5,0.333333333333333,3502226.89144832,296.21,"PrePTME"
"233","41","41_1",17,35,11823207.6044497,-6468560.22478165,0.153643388389839,0.085,0,6468560.22478165,291.81,"PrePTME"
"234","41","41_2",12,27,7044789.27111638,-6794500.22478165,0.0193207070707071,0.0136857142857143,0,6794500.22478165,291.81,"PrePTME"
"235","41","41_3",10,9,10764374.2711164,-7735560.22478165,0,0.666666666666667,0,7735560.22478165,291.81,"PrePTME"
"236","41","41_4",12,7,5164374.27111638,-7768893.55811499,0,0.666666666666667,0,7768893.55811499,291.81,"PrePTME"
"237","41","41_5",13,9,11647707.6044497,-7052226.89144832,0.158730158730159,0,0,7052226.89144832,291.81,"PrePTME"
"238","41","41_6",4,13,6760754.27111638,-2347088.55811499,0.723185119047619,0.0489666666666667,0.0489666666666667,2347088.55811499,291.81,"PrePTME"
"239","41","41_7",8,13,5581040.93778305,-7385560.22478165,0.333333333333333,0.5,0,7385560.22478165,291.81,"PrePTME"
"240","41","41_8",14,35,-3885625.72888362,297773.10855168,0.767790262172285,0.333333333333333,0.333333333333333,297773.10855168,291.81,"PrePTME"
"241","42","42_1",17,12,-3810610.72888362,1762001.44188501,0.854266666666667,0.145733333333333,0.145733333333333,1762001.44188501,286.7,"PrePTME"
"242","42","42_2",13.5,24,11640769.2711164,-6324716.05811499,0.00173651804670913,0.1332,0,6324716.05811499,286.7,"PrePTME"
"243","42","42_3",9,36,11697707.6044497,-6602226.89144832,0.0329457364341085,0.086053412462908,0,6602226.89144832,286.7,"PrePTME"
"244","42","42_4",12,22,8764374.27111639,-6318893.55811499,0.222222222222222,0,0,6318893.55811499,286.7,"PrePTME"
"245","42","42_5",5,20.75,11438506.7711164,-6603857.72478165,0.0585347222222221,0.411403060011884,0,6603857.72478165,286.7,"PrePTME"
"246","42","42_6",3,44,-2268959.06221695,5047773.10855168,0.289473684210526,0.5,0,5047773.10855168,286.7,"PrePTME"
"247","42","42_7",1,23,7011761.77111638,-6836344.39144832,0.327627740863787,0.0898,0.0898,6836344.39144832,286.7,"PrePTME"
"248","42","42_8",4,15,11547707.6044497,-7152226.89144832,0,0.166666666666667,0,7152226.89144832,286.7,"PrePTME"
"249","42","42_9",8,20,5197707.60444972,-7835560.22478165,0.171171171171171,0.666666666666667,0,7835560.22478165,286.7,"PrePTME"
"250","42","42_10",0,25,-3633256.56221695,240081.441885014,1,0.155458333333333,0.155458333333333,240081.441885014,286.7,"PrePTME"
"251","42","42_11",3,13,11831040.9377831,-6518893.55811499,0.00980392156862747,0.166666666666667,0,6518893.55811499,286.7,"PrePTME"
"252","42","42_12",0,31,6464374.27111638,3847773.10855168,0.791666666666667,0.333333333333333,0.666666666666667,3847773.10855168,286.7,"PrePTME"
"253","42","42_13",0,25,7297707.60444972,-5468893.55811499,0.5,0.5,0.333333333333333,5468893.55811499,286.7,"PrePTME"
"254","43","43_1",19,8,-3637596.56221695,1931753.94188501,0.680681619111882,0.0834333333333333,0,1931753.94188501,278.85,"PrePTME"
"255","43","43_2",34,153,-3432644.06221695,234358.941885014,0.977393974977699,0.521453843172514,0.283593919158709,234358.941885014,278.85,"PrePTME"
"256","43","43_3",29,13,2964452.60444972,4708256.44188501,0,0.408525,0,4708256.44188501,278.85,"PrePTME"
"257","43","43_4",15,110,-3432554.89555028,471738.941885014,0.866728364389234,0.396607251153593,0,471738.941885014,278.85,"PrePTME"
"258","43","43_5",10,26,7003642.60444972,-6622483.55811499,0.0332410798122066,0.0281666666666667,0,6622483.55811499,278.85,"PrePTME"
"259","43","43_6",10,2,-2985625.72888362,464439.775218347,1,0,0,464439.775218347,278.85,"PrePTME"
"260","43","43_7",13,24.5,2700126.77111638,4913523.94188501,0,0.380558333333333,0,4913523.94188501,278.85,"PrePTME"
"261","43","43_8",2,14.5,-3718787.39555028,1476910.60855168,0.99090421686747,0,0,1476910.60855168,278.85,"PrePTME"
"262","43","43_9",0,37,-3502292.39555028,2481106.44188501,1,0.5,0.5,2481106.44188501,278.85,"PrePTME"
"263","43","43_10",0,10,11314374.2711164,-7302226.89144832,0,0.416666666666667,0,7302226.89144832,278.85,"PrePTME"
"264","43","43_11",2,12,11064374.2711164,-7485560.22478165,0,0,0,7485560.22478165,278.85,"PrePTME"
"265","44","44_1",33,138,-3252292.39555028,547773.10855168,1,0.618695141336651,0.189487870619946,547773.10855168,270.65,"PrePTME"
"266","44","44_2",12,15,6764374.27111638,-6518893.55811499,0,0,0,6518893.55811499,270.65,"PrePTME"
"267","44","44_3",12,20,4006689.27111638,3859128.10855168,0.465768148148148,0.306666666666667,0,3859128.10855168,270.65,"PrePTME"
"268","44","44_4",7,13,10731040.9377831,-7535560.22478165,0,0.28125,0,7535560.22478165,270.65,"PrePTME"
"269","44","44_5",0,51,8581040.93778305,-4652226.89144832,0.666666666666667,0.310344827586207,0,4652226.89144832,270.65,"PrePTME"
"270","44","44_6",0,15,2947707.60444972,4331106.44188501,0,0,0,4331106.44188501,270.65,"PrePTME"
"271","44","44_7",0,25,2214874.27111638,6472023.10855168,0,0.5,0,6472023.10855168,270.65,"PrePTME"
"272","45","45_1",10,52,4599895.10444972,-5221219.39144832,0.339102909946236,0.21935,0,5221219.39144832,265.59,"PrePTME"
"273","45","45_2",24,12,10700043.4377831,-7024083.55811499,0.00479734042553192,0.17640922705314,0,7024083.55811499,265.59,"PrePTME"
"274","45","45_3",6,12,10096925.1044497,-7754859.39144832,0,0.0348583333333333,0,7754859.39144832,265.59,"PrePTME"
"275","45","45_4",8.75,15,10366035.1044497,-7610466.89144832,0,0.151791666666667,0,7610466.89144832,265.59,"PrePTME"
"276","45","45_5",1,34,4931040.93778305,-1218893.55811499,0.708333333333333,0.5,0.333333333333333,1218893.55811499,265.59,"PrePTME"
"277","45","45_6",0,31,4551845.10444972,-433136.89144832,1,0.35315,0.35315,433136.89144832,265.59,"PrePTME"
"278","45","45_7",0,16,11191919.2711164,682180.60855168,0,0.5,0,682180.60855168,265.59,"PrePTME"
"279","46","46_1",3,43,11747374.2711164,3831439.77521835,1,0.5,0.5,3831439.77521835,261.895,"PrePTME"
"280","46","46_2",22,97,-3142926.56221695,987961.441885014,0.998021850079745,0.682606965344862,0.342499344948596,987961.441885014,261.895,"PrePTME"
"281","46","46_3",7,50,10764366.7711164,4554290.60855168,0.5,0.5,0.5,4554290.60855168,261.895,"PrePTME"
"282","46","46_4",7,55,4656500.10444972,-5073227.72478165,0.5812004566501,0.257225,0.268054333333333,5073227.72478165,261.895,"PrePTME"
"283","46","46_5",0,24,4681040.93778305,-59698.5581149862,1,0.348158333333333,0.348158333333333,59698.5581149862,261.895,"PrePTME"
"284","46","46_6",0,22,11564374.2711164,4014439.77521835,0.833333333333333,0.5,0.5,4014439.77521835,261.895,"PrePTME"
"285","46","46_7",13,3,-2735625.72888362,1081106.44188501,0.819047619047619,0,0,1081106.44188501,261.895,"PrePTME"
"286","46","46_8",11,8,10581040.9377831,-6785560.22478165,0,0.166666666666667,0,6785560.22478165,261.895,"PrePTME"
"287","46","46_9",3,50,11247707.6044497,4231106.44188501,0.413502109704641,0.5,0.333333333333333,4231106.44188501,261.895,"PrePTME"
"288","47","47_1",4,28.5,-3430642.39555028,2528319.77521835,0.990247962653067,0.5,0.33565,2528319.77521835,256.825,"PrePTME"
"289","47","47_2",8,7,2919595.93778305,3389278.10855168,0.479566666666667,0.5,0.3805,3389278.10855168,256.825,"PrePTME"
"290","47","47_3",11,25,1281040.93778305,6347773.10855168,0.438271604938271,0.5,0,6347773.10855168,256.825,"PrePTME"
"291","47","47_4",29,22,-2976397.39555028,2705071.44188501,0.881149002849003,0.254033333333333,0.176633333333333,2705071.44188501,256.825,"PrePTME"
"292","47","47_5",19,95,4748344.27111638,-4825313.55811499,0.862512104290277,0.262208333333333,0.126125,4825313.55811499,256.825,"PrePTME"
"293","47","47_6",11,15,10979745.1044497,352387.275218347,0,0.192025,0,352387.275218347,256.825,"PrePTME"
"294","47","47_7",27,11,10913113.4377831,28452.2752183471,0.0372083333333333,0.358141666666667,0.0372083333333333,28452.2752183471,256.825,"PrePTME"
"295","47","47_8",0,35,10421237.6044497,-308065.224781653,0.398515987475895,0.192533333333333,0.101375,308065.224781653,256.825,"PrePTME"
"296","47","47_9",8,48,10281040.9377831,64439.7752183471,0.408653026427962,0,0,64439.7752183471,256.825,"PrePTME"
"297","47","47_10",11,15,-2785625.72888362,2597773.10855168,1,0.5,0.5,2597773.10855168,256.825,"PrePTME"
"298","47","47_11",1,21,4936650.10444972,-5524318.55811499,0.0872537037037037,0.5,0,5524318.55811499,256.825,"PrePTME"
"299","47","47_12",10,10,2549889.27111638,2583296.44188501,0.847477777777778,0.228133333333333,0.419205769230769,2583296.44188501,256.825,"PrePTME"
"300","47","47_13",18,33,1581040.93778305,4347773.10855168,0.973963935463461,0.5,0.166666666666667,4347773.10855168,256.825,"PrePTME"
"301","47","47_14",1,47,4780860.10444972,439458.10855168,0.874593334169066,0.648608333333333,0.252083333333333,439458.10855168,256.825,"PrePTME"
"302","47","47_15",8,6,10131040.9377831,-6935560.22478165,0,0.166666666666667,0,6935560.22478165,256.825,"PrePTME"
"303","47","47_16",1,28.5,10156055.1044497,-7135590.22478165,0,0,0,7135590.22478165,256.825,"PrePTME"
"304","47","47_17",1,50,4955445.10444972,-6108060.22478165,0.326567388316151,0.416316666666667,0.107633333333333,6108060.22478165,256.825,"PrePTME"
"305","47","47_18",0,23,11097707.6044497,981106.441885014,0.480286738351254,0.44,0,981106.441885014,256.825,"PrePTME"
"306","47","47_19",0,22,10264374.2711164,-6802226.89144832,0,0,0,6802226.89144832,256.825,"PrePTME"
"307","47","47_20",0,21,9863769.27111639,-7152838.55811499,0,0.155745569316088,0,7152838.55811499,256.825,"PrePTME"
"308","47","47_21",0,26,1597707.60444972,4097773.10855168,0.666666666666667,0.666666666666667,0.333333333333333,4097773.10855168,256.825,"PrePTME"
"309","47","47_22",0,20,5147707.60444972,-302226.89144832,0.834552420759317,0.5,0.5,302226.89144832,256.825,"PrePTME"
"310","48","48_1",29,45,4812106.77111638,-4624287.72478165,0.536602580952966,0.189341666666667,0,4624287.72478165,253.021,"PrePTME"
"311","48","48_2",12,49,4948490.93778305,-5704907.72478165,0.242376926389717,0.312108333333333,0,5704907.72478165,253.021,"PrePTME"
"312","48","48_3",30,16,2931020.10444972,1076871.44188501,0.998694184027778,0.0186579458866073,0,1076871.44188501,253.021,"PrePTME"
"313","48","48_4",10,42,11047707.6044497,1181106.44188501,0.694741532976827,0.587121212121212,0.333333333333333,1181106.44188501,253.021,"PrePTME"
"314","48","48_5",2,11,3281040.93778305,-8285560.22478165,0.833333333333333,0.5,0.333333333333333,8285560.22478165,253.021,"PrePTME"
"315","48","48_6",1,48,4514374.27111638,2897773.10855168,0.87719298245614,0.0833333333333333,0.766666666666667,2897773.10855168,253.021,"PrePTME"
"316","48","48_7",1,29,8647707.60444972,-2068893.55811499,0.178571428571429,0.333333333333333,0.166666666666667,2068893.55811499,253.021,"PrePTME"
"317","48","48_8",10.5,18.5,-2193959.06221695,-8235560.22478165,0.583333333333333,0.25,0.148148148148148,8235560.22478165,253.021,"PrePTME"
"318","48","48_9",7,55,10901976.7711164,166097.275218347,0.620810512863723,0.590991025641026,0,166097.275218347,253.021,"PrePTME"
"319","48","48_10",6,17,11225014.2711164,426439.775218347,0.000996143250688706,0.733016666666667,0,426439.775218347,253.021,"PrePTME"
"320","48","48_11",0,53,5031040.93778305,-5935560.22478165,0.695624195624196,0.333333333333333,0.166666666666667,5935560.22478165,253.021,"PrePTME"
"321","48","48_12",14,39.75,10334190.9377831,20938.9418850138,0.518822112762951,0.438966447505109,0.109333333333333,20938.9418850138,253.021,"PrePTME"
"322","48","48_13",0,29,7047707.60444972,2181106.44188501,1,0.333333333333333,0.666666666666667,2181106.44188501,253.021,"PrePTME"
"323","49","49_1",13,5,-3152292.39555028,2914439.77521835,0.961538461538462,0,0,2914439.77521835,250.901,"PostPTME"
"324","49","49_2",13,2,-3052292.39555028,2664439.77521835,0.724192277383767,0.202127659574468,0.166666666666667,2664439.77521835,250.901,"PostPTME"
"325","49","49_3",13.5,8,10244630.9377831,449111.441885014,0.652298793597707,0.423608333333333,0.251808333333333,449111.441885014,250.901,"PostPTME"
"326","49","49_4",12,3,1123206.77111638,5686693.94188501,0.324581296296296,0.723586296296296,0,5686693.94188501,250.901,"PostPTME"
"327","49","49_5",15,4,10263709.2711164,-25309.3914483196,0.101546743104493,0.158216666666667,0,25309.3914483196,250.901,"PostPTME"
"328","49","49_6",21,4,10534388.4377831,-99882.7247816529,0.942058333333333,0.179116666666667,0.179116666666667,99882.7247816529,250.901,"PostPTME"
"329","50","50_1",31,6,-3635625.72888362,1947773.10855168,0.722166136391203,0,0,1947773.10855168,248.3,"PostPTME"
"330","50","50_2",10,6,-3206478.22888362,2514099.77521835,0.844174978956229,0.193944444444444,0,2514099.77521835,248.3,"PostPTME"
"331","50","50_3",14,1,-3785625.72888362,1897773.10855168,1,0,0,1897773.10855168,248.3,"PostPTME"
"332","50","50_4",8,2,-3500289.06221695,2184259.77521835,0.761135084033613,0.650245877325289,0,2184259.77521835,248.3,"PostPTME"
"333","50","50_5",23.5,1,2893616.77111638,1264608.10855168,0.675906506972559,0.194945385746411,0.125758333333333,1264608.10855168,248.3,"PostPTME"
"334","50","50_6",11,7,11597707.6044497,3847773.10855168,0,0.833333333333333,0,3847773.10855168,248.3,"PostPTME"
"335","50","50_7",10,10.5,11640929.2711164,4299125.60855168,0,0.598883333333333,0,4299125.60855168,248.3,"PostPTME"
"336","50","50_8",15,2,1731040.93778305,7314439.77521835,0,0.5,0,7314439.77521835,248.3,"PostPTME"
"337","50","50_9",9,0,2943606.77111638,764278.10855168,0.875391666666667,0.5,0.5,764278.10855168,248.3,"PostPTME"
"338","51","51_1",28,5,2224420.10444972,2739591.44188501,0.891211538461538,0.333258333333333,0.390311833024591,2739591.44188501,244.082,"PostPTME"
"339","51","51_2",40,29,2950788.43778305,1921310.60855168,0.973139285714286,0.21214362745098,0.0505656862745098,1921310.60855168,244.082,"PostPTME"
"340","51","51_3",22,19,2800553.43778305,1441084.77521835,0.890374867724868,0.352425,0.233025,1441084.77521835,244.082,"PostPTME"
"341","51","51_4",13,18,3114374.27111638,2064439.77521835,1,0.166666666666667,0.5,2064439.77521835,244.082,"PostPTME"
"342","51","51_5",25,4,3472634.27111638,-1227218.55811499,0.740814814814815,0.20855,0.240948148148148,1227218.55811499,244.082,"PostPTME"
"343","51","51_6",28,27,8047707.60444972,4931106.44188501,0.666666666666667,0.166666666666667,0.166666666666667,4931106.44188501,244.082,"PostPTME"
"344","51","51_7",27,33,2973115.93778305,736362.275218347,1,0.5,0.5,736362.275218347,244.082,"PostPTME"
"345","51","51_8",12,1,814374.271116385,5731106.44188501,0.0476190476190477,1,0,5731106.44188501,244.082,"PostPTME"
"346","52","52_1",32,4,2747707.60444972,1647773.10855168,0.833333333333333,0.166666666666667,0.5,1647773.10855168,239.232,"PostPTME"
"347","53","53_1",35,12,2605740.10444972,1965368.94188501,0.921602613547069,0.329203589082863,0.457397847229178,1965368.94188501,232.15,"PostPTME"
"348","53","53_2",29,2,11414374.2711164,3797773.10855168,0.009009009009009,0.333333333333333,0.009009009009009,3797773.10855168,232.15,"PostPTME"
"349","53","53_3",35.5,36,2681993.43778305,2339439.77521835,0.906925,0.352441666666667,0.309375,2339439.77521835,232.15,"PostPTME"
"350","53","53_4",35,1,2747707.60444972,1631106.44188501,0.638552867383513,0,0,1631106.44188501,232.15,"PostPTME"
"351","53","53_5",6,9,6698424.27111638,-8196521.89144832,0.2971,0.487733333333333,0.2971,8196521.89144832,232.15,"PostPTME"
"352","53","53_6",13,2,10881040.9377831,-5235560.22478165,0,0.5,0,5235560.22478165,232.15,"PostPTME"
"353","54","54_1",21,2,2280604.27111638,3189220.60855168,1,0,0,3189220.60855168,216.5,"PostPTME"
"354","54","54_2",23.5,4.5,11706018.4377831,5789451.44188501,0,0.5,0,5789451.44188501,216.5,"PostPTME"
"355","54","54_3",11,25,2281040.93778305,2831106.44188501,1,0.166666666666667,0.5,2831106.44188501,216.5,"PostPTME"
"356","54","54_4",20.5,7,8956131.77111639,-3610547.72478165,1,0.5,0.5,3610547.72478165,216.5,"PostPTME"
"357","54","54_5",15,12,5614374.27111638,-7952226.89144832,0.166666666666667,0.333333333333333,0.166666666666667,7952226.89144832,216.5,"PostPTME"
"358","54","54_6",0,20,8564374.27111639,3864439.77521835,0.5,0.5,0.5,3864439.77521835,216.5,"PostPTME"
"359","54","54_7",6,9,6031040.93778305,-8068893.55811499,0.333333333333333,0.5,0.166666666666667,8068893.55811499,216.5,"PostPTME"
"360","55","55_1",32,18,2120924.27111638,3693501.44188501,0.76509589822951,0.186270902884291,0.034620811552247,3693501.44188501,203.55,"PostPTME"
"361","55","55_2",50,4,1924285.93778305,3611833.10855168,0.463833174603175,0.211016666666667,0.341901666666667,3611833.10855168,203.55,"PostPTME"
"362","55","55_3",43.5,0,5606026.77111638,3639433.94188501,0.375308333333333,0.250416666666667,0.7304,3639433.94188501,203.55,"PostPTME"
"363","55","55_4",27,1,455492.604449718,4323364.77521835,0.36874816017316,0.222375,0.0606666666666667,4323364.77521835,203.55,"PostPTME"
"364","56","56_1",24,3,465708.437783051,4432146.44188501,0.648723039215686,0.835161111111111,0.0525,4432146.44188501,200.45,"PostPTME"
"365","56","56_2",45,1,1097707.60444972,4614439.77521835,0.166666666666667,0.333333333333333,0.166666666666667,4614439.77521835,200.45,"PostPTME"
"366","56","56_3",16,1,-2332320.72888362,-4192231.05811499,0.933191666666667,0.144475,0.144475,4192231.05811499,200.45,"PostPTME"
"367","57","57_1",20,7,1281057.60444972,4560964.77521835,0.696853341054657,0.585016666666667,0.287866666666667,4560964.77521835,196.2,"PostPTME"
"368","57","57_2",13,6,91730.9377830513,4579342.27521835,1,0.702075,0.297925,4579342.27521835,196.2,"PostPTME"
"369","57","57_3",22,6,593489.271116385,4593418.10855168,0.487702886002886,0.672091666666667,0.293158333333333,4593418.10855168,196.2,"PostPTME"
"370","57","57_4",44,5,-2286292.39555028,-4270226.89144832,0.666666666666667,0.0866666666666667,0.0866666666666667,4270226.89144832,196.2,"PostPTME"
"371","57","57_5",14,2,-4502292.39555028,5831106.44188501,0.333333333333333,0.5,0.166666666666667,5831106.44188501,196.2,"PostPTME"
"372","57","57_6",27,0,-4668959.06221695,1364439.77521835,0.333333333333333,0.166666666666667,0,1364439.77521835,196.2,"PostPTME"
"373","57","57_7",21,0,11448484.2711164,4364439.77521835,0,0.5,0,4364439.77521835,196.2,"PostPTME"
"374","57","57_8",23,0,-2418959.06221695,-4018893.55811499,0.4375,0.166666666666667,0,4018893.55811499,196.2,"PostPTME"
"375","57","57_9",0,28,2161597.60444972,4152189.77521835,1,0.733266666666667,0.499933333333333,4152189.77521835,196.2,"PostPTME"
"376","57","57_10",13,11,1364374.27111638,4331106.44188501,0.666666666666667,0.5,0.5,4331106.44188501,196.2,"PostPTME"
"377","58","58_1",31,3,-1836125.72888362,-5301726.89144832,0.0549567901234569,0.2525,0.0143413978494624,5301726.89144832,188.55,"PostPTME"
"378","58","58_2",33,1,-2009873.22888362,-4840290.22478165,0.060125,0.415525,0.229075,4840290.22478165,188.55,"PostPTME"
"379","58","58_3",55,3,1931598.43778305,4989177.27521835,0,0.74705,0,4989177.27521835,188.55,"PostPTME"
"380","58","58_4",19,5,-2317804.89555028,-3986694.39144832,0.532992612293144,0.0538333333333333,0.0538333333333333,3986694.39144832,188.55,"PostPTME"
"381","58","58_5",12,7,3154293.43778305,4341081.44188501,0.620568939393939,0.460555158730159,0.0748,4341081.44188501,188.55,"PostPTME"
"382","58","58_6",6,11,1257940.10444972,3695444.77521835,0.961058333333333,0.633174262820513,0.0584416666666667,3695444.77521835,188.55,"PostPTME"
"383","58","58_7",1,29,2526466.77111638,4305643.94188501,1,0.562342835405335,0.103866666666667,4305643.94188501,188.55,"PostPTME"
"384","58","58_8",52,12,340029.271116385,6106962.27521835,0.242560310429081,0.5,0.0566666666666667,6106962.27521835,188.55,"PostPTME"
"385","58","58_9",36.5,11,866181.771116385,4782294.77521835,0.339262837837838,0.5,0.287958333333333,4782294.77521835,188.55,"PostPTME"
"386","58","58_10",8,9,1064374.27111638,3864439.77521835,1,0,0,3864439.77521835,188.55,"PostPTME"
"387","58","58_11",23,5,913707.604449718,5106273.10855168,0.222222222222222,0.5,0,5106273.10855168,188.55,"PostPTME"
"388","58","58_12",37,1,1547707.60444972,5181106.44188501,0.333333333333333,0.333333333333333,0,5181106.44188501,188.55,"PostPTME"
"389","58","58_13",17,15,1381185.93778305,4451989.77521835,0.5,0.5,0.5,4451989.77521835,188.55,"PostPTME"
"390","58","58_14",0,12,1547629.27111638,4058958.10855168,0.907141666666667,0.12924809056192,0.0928583333333333,4058958.10855168,188.55,"PostPTME"
"391","58","58_15",3,25,1064374.27111638,3364439.77521835,1,0.666666666666667,0,3364439.77521835,188.55,"PostPTME"
"392","59","59_1",31,13,1343200.93778305,3653471.44188501,0.939521952614835,0.688004470988846,0.0719416666666667,3653471.44188501,179.45,"PostPTME"
"393","59","59_2",25,19,756112.604449718,3739267.27521835,0.96665,0.738971020761246,0.253375,3739267.27521835,179.45,"PostPTME"
"394","59","59_3",17,0,-2205731.56221695,-4665290.22478165,0.141529230769231,0.5,0,4665290.22478165,179.45,"PostPTME"
"395","59","59_4",30,4,-2477754.06221695,-3834132.72478165,0.587108333333333,0.0819319444444444,0.0640916666666667,3834132.72478165,179.45,"PostPTME"
"396","59","59_5",25,3.5,1114102.60444972,5087277.27521835,0.0902583333333333,0.533994019607843,0.0902583333333333,5087277.27521835,179.45,"PostPTME"
"397","59","59_6",19,3,1881040.93778305,4697773.10855168,0.666666666666667,0.5,0.5,4697773.10855168,179.45,"PostPTME"
"398","59","59_7",11.75,7.75,1556570.93778305,4237803.10855168,0.603508333333333,0.5,0.5,4237803.10855168,179.45,"PostPTME"
"399","59","59_8",13,0,3247040.93778305,4226189.77521835,0.831666666666667,0,0,4226189.77521835,179.45,"PostPTME"
"400","59","59_9",22.5,3.5,1843495.10444972,4489349.77521835,0.5,0.5,0.5,4489349.77521835,179.45,"PostPTME"
"401","60","60_1",26,24,1359158.43778305,4528846.44188501,0.818110319783198,0.3886,0.287683333333333,4528846.44188501,172.8,"PostPTME"
"402","60","60_2",33,3,-2678611.56221695,-3801397.72478165,0.748616666666667,0.096525,0.096525,3801397.72478165,172.8,"PostPTME"
"403","60","60_3",21,1,2181040.93778305,4381106.44188501,0.166666666666667,0.833333333333333,0.166666666666667,4381106.44188501,172.8,"PostPTME"
"404","60","60_4",22,2,-2602292.39555028,-3585560.22478165,0.5,0,0,3585560.22478165,172.8,"PostPTME"
"405","61","61_1",41.75,24,1396094.27111638,4507549.77521835,1,0.406183333333333,0.237533333333333,4507549.77521835,169.55,"PostPTME"
"406","61","61_2",11,11,3780447.60444972,-781789.39144832,0.969308022774327,0,0,781789.39144832,169.55,"PostPTME"
"407","61","61_3",15,0,-3847945.72888362,4671304.77521835,0.283966666666667,0.5,0.141983333333333,4671304.77521835,169.55,"PostPTME"
"408","61","61_4",14,0,9238985.93778305,4086175.60855168,0,0.319841666666667,0,4086175.60855168,169.55,"PostPTME"
"409","61","61_5",28,0,-3962358.22888362,3892986.44188501,0.989627777777778,0.5,0.468883333333333,3892986.44188501,169.55,"PostPTME"
"410","61","61_6",18,3,-2935625.72888362,-2802226.89144832,0.166666666666667,0.5,0.166666666666667,2802226.89144832,169.55,"PostPTME"
"411","61","61_7",1,11,3547707.60444972,3414439.77521835,0.96969696969697,0,0,3414439.77521835,169.55,"PostPTME"
"412","61","61_8",0,10,2297707.60444972,4447773.10855168,0.5,0.5,0.5,4447773.10855168,169.55,"PostPTME"
"413","61","61_9",0,12,4747707.60444972,4797773.10855168,0.866666666666667,0.5,0.5,4797773.10855168,169.55,"PostPTME"
"414","61","61_10",12,25,2036207.60444972,4123881.44188501,0.815408333333333,0.366778632478632,0.523755562923666,4123881.44188501,169.55,"PostPTME"
"415","61","61_11",31.25,9,1668468.43778305,3964380.60855168,0.5,0.5,0.5,3964380.60855168,169.55,"PostPTME"
"416","61","61_12",25,9,1637565.93778305,4174068.10855168,0.548508333333333,0.451491666666667,0.548508333333333,4174068.10855168,169.55,"PostPTME"
"417","62","62_1",54,6,3766490.10444972,-3183848.55811499,0.98350752688172,0.563333333333333,0.436666666666667,3183848.55811499,166.75,"PostPTME"
"418","62","62_2",18,19,3356001.77111638,639433.10855168,0.507595796221323,0.124258333333333,0.124258333333333,639433.10855168,166.75,"PostPTME"
"419","62","62_3",14,14,1982715.10444972,4125399.77521835,0.942875,0.393091666666667,0.353855272368666,4125399.77521835,166.75,"PostPTME"
"420","62","62_4",30,20,1393287.60444972,4482552.27521835,0.736943563300142,0.327741666666667,0.397175,4482552.27521835,166.75,"PostPTME"
"421","62","62_5",29,3,9281040.93778305,4031106.44188501,1,0,0.323529411764706,4031106.44188501,166.75,"PostPTME"
"422","62","62_6",75,39,1574634.27111638,4246628.94188501,0.96195,0.179191666666667,0.742758333333333,4246628.94188501,166.75,"PostPTME"
"423","62","62_7",28,14,3766833.43778305,-795691.89144832,0.997734761904762,0,0,795691.89144832,166.75,"PostPTME"
"424","62","62_8",19,0,-3902292.39555028,4681106.44188501,0.111111111111111,0.5,0,4681106.44188501,166.75,"PostPTME"
"425","62","62_9",19,0,2789639.27111638,4858372.27521835,0,0.585983333333333,0,4858372.27521835,166.75,"PostPTME"
"426","62","62_10",36,7,1707040.93778305,3989773.10855168,0.586666666666667,0.5,0.5,3989773.10855168,166.75,"PostPTME"
"427","62","62_11",20,0,-4217118.22888362,3545858.94188501,0.997102624992725,0.5,0.428275,3545858.94188501,166.75,"PostPTME"
"428","63","63_1",61,16,1560368.43778305,2017173.94188501,0.958952231237322,0,0.19005548856991,2017173.94188501,163.4,"PostPTME"
"429","63","63_2",92,15,3750755.93778305,-3372913.55811499,0.530156761412576,0.570683333333333,0.429316666666667,3372913.55811499,163.4,"PostPTME"
"430","63","63_3",26,14,3760541.77111638,-856133.558114986,0.843216159137618,0.0369583333333333,0.0945531462585034,856133.558114986,163.4,"PostPTME"
"431","63","63_4",14,23,3339579.27111638,598239.775218347,0.68015564516129,0.248787745098039,0.0934372549019607,598239.775218347,163.4,"PostPTME"
"432","63","63_5",18,14,1971717.60444972,4146029.77521835,0.795916666666667,0.443513636363636,0.421733333333333,4146029.77521835,163.4,"PostPTME"
"433","63","63_6",22,5,1400957.60444972,4583773.10855168,0.355833333333333,0.417708333333333,0.223333333333333,4583773.10855168,163.4,"PostPTME"
"434","63","63_7",15,7,3174707.60444972,-2134226.89144832,1,0,0,2134226.89144832,163.4,"PostPTME"
"435","63","63_8",15,8,2764380.93778305,-3622166.05811499,0.706433333333333,0.5,0.442583333333333,3622166.05811499,163.4,"PostPTME"
"436","63","63_9",32,2,2164374.27111638,-4218893.55811499,0.552631578947368,0.333333333333333,0.333333333333333,4218893.55811499,163.4,"PostPTME"
"437","63","63_10",12,0,-4027042.39555028,4230106.44188501,0.861428571428571,0.5,0.5,4230106.44188501,163.4,"PostPTME"
"438","63","63_11",44,14,1587625.10444972,4123863.10855168,0.637625,0.548575,0.451425,4123863.10855168,163.4,"PostPTME"
"439","63","63_12",11,9,1814374.27111638,4081106.44188501,0.833333333333333,0.5,0.5,4081106.44188501,163.4,"PostPTME"
"440","64","64_1",33,16,3437031.77111638,-2248803.55811499,0.609327450980392,0.192641666666667,0,2248803.55811499,158.15,"PostPTME"
"441","64","64_2",60,5.5,1351040.10444972,4497583.94188501,0.878546403227034,0.211007343204526,0.296205907172996,4497583.94188501,158.15,"PostPTME"
"442","64","64_3",42,4,1351944.27111638,4773703.10855168,0.594672955974843,0.226902564102564,0.0114817610062893,4773703.10855168,158.15,"PostPTME"
"443","64","64_4",35,18,1931825.93778305,4104238.94188501,0.838963931623932,0.40364898989899,0.343508052749719,4104238.94188501,158.15,"PostPTME"
"444","64","64_5",6,7,2281045.93778305,4452609.77521835,0.794091666666667,0.146758333333333,0.853241666666667,4452609.77521835,158.15,"PostPTME"
"445","64","64_6",29,0,1264374.27111638,3347773.10855168,1,0.666666666666667,0,3347773.10855168,158.15,"PostPTME"
"446","64","64_7",29,1,2742351.77111638,-2904328.55811499,0.763366666666667,0.5,0.381683333333333,2904328.55811499,158.15,"PostPTME"
"447","64","64_8",14,9,2803627.60444972,4736152.27521835,1,0.18501,0.81499,4736152.27521835,158.15,"PostPTME"
"448","64","64_9",17,7.75,3768135.93778305,-952333.558114986,1,0,0.172059340301974,952333.558114986,158.15,"PostPTME"
"449","64","64_10",24.5,7.25,3135315.10444972,-2272621.05811499,1,0.231495945945946,0,2272621.05811499,158.15,"PostPTME"
"450","64","64_11",26,9,3143302.60444972,-1729360.22478165,1,0,0.00293385012919896,1729360.22478165,158.15,"PostPTME"
"451","64","64_12",27,11,1537525.10444972,3906425.60855168,0.4349,0.5651,0.4349,3906425.60855168,158.15,"PostPTME"
"452","64","64_13",46,1,2847707.60444972,-3052226.89144832,0.666666666666667,0.5,0.5,3052226.89144832,158.15,"PostPTME"
"453","65","65_1",62,9,597707.604449718,3547773.10855168,0.709917608151249,0,0.286144463502954,3547773.10855168,152,"PostPTME"
"454","65","65_2",47,8,1347707.60444972,4447773.10855168,0.291666666666667,0.833333333333333,0,4447773.10855168,152,"PostPTME"
"455","65","65_3",75,2,314374.271116385,3814439.77521835,0.395225777494301,0.34640522875817,0.0473653049141503,3814439.77521835,152,"PostPTME"
"456","65","65_4",60,0,1947707.60444972,-4502226.89144832,0,0,0,4502226.89144832,152,"PostPTME"
"457","65","65_5",19,15,2147707.60444972,4181106.44188501,0.833333333333333,0,0,4181106.44188501,152,"PostPTME"
"458","66","66_1",70,8,2305290.93778305,4289189.77521835,1,0.00421940928270043,0.992641432141248,4289189.77521835,146.15,"PostPTME"
"459","66","66_2",5,7,3289869.27111638,2872128.10855168,1,0.423116666666667,0.423116666666667,2872128.10855168,146.15,"PostPTME"
"460","66","66_3",32,0,1522226.77111638,4738039.77521835,0,0,0,4738039.77521835,146.15,"PostPTME"
"461","66","66_4",0,17,2947707.60444972,4514439.77521835,0.833333333333333,0.166666666666667,0.166666666666667,4514439.77521835,146.15,"PostPTME"
"462","67","67_1",18,4,4664374.27111638,6331106.44188501,0,0.5,0,6331106.44188501,140.075,"PostPTME"
"463","67","67_2",19,0,11347707.6044497,5447773.10855168,0.42156862745098,0.666666666666667,0.333333333333333,5447773.10855168,140.075,"PostPTME"
"464","67","67_3",2,13,2964374.27111638,4497773.10855168,1,0.5,0.166666666666667,4497773.10855168,140.075,"PostPTME"
"465","68","68_1",6,17,3047707.60444972,4647773.10855168,0.612648221343874,0.5,0.166666666666667,4647773.10855168,134.825,"PostPTME"
"466","68","68_2",34,12,2221905.10444972,4125872.27521835,0.964536888888889,0.5,0,4125872.27521835,134.825,"PostPTME"
"467","68","68_3",15,0,5364540.93778305,7839356.44188501,0,0.5,0,7839356.44188501,134.825,"PostPTME"
"468","69","69_1",48,11,2230979.27111638,4276953.94188501,0.325588317757009,0.374541666666667,0,4276953.94188501,129.185,"PostPTME"
"469","69","69_2",28,0,-2846550.72888362,-4610140.22478165,0.113958641975309,0.274172305638972,0.0295792978395062,4610140.22478165,129.185,"PostPTME"
"470","69","69_3",22.5,2,-5269034.89555028,5464292.27521835,0.099575,0.500758333333333,0.099575,5464292.27521835,129.185,"PostPTME"
"471","69","69_4",11,9,831040.937783051,3747773.10855168,0.833333333333333,0.333333333333333,0,3747773.10855168,129.185,"PostPTME"
"472","69","69_5",18,0,-3068959.06221695,-3585560.22478165,0,0.5,0,3585560.22478165,129.185,"PostPTME"
"473","69","69_6",36,7,1997707.60444972,4347773.10855168,0.5,0.5,0.5,4347773.10855168,129.185,"PostPTME"
"474","70","70_1",27,9,2164374.27111638,4114439.77521835,0.833333333333333,0.333333333333333,0.333333333333333,4114439.77521835,123.585,"PostPTME"
"475","71","71_1",50,14,1584164.27111638,5090448.10855168,0.148356217948718,0.459883333333333,0.070325,5090448.10855168,117.3,"PostPTME"
"476","71","71_2",44,9,2172960.10444972,4563717.27521835,0.468657608049807,0.512791666666667,0,4563717.27521835,117.3,"PostPTME"
"477","71","71_3",60,0,11997707.6044497,5997773.10855168,0.00128700128700129,0.333333333333333,0.00128700128700129,5997773.10855168,117.3,"PostPTME"
"478","71","71_4",24,1,564374.271116385,-5485560.22478165,0.167441860465116,0.5,0,5485560.22478165,117.3,"PostPTME"
"479","71","71_5",49,1,-4231297.39555028,4056503.94188501,0.5,0.5,0,4056503.94188501,117.3,"PostPTME"
"480","72","72_1",31,4,1535413.43778305,5091769.77521835,0.410858333333333,0.455533333333333,0.321925,5091769.77521835,106.85,"PostPTME"
"481","72","72_2",36,2,-4494000.72888362,4989345.60855168,0.249058333333333,0.376881043956044,0,4989345.60855168,106.85,"PostPTME"
"482","72","72_3",30,1,-4285625.72888362,5081106.44188501,0,0.124908424908425,0,5081106.44188501,106.85,"PostPTME"
"483","72","72_4",46,8,1764374.27111638,4764439.77521835,0,0.666666666666667,0,4764439.77521835,106.85,"PostPTME"
"484","72","72_5",39.5,2,-4686597.39555028,4323626.44188501,0.550474621212121,0.443883703703704,0.003,4323626.44188501,106.85,"PostPTME"
"485","72","72_6",11,0,-5352292.39555028,4564439.77521835,0.833333333333333,0.166666666666667,0.666666666666667,4564439.77521835,106.85,"PostPTME"
"486","72","72_7",39,0,3306919.27111638,1131317.27521835,0.745722456140351,0.141826305220883,0.340522690763052,1131317.27521835,106.85,"PostPTME"
"487","72","72_8",28,4,943999.271116385,5258161.44188501,0.198291666666667,0.249475,0.198291666666667,5258161.44188501,106.85,"PostPTME"
"488","72","72_9",10,3,1972957.60444972,4680939.77521835,0,0.9175,0,4680939.77521835,106.85,"PostPTME"
"489","72","72_10",19,1,-4852292.39555028,4497773.10855168,0.666666666666667,0.333333333333333,0.0952380952380953,4497773.10855168,106.85,"PostPTME"
"490","72","72_11",22,2,-4402292.39555028,-8035560.22478165,0,0.333333333333333,0,8035560.22478165,106.85,"PostPTME"
"491","72","72_12",30,1,-4539434.06221695,4167401.44188501,0.64815,0.35185,0.211642857142857,4167401.44188501,106.85,"PostPTME"
"492","72","72_13",16,1,-5185625.72888362,4131106.44188501,0.833333333333333,0.166666666666667,0,4131106.44188501,106.85,"PostPTME"
"493","72","72_14",22,1,-5297040.72888362,4356765.60855168,0.5,0.5,0.186316666666667,4356765.60855168,106.85,"PostPTME"
"494","72","72_15",21,0,-5091042.39555028,4371939.77521835,0.5,0.5,0,4371939.77521835,106.85,"PostPTME"
"495","72","72_16",16,0,-5368959.06221695,3097773.10855168,0.833333333333333,0.166666666666667,0.833333333333333,3097773.10855168,106.85,"PostPTME"
"496","73","73_1",52,2,-5060517.39555028,4339803.10855168,0.059654594060941,0.454416666666667,0,4339803.10855168,97.2,"PostPTME"
"497","73","73_2",41,1,-6049075.72888362,5020983.10855168,0.00861150283512963,0.777539049811844,0,5020983.10855168,97.2,"PostPTME"
"498","73","73_3",25,0,11414374.2711164,6197773.10855168,0,0,0,6197773.10855168,97.2,"PostPTME"
"499","73","73_4",36,1,11181056.7711164,4801933.10855168,0,0.249508333333333,0,4801933.10855168,97.2,"PostPTME"
"500","73","73_5",44,6,581040.937783051,4864439.77521835,0.666666666666667,0.595238095238095,0,4864439.77521835,97.2,"PostPTME"
"501","73","73_6",15,0,-4652292.39555028,-1118893.55811499,0.455555555555556,0.666666666666667,0,1118893.55811499,97.2,"PostPTME"
"502","73","73_7",13,1,2001771.77111638,3395748.10855168,1,0.0235227272727273,0.348548484848485,3395748.10855168,97.2,"PostPTME"
"503","73","73_8",18,11,747845.104449718,5424845.60855168,0.584264912280702,0.872690476190476,0,5424845.60855168,97.2,"PostPTME"
"504","73","73_9",20,14,657325.104449718,5250333.94188501,0.591589285714286,0.307483333333333,0.217866666666667,5250333.94188501,97.2,"PostPTME"
"505","73","73_10",17.5,3.5,1831102.60444972,5189402.27521835,0.302766666666667,0.250241666666667,0.151383333333333,5189402.27521835,97.2,"PostPTME"
"506","73","73_11",40,0,3206375.10444972,1256899.77521835,0.743870348252989,0.0318,0,1256899.77521835,97.2,"PostPTME"
"507","73","73_12",11,0,-668959.062216949,-1768893.55811499,1,0,0,1768893.55811499,97.2,"PostPTME"
"508","73","73_13",23,0,2181040.93778305,3881106.44188501,1,0,0.666666666666667,3881106.44188501,97.2,"PostPTME"
"509","73","73_14",29,0,1323258.43778305,2755513.94188501,0.5,0.580558333333333,0.419441666666667,2755513.94188501,97.2,"PostPTME"
"510","73","73_15",32.5,6.5,847889.271116385,4864878.94188501,0.4162625,0.468541666666667,0.422554166666667,4864878.94188501,97.2,"PostPTME"
"511","73","73_16",51.75,1,-5233444.89555028,4038958.94188501,0.600108333333333,0.399891666666667,0,4038958.94188501,97.2,"PostPTME"
"512","73","73_17",15,2,-4904400.72888362,5047892.27521835,0.5,0.5,0,5047892.27521835,97.2,"PostPTME"
"513","73","73_18",22,0,1331040.93778305,2514439.77521835,0.333333333333333,0.5,0.5,2514439.77521835,97.2,"PostPTME"
"514","74","74_1",32,1,-6152024.89555028,5056324.77521835,0,0.836503333333333,0,5056324.77521835,91.85,"PostPTME"
"515","74","74_2",22,0,3118118.43778305,1307355.60855168,0.89490524691358,0.07,0.07,1307355.60855168,91.85,"PostPTME"
"516","74","74_3",60,1,-6754349.89555028,5716219.77521835,0.16050625,0.2715,0.14465,5716219.77521835,91.85,"PostPTME"
"517","74","74_4",20,0,-6885625.72888362,5297773.10855168,0,0.5,0,5297773.10855168,91.85,"PostPTME"
"518","74","74_5",15,1,698153.437783051,4574018.94188501,0.718583333333333,0.281416666666667,0.659733333333333,4574018.94188501,91.85,"PostPTME"
"519","74","74_6",22,0,-6018959.06221695,4814439.77521835,0,0.333333333333333,0,4814439.77521835,91.85,"PostPTME"
"520","74","74_7",11,0,-5068959.06221695,5131106.44188501,0.5,0.5,0.166666666666667,5131106.44188501,91.85,"PostPTME"
"521","74","74_8",24,0,-844209.062216949,-1885726.89144832,1,0,0,1885726.89144832,91.85,"PostPTME"
"522","74","74_9",22,7,1781040.93778305,5147773.10855168,0.132183908045977,0,0,5147773.10855168,91.85,"PostPTME"
"523","74","74_10",19,3,731110.104449718,4814387.27521835,0.625016666666667,0.5,0.5,4814387.27521835,91.85,"PostPTME"
"524","74","74_11",15,0,1897707.60444972,3464439.77521835,0.666666666666667,0.333333333333333,0.666666666666667,3464439.77521835,91.85,"PostPTME"
"525","74","74_12",12,1,-5752292.39555028,5581106.44188501,0.166666666666667,0.5,0,5581106.44188501,91.85,"PostPTME"
"526","75","75_1",44,0,-6794819.06221695,5773023.10855168,0.178,0.318516666666667,0.178,5773023.10855168,87.75,"PostPTME"
"527","75","75_2",14,0,731040.937783051,3964439.77521835,0.833333333333333,0,0.186274509803922,3964439.77521835,87.75,"PostPTME"
"528","75","75_3",17,0,596707.604449718,4532106.44188501,0.578333333333333,0.5,0.421666666666667,4532106.44188501,87.75,"PostPTME"
"529","75","75_4",8,0,1844954.27111638,3336112.27521835,0.946033333333333,0.846198148148148,0,3336112.27521835,87.75,"PostPTME"
"530","76","76_1",24,2,681040.937783051,3914439.77521835,1,0,0.347099311701081,3914439.77521835,84.65,"PostPTME"
"531","76","76_2",25,0,10764374.2711164,4831106.44188501,0.166666666666667,0.342696629213483,0.166666666666667,4831106.44188501,84.65,"PostPTME"
"532","76","76_3",36,1,-6834280.72888362,5782373.94188501,0,0.261283333333333,0,5782373.94188501,84.65,"PostPTME"
"533","76","76_4",12,0,1825505.93778305,3280858.94188501,0.984298387096774,0.788628067426401,0.0235866089207487,3280858.94188501,84.65,"PostPTME"
"534","76","76_5",11,0,-5652292.39555028,5331106.44188501,0.0833333333333333,1,0,5331106.44188501,84.65,"PostPTME"
"535","76","76_6",0,10,7547707.60444972,-6818893.55811499,0.5,1,0,6818893.55811499,84.65,"PostPTME"
"536","76","76_7",31,1,-5602292.39555028,4297773.10855168,0.5,0,0,4297773.10855168,84.65,"PostPTME"
"537","77","77_1",30,1,-5438288.22888362,5989788.10855168,0.12257625,0.880833333333333,0,5989788.10855168,77.9,"PostPTME"
"538","77","77_2",24,1,-5900689.89555028,4364475.60855168,0.833674019607843,0.176841666666667,0.195248076923077,4364475.60855168,77.9,"PostPTME"
"539","77","77_3",60,0,-3443587.39555028,4759089.77521835,0.16765,0.128766666666667,0,4759089.77521835,77.9,"PostPTME"
"540","77","77_4",63,0.5,-4774436.56221695,4648801.44188501,0.225525,0.4339,0.138558333333333,4648801.44188501,77.9,"PostPTME"
"541","77","77_5",28,6,1031040.93778305,5114439.77521835,0.5,0.333333333333333,0,5114439.77521835,77.9,"PostPTME"
"542","77","77_6",37,1,-6902292.39555028,5781106.44188501,0,0,0,5781106.44188501,77.9,"PostPTME"
"543","77","77_7",32.5,0,-5293345.72888362,6624979.77521835,0,0.527446436314363,0,6624979.77521835,77.9,"PostPTME"
"544","77","77_8",28,0,-10868959.0622169,-6368893.55811499,0.166666666666667,0.166666666666667,0,6368893.55811499,77.9,"PostPTME"
"545","77","77_9",18,0,1798191.77111638,3185385.60855168,0.969280917874396,0.458037604005015,0.307294950764609,3185385.60855168,77.9,"PostPTME"
"546","77","77_10",16,2,397707.604449718,3547773.10855168,0.894308943089431,0,0.291666666666667,3547773.10855168,77.9,"PostPTME"
"547","77","77_11",28,0,-7049003.22888362,5181490.60855168,0,0.29150388640873,0,5181490.60855168,77.9,"PostPTME"
"548","77","77_12",26,0,-4785625.72888362,4331106.44188501,0.5,0.666666666666667,0,4331106.44188501,77.9,"PostPTME"
"549","77","77_13",12,3,464374.271116385,4364439.77521835,0.666666666666667,0.333333333333333,0.333333333333333,4364439.77521835,77.9,"PostPTME"
"550","77","77_14",32,0,-5745687.39555028,5745955.60855168,0.398583333333333,0.441408333333333,0,5745955.60855168,77.9,"PostPTME"
"551","77","77_15",24,0,-7052292.39555028,5531106.44188501,0.166666666666667,0.5,0.166666666666667,5531106.44188501,77.9,"PostPTME"
"552","77","77_16",24,0,1847707.60444972,-5402226.89144832,0,0.5,0,5402226.89144832,77.9,"PostPTME"
"553","77","77_17",51,1,-3998709.06221695,4344606.44188501,0.075268817204301,0,0,4344606.44188501,77.9,"PostPTME"
"554","77","77_18",22,1.25,-4970358.22888362,4428933.10855168,0.5,0.5,0.0740166666666667,4428933.10855168,77.9,"PostPTME"
"555","77","77_19",0,17,564374.271116385,5247773.10855168,0.833333333333333,0.5,0.166666666666667,5247773.10855168,77.9,"PostPTME"
"556","77","77_20",40,4,297765.104449718,3999877.27521835,0.56245,0.43755,0.56245,3999877.27521835,77.9,"PostPTME"
"557","77","77_21",24,1,-5368959.06221695,6414439.77521835,0.5,0.5,0,6414439.77521835,77.9,"PostPTME"
"558","77","77_22",54,0,-5022617.39555028,6152437.27521835,0.5,0.5,0,6152437.27521835,77.9,"PostPTME"
"559","78","78_1",77,1,-6124187.39555028,4608989.77521835,0.0747840320708172,0.24975,0,4608989.77521835,69.1,"PostPTME"
"560","78","78_2",87.5,1,-5233219.89555028,4550358.94188501,0.347228337235345,0.634189188034188,0.0273833333333333,4550358.94188501,69.1,"PostPTME"
"561","78","78_3",66,0,-4492825.72888362,4359637.27521835,0.156841666666667,0.316825,0,4359637.27521835,69.1,"PostPTME"
"562","78","78_4",89,0,-4018959.06221695,4814439.77521835,0.166666666666667,0.333333333333333,0,4814439.77521835,69.1,"PostPTME"
"563","78","78_5",33,0,-5285625.72888362,-4752226.89144832,0.333333333333333,0.333333333333333,0,4752226.89144832,69.1,"PostPTME"
"564","78","78_6",28,0,-5106107.39555028,-7055349.39144832,0,0.487050476190476,0,7055349.39144832,69.1,"PostPTME"
"565","78","78_7",58,2,397707.604449718,3881106.44188501,1,0,0,3881106.44188501,69.1,"PostPTME"
"566","78","78_8",77,0,1814374.27111638,4997773.10855168,0.652647975077882,0.166666666666667,0,4997773.10855168,69.1,"PostPTME"
"567","78","78_9",86,34,667434.271116385,4957633.10855168,0.575983333333333,0.572025,0.143908333333333,4957633.10855168,69.1,"PostPTME"
"568","78","78_10",33,0,-5652292.39555028,6047773.10855168,0.166666666666667,0.833333333333333,0,6047773.10855168,69.1,"PostPTME"
"569","78","78_11",26,1,-9313345.72888361,4613337.27521835,0.353575,0.590725,0.0902916666666667,4613337.27521835,69.1,"PostPTME"
"570","78","78_12",54,0,-4902292.39555028,-5468893.55811499,0.0327868852459016,0,0,5468893.55811499,69.1,"PostPTME"
"571","78","78_13",61,0,2572610.10444972,1072932.27521835,0.0785166666666666,0.5,0,1072932.27521835,69.1,"PostPTME"
"572","78","78_14",31,0,-4853877.39555028,-4908500.22478165,0.362395097146327,0.715375,0.076625,4908500.22478165,69.1,"PostPTME"
"573","78","78_15",25,0,-4968959.06221695,-4668893.55811499,0.583076203833567,0.398604401502952,0,4668893.55811499,69.1,"PostPTME"
"574","78","78_16",99,3,-3785625.72888362,4864439.77521835,0,0.166666666666667,0,4864439.77521835,69.1,"PostPTME"
"575","78","78_17",44,1,-7420831.56221695,5740928.10855168,0.00125873015873016,0.5,0,5740928.10855168,69.1,"PostPTME"
"576","78","78_18",24,0,4881040.93778305,364439.775218347,0.401960784313725,0.352941176470588,0.450980392156863,364439.775218347,69.1,"PostPTME"
"577","78","78_19",18,7,4514374.27111638,5481106.44188501,0.333333333333333,0.666666666666667,0,5481106.44188501,69.1,"PostPTME"
"578","78","78_20",15,0,-6568959.06221695,2864439.77521835,0.666666666666667,0.5,0.333333333333333,2864439.77521835,69.1,"PostPTME"
"579","78","78_21",58,0,-5285625.72888362,6147773.10855168,0.166666666666667,0.333333333333333,0,6147773.10855168,69.1,"PostPTME"
"580","79","79_1",16,0,-5336459.06221695,4180273.10855168,0.8625,0.0791666666666667,0,4180273.10855168,63.83,"PostPTME"
"581","79","79_2",30,2,-5469614.89555028,4301142.27521835,0.494861309523809,0.380965725033989,0,4301142.27521835,63.83,"PostPTME"
"582","79","79_3",17,1,2570267.60444972,1169833.94188501,0.60671358974359,0.595025,0.0165974358974359,1169833.94188501,63.83,"PostPTME"
"583","79","79_4",24,0,-6498025.72888362,4394213.10855168,0.302906111111111,0.127430769230769,0.115266666666667,4394213.10855168,63.83,"PostPTME"
"584","79","79_5",25,0,-5430209.06221695,4613689.77521835,0.5,0.5,0.164166666666667,4613689.77521835,63.83,"PostPTME"
"585","79","79_6",24,2,-4018959.06221695,4797773.10855168,0,0.166666666666667,0,4797773.10855168,63.83,"PostPTME"
"586","80","80_1",26,2,-4476108.22888362,4661186.44188501,0.353884615384615,0.249616666666667,0.21795,4661186.44188501,58.83,"PostPTME"
"587","80","80_2",44,2,-7821880.72888362,5053029.77521835,0.0750833333333333,0.120632723577236,0,5053029.77521835,58.83,"PostPTME"
"588","80","80_3",39.25,2,-7801068.22888362,5628071.44188501,0.178725,0.567588541666667,0.0989083333333333,5628071.44188501,58.83,"PostPTME"
"589","80","80_4",28,0,-6545034.89555028,4313702.27521835,0.22865,0.311158333333333,0.08345,4313702.27521835,58.83,"PostPTME"
"590","80","80_5",28,2.5,-5558329.06221695,4176844.77521835,0.313055555555556,0.145583333333333,0.0727583333333333,4176844.77521835,58.83,"PostPTME"
"591","80","80_6",25,0,-6170763.22888362,4335336.44188501,0.145525,0.563741666666667,0,4335336.44188501,58.83,"PostPTME"
"592","81","81_1",48,2,97128.4377830513,5211901.44188501,0.158625,0.745396118721461,0.158625,5211901.44188501,52.035,"PostPTME"
"593","81","81_2",42.5,2,306047.604449718,4289434.77521835,0.624558333333333,0.626208333333333,0.373791666666667,4289434.77521835,52.035,"PostPTME"
"594","81","81_3",46,0,-5963625.72888362,4123773.10855168,0.333333333333333,0.333333333333333,0.0933333333333333,4123773.10855168,52.035,"PostPTME"
"595","81","81_4",11,5,-5735625.72888362,-5568893.55811499,0.568627450980392,1,0,5568893.55811499,52.035,"PostPTME"
"596","81","81_5",22,13,-12468959.0622169,-5602226.89144832,0.175757575757576,1,0,5602226.89144832,52.035,"PostPTME"
"597","81","81_6",39,2,-8108214.06221695,4926043.10855168,0,0.755928888888889,0,4926043.10855168,52.035,"PostPTME"
"598","81","81_7",43,0,-7818959.06221695,5964439.77521835,0,0.60609756097561,0,5964439.77521835,52.035,"PostPTME"
"599","81","81_8",47.5,1,-8131449.06221695,5414353.10855168,0,0.498466666666667,0,5414353.10855168,52.035,"PostPTME"
"600","81","81_9",26,0,-4820770.72888362,4529543.94188501,0.42735,0.52255,0.33215,4529543.94188501,52.035,"PostPTME"
"601","81","81_10",134,0,317062.604449718,4980299.77521835,0.560263888888889,0.5,0.427683333333333,4980299.77521835,52.035,"PostPTME"
"602","81","81_11",43,1,-8362225.72888361,4800948.94188501,0.211491666666667,0.788508333333333,0,4800948.94188501,52.035,"PostPTME"
"603","82","82_1",58.25,0,-7081744.89555028,4040252.27521835,0.338890476190476,0.311262962962963,0,4040252.27521835,44.55,"PostPTME"
"604","82","82_2",40,3,-5635625.72888362,3997773.10855168,1,0.717777777777778,0.175555555555556,3997773.10855168,44.55,"PostPTME"
"605","82","82_3",33,1,-8598710.72888361,4712043.10855168,0.2352,0.39786940760389,0.2352,4712043.10855168,44.55,"PostPTME"
"606","82","82_4",53,0,-61114.0622169487,5309664.77521835,0.2831,0.42385,0.256608333333333,5309664.77521835,44.55,"PostPTME"
"607","82","82_5",23,0,-7630420.72888362,3601510.60855168,0.10545,0.325558333333333,0,3601510.60855168,44.55,"PostPTME"
"608","82","82_6",204,3,197705.104449718,5114582.27521835,0.538039583333333,0.373091666666667,0.373091666666667,5114582.27521835,44.55,"PostPTME"
"609","82","82_7",107,3,-9768650.72888361,4139931.44188501,0.078575,0.156826525327581,0,4139931.44188501,44.55,"PostPTME"
"610","82","82_8",35,0,-8304303.22888362,5752873.94188501,0.5,0.5,0.351941666666667,5752873.94188501,44.55,"PostPTME"
"611","82","82_9",23,0,-8604116.56221695,4939250.60855168,0.247883333333333,0.305316666666667,0,4939250.60855168,44.55,"PostPTME"
"612","82","82_10",59,2,-7846709.06221695,6131106.44188501,0.268583333333333,0.5925,0,6131106.44188501,44.55,"PostPTME"
"613","82","82_11",23,0,-8602292.39555028,5181106.44188501,0.333333333333333,0.333333333333333,0,5181106.44188501,44.55,"PostPTME"
"614","82","82_12",29,3,-5440883.22888362,4123654.77521835,0.748733333333333,0.431691666666667,0,4123654.77521835,44.55,"PostPTME"
"615","82","82_13",49,0,-6418959.06221695,3931106.44188501,0.166666666666667,0.166666666666667,0,3931106.44188501,44.55,"PostPTME"
"616","82","82_14",36,1,1447707.60444972,4714439.77521835,0.666666666666667,0.333333333333333,0,4714439.77521835,44.55,"PostPTME"
"617","83","83_1",182.75,1,149145.937783051,5225144.77521835,0.254925,0.431725,0.254925,5225144.77521835,39.37,"PostPTME"
"618","83","83_2",56,0,-6641200.72888362,3993123.10855168,0.185713888888889,0.318391666666667,0.0478833333333333,3993123.10855168,39.37,"PostPTME"
"619","83","83_3",51,5,-5885219.89555028,3995318.94188501,0.531483695652174,0.109783333333333,0.109783333333333,3995318.94188501,39.37,"PostPTME"
"620","83","83_4",33,6,-5585797.39555028,4104099.77521835,0.910975,0.834191666666667,0.089025,4104099.77521835,39.37,"PostPTME"
"621","83","83_5",71,2,-152292.395550282,5397773.10855168,0,0.333333333333333,0,5397773.10855168,39.37,"PostPTME"
"622","83","83_6",17,0,2637104.27111638,2476604.77521835,0.853333333333333,0.146666666666667,0.146666666666667,2476604.77521835,39.37,"PostPTME"
"623","83","83_7",45,0,-13438284.0622169,-5803982.72478165,0.157945,0.751098232323232,0.107458333333333,5803982.72478165,39.37,"PostPTME"
"624","83","83_8",47,3,-8252545.72888362,5988728.10855168,0.242875,0.536861458333333,0.149883333333333,5988728.10855168,39.37,"PostPTME"
"625","83","83_9",16,0,-7768959.06221695,3614439.77521835,0.5,0.5,0,3614439.77521835,39.37,"PostPTME"
"626","83","83_10",58,0,-7197761.56221695,3985653.94188501,0.430283333333333,0.411916666666667,0.01625,3985653.94188501,39.37,"PostPTME"
"627","83","83_11",20,0,1731040.93778305,4764439.77521835,0.833333333333333,0,0,4764439.77521835,39.37,"PostPTME"
"628","84","84_1",29,0,-6252292.39555028,797773.10855168,0,0,0,797773.10855168,35.805,"PostPTME"
"629","84","84_2",36,0,-6337192.39555028,3557678.94188501,0.896933333333333,0.405558333333333,0.405558333333333,3557678.94188501,35.805,"PostPTME"
"630","84","84_3",57,1,-8413519.89555028,5903863.10855168,0.331440821917808,0.408788374485597,0.0146333333333333,5903863.10855168,35.805,"PostPTME"
"631","84","84_4",57,0,-168542.395550282,5489652.27521835,0.0639905209557384,0.193366666666667,0,5489652.27521835,35.805,"PostPTME"
"632","84","84_5",26,0,2646268.43778305,2674063.10855168,0.504395110576923,0.514901958333333,0.236405333333333,2674063.10855168,35.805,"PostPTME"
"633","84","84_6",32.25,1,-6843868.22888362,-1085778.55811499,0.19378125,0.29003125,0,1085778.55811499,35.805,"PostPTME"
"634","84","84_7",28,0,-8991209.06221695,4589835.60855168,0.243683333333333,0.419376,0.243683333333333,4589835.60855168,35.805,"PostPTME"
"635","84","84_8",18,0,10964374.2711164,5981106.44188501,0.142857142857143,0.447368421052632,0,5981106.44188501,35.805,"PostPTME"
"636","84","84_9",23,0,10781040.9377831,4814439.77521835,0,0.333333333333333,0,4814439.77521835,35.805,"PostPTME"
"637","84","84_10",40,0,1714374.27111638,4881106.44188501,0.977777777777778,0,0,4881106.44188501,35.805,"PostPTME"
"638","84","84_11",32,0,2135713.43778305,4462123.10855168,0.5,0.385566666666667,0.385566666666667,4462123.10855168,35.805,"PostPTME"
"639","84","84_12",30,0,2014374.27111638,4331106.44188501,0.5,0.333333333333333,0.333333333333333,4331106.44188501,35.805,"PostPTME"
"640","84","84_13",42,0,-6990636.56221695,3981933.10855168,0.382383333333333,0.434966666666667,0,3981933.10855168,35.805,"PostPTME"
"641","85","85_1",78.5,0,-7000068.22888362,3964730.60855168,0.259663096903176,0.74944674178807,0.0439833333333333,3964730.60855168,30.6,"PostPTME"
"642","85","85_2",30,0,-8651434.06221695,5948183.94188501,0.337286612903226,0.765723295132994,0.073125,5948183.94188501,30.6,"PostPTME"
"643","85","85_3",26.5,0,-6574048.22888362,3459706.44188501,0.791675,0.402033333333333,0,3459706.44188501,30.6,"PostPTME"
"644","85","85_4",48,0,-6594987.39555028,3745041.44188501,0.8253,0.27415,0,3745041.44188501,30.6,"PostPTME"
"645","85","85_5",25,0,11497707.6044497,5747773.10855168,0.333333333333333,0.333333333333333,0,5747773.10855168,30.6,"PostPTME"
"646","85","85_6",79.25,0,294084.271116385,5647953.10855168,0.243525,0.332433333333333,0.243525,5647953.10855168,30.6,"PostPTME"
"647","85","85_7",27,1,10864374.2711164,4781106.44188501,0,0.249174917491749,0,4781106.44188501,30.6,"PostPTME"
"648","86","86_1",44,2,-8839579.89555028,5905165.60855168,0.102624019607843,0.674369294068505,0,5905165.60855168,25.17,"PostPTME"
"649","86","86_2",21,0,-7067802.39555028,3938833.10855168,0.796974074074074,0.499433333333333,0.19565,3938833.10855168,25.17,"PostPTME"
"650","86","86_3",37,13,-14027434.8955503,-5758799.39144832,0.268856972121503,0.214891666666667,0,5758799.39144832,25.17,"PostPTME"
"651","86","86_4",29,0,1131374.27111638,5422856.44188501,0,0.333333333333333,0,5422856.44188501,25.17,"PostPTME"
"652","86","86_5",30,0,10597707.6044497,6481106.44188501,0,0.911764705882353,0,6481106.44188501,25.17,"PostPTME"
"653","86","86_6",49,0,-6002292.39555028,4197773.10855168,0.5,0.166666666666667,0,4197773.10855168,25.17,"PostPTME"
"654","86","86_7",1,22,-6852292.39555028,5281106.44188501,0.5,1,0,5281106.44188501,25.17,"PostPTME"
"655","86","86_8",55,0,-6788757.39555028,3418901.44188501,1,0,0,3418901.44188501,25.17,"PostPTME"
"656","86","86_9",39,0,-6833479.89555028,3765803.10855168,1,0,0,3765803.10855168,25.17,"PostPTME"
"657","87","87_1",44,0,-8935625.72888361,5997773.10855168,0.166666666666667,0.5,0,5997773.10855168,19.51,"PostPTME"
"658","87","87_2",31,1,-9311391.56221695,5717797.27521835,0.308283333333333,0.308283333333333,0,5717797.27521835,19.51,"PostPTME"
"659","87","87_3",31,1,-6155779.89555028,4251192.27521835,0.905759803921569,0.564373563218391,0.338916666666667,4251192.27521835,19.51,"PostPTME"
"660","87","87_4",53,1,-9636774.06221695,4436002.27521835,0.174169763353617,0.0891666666666667,0,4436002.27521835,19.51,"PostPTME"
"661","87","87_5",33,6.5,7467034.27111638,-5051958.55811499,0,0.0716333333333333,0.0833333333333333,5051958.55811499,19.51,"PostPTME"
"662","87","87_6",63,0,8131040.93778305,2164439.77521835,0.166666666666667,0.166666666666667,0,2164439.77521835,19.51,"PostPTME"
"663","87","87_7",20,0,11731040.9377831,-5702226.89144832,0,0.166666666666667,0,5702226.89144832,19.51,"PostPTME"
"664","87","87_8",142,1,-124264.895550282,4990773.94188501,0.523706666666667,0.290616666666667,0.523706666666667,4990773.94188501,19.51,"PostPTME"
"665","87","87_9",58,0,-5857625.72888361,4691939.77521835,0,0.0954545454545454,0,4691939.77521835,19.51,"PostPTME"
"666","87","87_10",49,0,-6412283.22888362,1155253.94188501,0.0813333333333333,0.244839504750526,0.0813333333333333,1155253.94188501,19.51,"PostPTME"
"667","87","87_11",48,0,-4057470.72888362,-466581.89144832,0.649141666666667,0.0756833333333333,0.0756833333333333,466581.89144832,19.51,"PostPTME"
"668","87","87_12",171,2,-7019613.22888362,3789214.77521835,0.553666666666667,0.326583333333333,0,3789214.77521835,19.51,"PostPTME"
"669","87","87_13",35.25,6,-5444072.39555028,-5935801.05811499,0,0.649282222222222,0,5935801.05811499,19.51,"PostPTME"
"670","87","87_14",15,6,10514374.2711164,-5085560.22478165,1,0,0,5085560.22478165,19.51,"PostPTME"
"671","87","87_15",24,0,-3602292.39555028,-718893.558114986,0.5,0,0,718893.558114986,19.51,"PostPTME"
"672","87","87_16",20,0,-10306292.3955503,4190439.77521835,0,0,0,4190439.77521835,19.51,"PostPTME"
"673","87","87_17",34,5,1397707.60444972,5364439.77521835,0.666666666666667,0.5,0.5,5364439.77521835,19.51,"PostPTME"
"674","87","87_18",45,0,370300.104449718,5819080.60855168,0.445,0.445,0.445,5819080.60855168,19.51,"PostPTME"
"675","87","87_19",55,1,-6802292.39555028,3414439.77521835,0.5,0.5,0,3414439.77521835,19.51,"PostPTME"
"676","88","88_1",45,1,-6106925.72888362,4686850.60855168,0,0.228567612659099,0,4686850.60855168,13.805,"PostPTME"
"677","88","88_2",83.5,0,-81810.7288836154,5096034.77521835,0.418908333333333,0.466466666666667,0.285241666666667,5096034.77521835,13.805,"PostPTME"
"678","88","88_3",64,3,1261409.27111638,5499944.77521835,0.151093949579832,0.177296666666667,0.103725865704772,5499944.77521835,13.805,"PostPTME"
"679","88","88_4",67,0,11236671.7711164,4645907.27521835,0,0.018880588235294,0,4645907.27521835,13.805,"PostPTME"
"680","88","88_5",25,5,14374.2711163846,-5252226.89144832,0,1,0,5252226.89144832,13.805,"PostPTME"
"681","88","88_6",107,16,1579707.60444972,5790106.44188501,0.893939393939394,0.497055555555556,0.179487654320988,5790106.44188501,13.805,"PostPTME"
"682","88","88_7",98,5,1931040.93778305,5014439.77521835,0.0322243147101904,0,0.0322243147101904,5014439.77521835,13.805,"PostPTME"
"683","88","88_8",12,4,1712898.43778305,5279625.60855168,1,0,0.0663176470588235,5279625.60855168,13.805,"PostPTME"
"684","88","88_9",21,0,11664374.2711164,5497773.10855168,0,0,0,5497773.10855168,13.805,"PostPTME"
"685","88","88_10",36,0,2064374.27111638,5531106.44188501,0.666666666666667,0.166666666666667,0.666666666666667,5531106.44188501,13.805,"PostPTME"
"686","88","88_11",33,0,-6368959.06221695,2314439.77521835,0.673202614379085,0,0.339869281045752,2314439.77521835,13.805,"PostPTME"
"687","88","88_12",29,6,11497707.6044497,4914439.77521835,0.333333333333333,0.333333333333333,0,4914439.77521835,13.805,"PostPTME"
"688","88","88_13",32,0,-9818959.06221695,4331106.44188501,0,0,0,4331106.44188501,13.805,"PostPTME"
"689","88","88_14",84,1,-7228424.89555028,3839782.27521835,0.5,0.5,0,3839782.27521835,13.805,"PostPTME"
"690","88","88_15",14,2,-185625.728883615,5547773.10855168,0.5,0.5,0.5,5547773.10855168,13.805,"PostPTME"
"691","88","88_16",35,4,14374.2711163846,5397773.10855168,0.5,0.5,0.5,5397773.10855168,13.805,"PostPTME"
"692","89","89_1",43,2,-441679.895550282,3983872.27521835,0.56939375,0,0.534424566135084,3983872.27521835,8.4815,"PostPTME"
"693","89","89_2",24.5,0,-11895900.7288836,6714439.77521835,0,0,0,6714439.77521835,8.4815,"PostPTME"
"694","89","89_3",37,1,-5268945.72888362,-5323141.89144832,0,0.0555074074074074,0,5323141.89144832,8.4815,"PostPTME"
"695","89","89_4",52,1,-6358889.89555028,4564449.77521835,0.2409,0.467091666666667,0,4564449.77521835,8.4815,"PostPTME"
"696","89","89_5",98,0,-7528529.89555028,1021816.44188501,0.179992048401037,0.227991666666667,0,1021816.44188501,8.4815,"PostPTME"
"697","89","89_6",98,0,-6529741.56221695,2378856.44188501,0.114038569267998,0.467040646407619,0.12481673638926,2378856.44188501,8.4815,"PostPTME"
"698","89","89_7",52,0,-6493964.06221695,1239628.10855168,0.282791666666667,0.5,0.282791666666667,1239628.10855168,8.4815,"PostPTME"
"699","89","89_8",54,1,-131302.395550282,4220317.27521835,1,0,1,4220317.27521835,8.4815,"PostPTME"
"700","89","89_9",58,1,897707.604449718,5114439.77521835,0.262411347517731,0.886524822695035,0.113475177304965,5114439.77521835,8.4815,"PostPTME"
"701","89","89_10",49.25,1,-10070710.7288836,4351874.77521835,0.227983333333333,0.264666666666667,0.0461166666666667,4351874.77521835,8.4815,"PostPTME"
"702","89","89_11",20,5,1214374.27111638,4297773.10855168,1,0.333333333333333,1,4297773.10855168,8.4815,"PostPTME"
"703","89","89_12",11,11,714374.271116385,5247773.10855168,0.333333333333333,0.833333333333333,0.166666666666667,5247773.10855168,8.4815,"PostPTME"
"704","89","89_13",72,3,-10056158.2288836,4614217.27521835,0.289366666666667,0.512543939393939,0,4614217.27521835,8.4815,"PostPTME"
"705","89","89_14",44,0,11314374.2711164,214439.775218347,0.283950617283951,0.5,0,214439.775218347,8.4815,"PostPTME"
"706","89","89_15",26,5,11797707.6044497,4914439.77521835,0,0.166666666666667,0,4914439.77521835,8.4815,"PostPTME"
"707","89","89_16",31,0,10314374.2711164,-835560.224781653,0.5,0.5,0.5,835560.224781653,8.4815,"PostPTME"
"708","89","89_17",49,1,-9485625.72888361,5831106.44188501,0.5,0.5,0,5831106.44188501,8.4815,"PostPTME"
"709","90","90_1",26,0,-10242420.7288836,3473214.77521835,0,0.206633333333333,0,3473214.77521835,3.9565,"PostPTME"
"710","90","90_2",77,0,-10218815.7288836,4027048.94188501,0,0.250108333333333,0,4027048.94188501,3.9565,"PostPTME"
"711","90","90_3",17,0,-9985625.72888361,3397773.10855168,0.166666666666667,0.5,0.166666666666667,3397773.10855168,3.9565,"PostPTME"
"712","90","90_4",39.5,1,956105.104449718,5189490.60855168,0.249716666666667,0.249716666666667,0.249716666666667,5189490.60855168,3.9565,"PostPTME"
"713","90","90_5",57,0,11814374.2711164,5031106.44188501,0.166666666666667,0.333333333333333,0.166666666666667,5031106.44188501,3.9565,"PostPTME"
"714","90","90_6",56,4,-6559406.56221695,2423961.44188501,0.0889879562043796,0.730520833333333,0.0777385620915033,2423961.44188501,3.9565,"PostPTME"
"715","90","90_7",97,2,-6502292.39555028,4581106.44188501,0,0.010989010989011,0,4581106.44188501,3.9565,"PostPTME"
"716","90","90_8",63,0,-5752292.39555028,1297773.10855168,0.166666666666667,0.166666666666667,0,1297773.10855168,3.9565,"PostPTME"
"717","90","90_9",65,0,-7532054.06221695,57895.6085516804,0,0.386473188405797,0,57895.6085516804,3.9565,"PostPTME"
"718","90","90_10",67,1,-6866464.06221695,4211937.27521835,0.314166666666667,0.0838333333333333,0,4211937.27521835,3.9565,"PostPTME"
"719","90","90_11",110,0,-7787637.39555028,1197976.44188501,0.00631169724770643,0.377642578563412,0.00823217948717948,1197976.44188501,3.9565,"PostPTME"
"720","90","90_12",33.5,0,-7246399.06221695,3302748.10855168,0.411300314465409,0.388833333333333,0.349516666666667,3302748.10855168,3.9565,"PostPTME"
"721","90","90_13",139,6,329825.104449718,6035513.10855168,0,0.144508333333333,0,6035513.10855168,3.9565,"PostPTME"
"722","90","90_14",28,2,-10319004.0622169,5039403.10855168,0.249916666666667,0.593233333333333,0.157133333333333,5039403.10855168,3.9565,"PostPTME"
"723","90","90_15",97.5,3,-10272733.2288836,4277611.44188501,0.133791666666667,0.0818223836730209,0.0485,4277611.44188501,3.9565,"PostPTME"
"724","90","90_16",100.5,0.75,678897.604449718,5302743.10855168,0.379441666666667,0.51,0.379441666666667,5302743.10855168,3.9565,"PostPTME"
"725","90","90_17",50,1,-10268969.8955503,4539425.60855168,0.097775,0.097775,0.097775,4539425.60855168,3.9565,"PostPTME"
"726","90","90_18",9,7,16714374.2711164,-2118893.55811499,0.153846153846154,0.5,0.166666666666667,2118893.55811499,3.9565,"PostPTME"
"727","90","90_19",12,11,-168959.062216949,4531106.44188501,0.333333333333333,0.333333333333333,0.333333333333333,4531106.44188501,3.9565,"PostPTME"
"728","90","90_20",35,0,-75065.7288836154,5622891.44188501,0.5,0.5,0.5,5622891.44188501,3.9565,"PostPTME"
"729","90","90_21",63,0,-6585625.72888362,4397773.10855168,0.5,0,0,4397773.10855168,3.9565,"PostPTME"
"730","90","90_22",103,0,-5985625.72888362,1281106.44188501,0,0.333333333333333,0,1281106.44188501,3.9565,"PostPTME"
"731","91","91_1",123,0,-6860184.06221695,4248281.44188501,0.569891666666667,0.430108333333333,6.25428784489187e-05,4248281.44188501,1.296,"PostPTME"
"732","91","91_2",21,1,11397707.6044497,4414439.77521835,0,0,0,4414439.77521835,1.296,"PostPTME"
"733","91","91_3",34,0,-7435625.72888362,2847773.10855168,0.866666666666667,0.333333333333333,0.333333333333333,2847773.10855168,1.296,"PostPTME"
"734","91","91_4",144.5,4,-10401237.3955503,4166042.27521835,0.193925,0.249129353277693,0.130560174953959,4166042.27521835,1.296,"PostPTME"
"735","91","91_5",32,0,-5735625.72888362,4031106.44188501,0,0,0,4031106.44188501,1.296,"PostPTME"
"736","91","91_6",13,0,-5818959.06221695,5331106.44188501,0.166666666666667,0,0,5331106.44188501,1.296,"PostPTME"
"737","91","91_7",32.5,0,3756040.93778305,1939381.44188501,1,0,0.592589583333333,1939381.44188501,1.296,"PostPTME"
"738","91","91_8",13,0,3131040.93778305,3614439.77521835,1,0.0350877192982457,0.864035087719298,3614439.77521835,1.296,"PostPTME"
"739","91","91_9",36,0,3047707.60444972,3464439.77521835,1,0,0.666666666666667,3464439.77521835,1.296,"PostPTME"
"740","91","91_10",24,0,-14635625.7288836,2731106.44188501,1,0,1,2731106.44188501,1.296,"PostPTME"
"741","91","91_11",88,0,-6678108.22888362,4390513.94188501,0.260741666666667,0,0.112883333333333,4390513.94188501,1.296,"PostPTME"
"742","91","91_12",28,1,-1252292.39555028,3597773.10855168,0.361666666666667,0,0,3597773.10855168,1.296,"PostPTME"
"743","91","91_13",34,6,10247707.6044497,-4085560.22478165,0.186046511627907,0,0,4085560.22478165,1.296,"PostPTME"
"744","91","91_14",63.5,0,4093595.10444972,1514302.27521835,1,0,1,1514302.27521835,1.296,"PostPTME"
"745","91","91_15",30,0,-10511932.3955503,4655638.94188501,0.342,0.45615,0,4655638.94188501,1.296,"PostPTME"
"746","91","91_16",49,1,-10426862.3955503,5035876.44188501,0.420966666666667,0.420966666666667,0.08315,5035876.44188501,1.296,"PostPTME"
"747","91","91_17",12,0,1314374.27111638,-2885560.22478165,0.166666666666667,0,0,2885560.22478165,1.296,"PostPTME"
"748","91","91_18",49,0,908435.937783051,5272555.60855168,0.572285294117647,0.435916666666667,0.291025,5272555.60855168,1.296,"PostPTME"
"749","91","91_19",42,0,292939.271116385,6152829.77521835,0.471425,0.471425,0.471425,6152829.77521835,1.296,"PostPTME"
"750","91","91_20",0,13,11631040.9377831,3364439.77521835,0.933149438637243,0.0240963855421687,0.106827309236948,3364439.77521835,1.296,"PostPTME"
"751","91","91_21",86,9,12193720.9377831,4441951.44188501,0.275116666666667,0.5,0.275116666666667,4441951.44188501,1.296,"PostPTME"
"752","91","91_22",89.5,0,-7313155.72888362,3496002.27521835,0.582145419847328,0.246891666666667,0.0378166666666667,3496002.27521835,1.296,"PostPTME"
"753","91","91_23",161,3,-7568959.06221695,3814439.77521835,0.5,0.5,0,3814439.77521835,1.296,"PostPTME"
