"","stage","cluster","bivalve","brachiopod","cookieLith","cookieBath","cookieReef","cookieAbsLat","cookiePalaeoLat","cookiePalaeoLng"
"2","3","3_1",1,8,0.942857142857143,0,0,7510560.22478165,-7510560.22478165,-6393959.06221695
"3","3","3_2",1,9,0.984375,0.0416666666666667,0.5,814439.775218347,814439.775218347,2281040.93778305
"4","3","3_3",0,13,0.0384615384615384,0.348214285714285,0,85560.2247816529,-85560.2247816529,7506040.93778305
"5","3","3_4",0,9,1,0,1,1139439.77521835,1139439.77521835,1531040.93778305
"6","4","4_1",1,8,0.217717717717718,0.277777777777778,0.333333333333333,1585560.22478165,-1585560.22478165,-8852292.39555028
"7","4","4_2",2,7,0.5,0.25,0.75,2635560.22478165,-2635560.22478165,-10743959.0622169
"8","4","4_3",0,10,0.333333333333333,0.5,0,1885560.22478165,-1885560.22478165,-11818959.0622169
"9","4","4_4",0,8,0.25,0.75,0,2039439.77521835,2039439.77521835,-11343959.0622169
"10","5","5_1",0,15,0.415940224159402,1,0,2064439.77521835,2064439.77521835,-11093959.0622169
"11","5","5_2",0,6,0.920634920634921,0,0,1189439.77521835,1189439.77521835,9089374.27111639
"12","10","10_1",0,8,1,0,0,1614439.77521835,1614439.77521835,-11143959.0622169
"13","11","11_1",2,13,0.85,0.333333333333333,0,1335560.22478165,-1335560.22478165,8243540.93778305
"14","11","11_2",4,10,0.164983164983165,0.153846153846154,0,4252226.89144832,-4252226.89144832,-7285625.72888362
"15","11","11_3",0,12,0.891666666666666,0,0,1389439.77521835,1389439.77521835,-10968959.0622169
"16","12","12_1",5,3,0,0,0,4760560.22478165,-4760560.22478165,-4968959.06221695
"17","12","12_2",0,10,0.888888888888889,0.944444444444444,0,1231106.44188501,1231106.44188501,-10902292.3955503
"18","12","12_3",0,21,0.5,0.75,0.25,1202226.89144832,-1202226.89144832,8264374.27111638
"19","12","12_4",0,18,0.357402912621359,0.166666666666667,0.302469135802469,5102226.89144832,-5102226.89144832,-3968959.06221695
"20","12","12_5",0,12,0.257391304347826,0,0,4935560.22478165,-4935560.22478165,-4343959.06221695
"21","12","12_6",0,6,0.947368421052632,0,0,989439.775218347,989439.775218347,-10543959.0622169
"22","13","13_1",1,15,0.962765957446808,0,0,1074439.77521835,1074439.77521835,-11006459.0622169
"23","13","13_2",1,25,0.619047619047619,0.194444444444445,0,1060560.22478165,-1060560.22478165,8256040.93778305
"24","13","13_3",0,14,0.214285714285714,0.25,0,1135560.22478165,-1135560.22478165,7931040.93778305
"25","13","13_4",0,17,0.892881241565452,0.125,0.125,4748060.22478165,-4748060.22478165,-4418959.06221695
"26","13","13_5",0,23,0.798331522485732,0.0833333333333333,0.334357509664763,4855560.22478165,-4855560.22478165,-4027292.39555028
"27","13","13_6",0,10,0.882352941176471,0,0,839439.775218347,839439.775218347,-10518959.0622169
"28","13","13_7",0,7,1,0.75,0.25,4685560.22478165,-4685560.22478165,-4943959.06221695
"29","14","14_1",6,22,0,0.390682656826568,0,6010560.22478165,-6010560.22478165,-6375209.06221695
"30","14","14_2",8,4,0,1,0,7410560.22478165,-7410560.22478165,1506040.93778305
"31","14","14_3",11,13,0,1,0,8210560.22478165,-8210560.22478165,-518959.062216949
"32","14","14_4",1,16.5,0.666666666666667,0.5,0.333333333333333,3668893.55811499,-3668893.55811499,-5252292.39555028
"33","14","14_5",1,23,1,0.412429378531073,0,2302226.89144832,-2302226.89144832,-11285625.7288836
"34","14","14_6",0,14,0,1,0,860560.224781653,-860560.224781653,7781040.93778305
"35","14","14_7",0,20,0.15625,0.5,0,335560.224781653,-335560.224781653,8481040.93778305
"36","14","14_8",0,13,0.868055555555556,0.166666666666667,0.166666666666667,2402226.89144832,-2402226.89144832,-11085625.7288836
"37","14","14_9",0,9,0.5,0,0,189439.775218347,189439.775218347,-668959.062216949
"38","14","14_10",0,21,0,0.75,0.25,660560.224781653,-660560.224781653,8256040.93778305
"39","14","14_11",0,25,0,0.196969696969697,0,2410560.22478165,-2410560.22478165,-8118959.06221695
"40","14","14_12",0,20,0.0357142857142857,0.25,0,4910560.22478165,-4910560.22478165,6681040.93778305
"41","14","14_13",0,28,0.276255707762557,0.5,0.5,2218893.55811499,-2218893.55811499,-8002292.39555028
"42","14","14_14",0,29,0.539914233877618,0,0,2660560.22478165,-2660560.22478165,3531040.93778305
"43","14","14_15",0,15.5,0.55,0.25,0.25,2760560.22478165,-2760560.22478165,3406040.93778305
"44","14","14_16",0,10,0.626695526695527,0,0,4568893.55811499,-4568893.55811499,-4518959.06221695
"45","14","14_17",0,14,0.666666666666667,0.5,0.333333333333333,4035560.22478165,-4035560.22478165,-5518959.06221695
"46","14","14_18",0,18,0.25,0.75,0,3260560.22478165,-3260560.22478165,-8093959.06221695
"47","14","14_19",3,11,0.833333333333333,0.5,0,2102226.89144832,-2102226.89144832,-11268959.0622169
"48","14","14_20",0,10,1,0.25,0.25,4035560.22478165,-4035560.22478165,-4902292.39555028
"49","14","14_21",5,13,0.5,0.5,0,2235560.22478165,-2235560.22478165,-11058959.0622169
"50","14","14_22",1,13,0.5,0.5,0,1915560.22478165,-1915560.22478165,-11498959.0622169
"51","15","15_1",4,16,0.875,0.2,0.625,2502226.89144832,-2502226.89144832,-9952292.39555028
"52","15","15_2",1,17,1,0.33452380952381,0,2560560.22478165,-2560560.22478165,-10143959.0622169
"53","15","15_3",6,15,0.609090909090909,0.4,0,1645560.22478165,-1645560.22478165,-11128959.0622169
"54","15","15_4",1,7,0.860576923076923,0.076923076923077,0,1914439.77521835,1914439.77521835,13981040.9377831
"55","15","15_5",4,13,0.382098765432099,0.5,0.25,3535560.22478165,-3535560.22478165,-5702292.39555028
"56","15","15_6",6,27,0.0573358489479067,0.458715596330275,0.0714285714285714,5485560.22478165,-5485560.22478165,-6418959.06221695
"57","15","15_7",13,23,0.0198412698412698,0.410628019323671,0,7235560.22478165,-7235560.22478165,1431040.93778305
"58","15","15_8",2,12,0.5,0.769230769230769,0,3660560.22478165,-3660560.22478165,-93959.0622169487
"59","15","15_9",7,32,0.0106870229007634,0.673387096774194,0,2225560.22478165,-2225560.22478165,-7928959.06221695
"60","15","15_10",9,10,0,0.333333333333333,0.125,1235560.22478165,-1235560.22478165,-11118959.0622169
"61","15","15_11",11,18,0,0.798387096774194,0,8135560.22478165,-8135560.22478165,-618959.062216949
"62","15","15_12",5,18,1,0.5,0,2285560.22478165,-2285560.22478165,-10285625.7288836
"63","15","15_13",7,16,1,0.290297050561798,0,2485560.22478165,-2485560.22478165,-11008959.0622169
"64","15","15_14",10,10,0.5,0.5,0.5,1885560.22478165,-1885560.22478165,-11368959.0622169
"65","15","15_15",7,8,0,0.5,0,8135560.22478165,-8135560.22478165,656040.937783051
"66","15","15_16",0,18,0.842896174863388,0.1875,0.1875,3773060.22478165,-3773060.22478165,-4871042.39555028
"67","15","15_17",1,14,1,0.518518518518519,0.0555555555555555,235560.224781653,-235560.224781653,6297707.60444972
"68","15","15_18",0,13,1,0.873333333333333,0.1,1904439.77521835,1904439.77521835,-10458959.0622169
"69","15","15_19",0,18,0.6,1,0,131106.441885014,131106.441885014,-10868959.0622169
"70","15","15_20",0,14,0.5,0.5,0,3910560.22478165,-3910560.22478165,-5493959.06221695
"71","15","15_21",0,25,0.310344827586207,0.5,0,3585560.22478165,-3585560.22478165,-5443959.06221695
"72","15","15_22",0,15,0.5,0.25,0.25,10560.2247816529,-10560.2247816529,8056040.93778305
"73","15","15_23",0,30,0.244444444444444,0.833333333333333,0,1785560.22478165,-1785560.22478165,-3543959.06221695
"74","15","15_24",0,21,0.241935483870967,0.5,0,7810560.22478165,-7810560.22478165,1781040.93778305
"75","15","15_25",0,15,0,0,0,2435560.22478165,-2435560.22478165,-8043959.06221695
"76","15","15_26",0,12,0.142857142857143,1,0,3810560.22478165,-3810560.22478165,-5618959.06221695
"77","15","15_27",0,20,0.625,0.25,0.625,1918893.55811499,-1918893.55811499,2864374.27111638
"78","15","15_28",0,9,0.526315789473684,0.5,0.5,814439.775218347,814439.775218347,-10868959.0622169
"79","15","15_29",0,32,1,0.25,0.25,2685560.22478165,-2685560.22478165,-11443959.0622169
"80","15","15_30",0,12,0.833333333333333,0.5,0.5,4210560.22478165,-4210560.22478165,-4818959.06221695
"81","15","15_31",1,22,0.911535303776683,0.476190476190476,0,2718893.55811499,-2718893.55811499,-11058959.0622169
"82","15","15_32",0,13,0.386344086021505,0.333333333333333,0,514439.775218347,514439.775218347,-1485625.72888362
"83","15","15_33",0,14,0.666666666666667,0,0,1264439.77521835,1264439.77521835,-643959.062216949
"84","15","15_34",4,17,0,0.5,0,5360560.22478165,-5360560.22478165,-6343959.06221695
"85","15","15_35",0,11,0.5,0.5,0,2110560.22478165,-2110560.22478165,-11293959.0622169
"86","16","16_1",9,11,0.280555555555556,0.833333333333333,0.125,2718893.55811499,-2718893.55811499,-9868959.06221695
"87","16","16_2",6.25,21,0.395402298850575,0.571428571428571,0.0833333333333333,1835560.22478165,-1835560.22478165,-10956459.0622169
"88","16","16_3",7.75,27,0.740309706257982,0.625,0.25,3235560.22478165,-3235560.22478165,-5718959.06221695
"89","16","16_4",11,12,0.828488372093023,0.375,0.25,2618893.55811499,-2618893.55811499,-9606459.06221695
"90","16","16_5",9,9,0.1,0.25,0,1064439.77521835,1064439.77521835,13481040.9377831
"91","16","16_6",1,25,0.36,0.659090909090909,0.2,5135560.22478165,-5135560.22478165,-6238959.06221695
"92","16","16_7",5,25,0.0593607305936073,0.75,0,6885560.22478165,-6885560.22478165,1314374.27111638
"93","16","16_8",14,15.5,0.25,0.665094339622641,0.25,7110560.22478165,-7110560.22478165,1406040.93778305
"94","16","16_9",1,23,0.166666666666667,0.372191011235955,0.144186046511628,85560.2247816529,-85560.2247816529,7331040.93778305
"95","16","16_10",2,32,0.046070460704607,0.840108401084011,0,4910560.22478165,-4910560.22478165,-6193959.06221695
"96","16","16_11",1,29,0.00803212851405623,0.991967871485944,0.00803212851405623,4635560.22478165,-4635560.22478165,-6135625.72888362
"97","16","16_12",10,36,0,0.527363184079602,0,2235560.22478165,-2235560.22478165,-7843959.06221695
"98","16","16_13",7,9,1,0.5,0.5,260560.224781653,-260560.224781653,-7293959.06221695
"99","16","16_14",3,26,0.596852488851889,0.6,0.0714285714285714,2571274.51049594,-2571274.51049594,-8893959.06221695
"100","16","16_15",13,16,0.721549636803874,0.5,0.00641025641025642,2423060.22478165,-2423060.22478165,-10162709.0622169
"101","16","16_16",14,18,0.75,0.833333333333333,0,1868893.55811499,-1868893.55811499,-10568959.0622169
"102","16","16_17",1,13,0.428571428571428,1,0,1114439.77521835,1114439.77521835,7281040.93778305
"103","16","16_18",9,12,1,0.75,0.25,2535560.22478165,-2535560.22478165,-9793959.06221695
"104","16","16_19",0,26,0.940817469204927,0.438140656115711,0.00246305418719211,2056106.44188501,2056106.44188501,12852469.5092116
"105","16","16_20",0,18,0.8,0.5,0.333333333333333,3355560.22478165,-3355560.22478165,-5518959.06221695
"106","16","16_21",0,12,0.5,0.6,0.2,54439.7752183471,24439.7752183471,7781040.93778305
"107","16","16_22",0,17,0.700379867046534,0.833333333333333,0,2102226.89144832,-2102226.89144832,-11818959.0622169
"108","16","16_23",0,17,1,1,0,560560.224781653,-560560.224781653,-11643959.0622169
"109","16","16_24",0,14,0.788617886178862,0.5,0.5,402226.89144832,-402226.89144832,-10102292.3955503
"110","16","16_25",7,18,1,0.5,0.5,735560.224781653,-735560.224781653,-8952292.39555028
"111","16","16_26",0,17,1,1,0,1714439.77521835,1714439.77521835,-10568959.0622169
"112","16","16_27",0,14.5,1,0.833333333333333,0.166666666666667,1547773.10855168,1547773.10855168,-10381459.0622169
"113","16","16_28",0,18,0.991803278688524,0.5,0.5,910560.224781653,-910560.224781653,-10818959.0622169
"114","16","16_29",0,19,1,0.5,0.5,1485560.22478165,-1485560.22478165,1781040.93778305
"115","16","16_30",0,22,0.9375,0.5,0.5,835560.224781653,-835560.224781653,2056040.93778305
"116","16","16_31",0,17,0.583333333333333,0.5,0.166666666666667,2035560.22478165,-2035560.22478165,-7102292.39555028
"117","16","16_32",0,17,0.875,0.333333333333333,0.333333333333333,1498060.22478165,-1498060.22478165,-3768959.06221695
"118","16","16_33",0,18,0.928571428571429,0.5,0.333333333333333,3510560.22478165,-3510560.22478165,-4883244.77650266
"119","16","16_34",0,13,1,0.75,0.25,1435560.22478165,-1435560.22478165,-3968959.06221695
"120","16","16_35",0,10,0,0.666666666666667,0,5285560.22478165,-5285560.22478165,3381040.93778305
"121","16","16_36",0,23,0,1,0,5252226.89144832,-5252226.89144832,-5585625.72888362
"122","16","16_37",0,12,0.785714285714285,0.5,0.25,1014439.77521835,1014439.77521835,-8843959.06221695
"123","16","16_38",0.5,26,0.25,0.375,0.125,2135560.22478165,-2135560.22478165,-7681459.06221695
"124","16","16_39",8,18,0.625333333333333,0.473926372840502,0,2739726.89144832,-2739726.89144832,-10718959.0622169
"125","16","16_40",5,9,0.888888888888889,0.5,0.25,1460560.22478165,-1460560.22478165,-4218959.06221695
"126","17","17_1",2,28,0.523431594860167,0.472222222222222,0,3010560.22478165,-3010560.22478165,-5668959.06221695
"127","17","17_2",12,21,0,0.0238095238095238,0,6710560.22478165,-6710560.22478165,1181040.93778305
"128","17","17_3",5,12,0,1,0,4452226.89144832,-4452226.89144832,7414374.27111638
"129","17","17_4",0,15,0.38961038961039,0.2,0.2,204439.775218347,204439.775218347,7701040.93778305
"130","17","17_5",11,12,0,1,0,2560560.22478165,-2560560.22478165,-5643959.06221695
"131","17","17_6",1,20,1,0,0.5,2810560.22478165,-2810560.22478165,-4968959.06221695
"132","17","17_7",1,16,1,0.25,0.75,2610560.22478165,-2610560.22478165,-10768959.0622169
"133","17","17_8",1,19,0.75,0.5,0.375,3155560.22478165,-3155560.22478165,-5438959.06221695
"134","17","17_9",0,27,0.261904761904762,0.75,0.166666666666667,4252226.89144832,-4252226.89144832,-6152292.39555028
"135","17","17_10",0,20,0.46043599257885,0.166666666666667,0.833333333333333,2510560.22478165,-2510560.22478165,-8618959.06221695
"136","17","17_11",0,13,0.75,0.5,0.5,3135560.22478165,-3135560.22478165,-4977292.39555028
"137","17","17_12",0,9,0.25,0.25,0.25,2489439.77521835,2489439.77521835,8281040.93778305
"138","18","18_1",1,20,0.416666666666667,0.5,0.25,2010560.22478165,-2010560.22478165,-7318959.06221695
"139","18","18_2",0,17.25,0.699291497975709,0.5,0.125,2585560.22478165,-2585560.22478165,-8418959.06221695
"140","18","18_3",0,26,0.0374149659863947,0.5,0,2785560.22478165,-2785560.22478165,-5652292.39555028
"141","18","18_4",0,15,0.088888888888889,0.5,0,4718893.55811499,-4718893.55811499,7264374.27111638
"142","18","18_5",0,17,0.9375,0.375,0.525,2685560.22478165,-2685560.22478165,-4993959.06221695
"143","18","18_6",0,24,1,0.5,0.5,289439.775218347,289439.775218347,7206040.93778305
"144","18","18_7",0,20,0,0.5,0,1110560.22478165,-1110560.22478165,-4118959.06221695
"145","18","18_8",0,17,1,0.25,0.25,810560.224781653,-810560.224781653,-3568959.06221695
"146","18","18_9",0,26,0,0.571428571428571,0,3910560.22478165,-3910560.22478165,-6102292.39555028
"147","18","18_10",0,22,1,0.5,0.5,1539439.77521835,1539439.77521835,-2143959.06221695
"148","19","19_1",0,23,0.963008730797379,0.537878787878788,0.462121212121212,2645560.22478165,-2645560.22478165,-8208959.06221695
"149","19","19_2",2,23,1,0.939655172413793,0,2218893.55811499,-2218893.55811499,-10285625.7288836
"150","19","19_3",1,14,0.837606837606838,0.884476137429643,0,2860560.22478165,-2860560.22478165,-9318959.06221695
"151","19","19_4",0,26,0.082175438596491,0.75,0,2635560.22478165,-2635560.22478165,-5643959.06221695
"152","19","19_5",0,30,0.166666666666667,0.5,0.333333333333333,3685560.22478165,-3685560.22478165,-6085625.72888362
"153","19","19_6",0,18,0.645833333333333,0.25,0.194444444444445,389439.775218347,389439.775218347,7656040.93778305
"154","19","19_7",0,15,1,0.428571428571429,0.565714285714286,2485560.22478165,-2485560.22478165,-5010625.72888362
"155","20","20_1",4,24,0.17877559418549,0.769230769230769,0,2910560.22478165,-2910560.22478165,-8943959.06221695
"156","20","20_2",2,13,0.6875,0.75,0.25,2160560.22478165,-2160560.22478165,-5218959.06221695
"157","20","20_3",3,28,0,0.5,0,3245560.22478165,-3245560.22478165,-6018959.06221695
"158","20","20_4",3,14,0.0238095238095238,0.5,0,547773.10855168,547773.10855168,7741040.93778305
"159","20","20_5",6,26,0.166666666666667,0.625,0.125,1935560.22478165,-1935560.22478165,-6806459.06221695
"160","20","20_6",1,14,1,0,0.666666666666667,1718893.55811499,-1718893.55811499,-6518959.06221695
"161","20","20_7",1,22,1,0.25,0.425925925925926,2618893.55811499,-2618893.55811499,-7985625.72888362
"162","20","20_8",2,9,0.75,0.75,0,2260560.22478165,-2260560.22478165,-9393959.06221695
"163","20","20_9",0,17,1,0.5,0.5,2110560.22478165,-2110560.22478165,-5668959.06221695
"164","20","20_10",0,16,0,0.5,0,414439.775218347,414439.775218347,7606040.93778305
"165","20","20_11",0,18,1,0,0.777777777777778,1585560.22478165,-1585560.22478165,-9078959.06221695
"166","20","20_12",0,17.75,1,0.5,0.5,1893893.55811499,-1893893.55811499,-5035625.72888362
"167","20","20_13",15,16,0.5,0.5,0,2910560.22478165,-2910560.22478165,-5993959.06221695
"168","20","20_14",14,12,0.5,0.5,0,3935560.22478165,-3935560.22478165,-7043959.06221695
"169","20","20_15",1,23,0.863636363636364,1,0,2910560.22478165,-2910560.22478165,-9568959.06221695
"170","20","20_16",1,20,0.5,0.5,0,2552226.89144832,-2552226.89144832,-10835625.7288836
"171","21","21_1",9,29,0.221111392812934,0.675202057885867,0.115034026347006,2860560.22478165,-2860560.22478165,-8618959.06221695
"172","21","21_2",11,36,0.996212121212121,0.15492219401832,0.398245226796159,1560560.22478165,-1560560.22478165,-5218959.06221695
"173","21","21_3",7,32,0.879084967320261,0.5,0.333333333333333,5302226.89144832,-5302226.89144832,747707.604449718
"174","21","21_4",0,25,1,1,0,2302226.89144832,-2302226.89144832,-9635625.72888361
"175","21","21_5",1,25,0.666666666666667,1,0,2852226.89144832,-2852226.89144832,-9335625.72888361
"176","21","21_6",1,14,0,1,0,3185560.22478165,-3185560.22478165,-8793959.06221695
"177","21","21_7",1,20,1,0.5,0.5,1368893.55811499,-1368893.55811499,-5052292.39555028
"178","21","21_8",0,25,0.875,0.6,0.4,1555560.22478165,-1555560.22478165,-4818959.06221695
"179","21","21_9",0,15,0.5,0.75,0,2785560.22478165,-2785560.22478165,-6018959.06221695
"180","21","21_10",0,23,1,0.5,0,1251939.77521835,1251939.77521835,-9518959.06221695
"181","21","21_11",0,18,0.933333333333333,0.5,0.333333333333333,431106.441885014,431106.441885014,-3385625.72888362
"182","22","22_1",3,20,1,0.5,0.5,914439.775218347,914439.775218347,-7668959.06221695
"183","22","22_2",0,27,0.991666666666667,0.469047619047619,0.530952380952381,1245560.22478165,-1245560.22478165,-5160625.72888362
"184","22","22_3",10,8,1,0.5,0.5,589439.775218347,589439.775218347,-3318959.06221695
"185","22","22_4",2,27,0.789351851851852,0.4375,0.357142857142857,2477226.89144832,-2477226.89144832,-5893959.06221695
"186","22","22_5",1,24,0.6,0.6,0,2918893.55811499,-2918893.55811499,-9185625.72888361
"187","22","22_6",0,22,1,0.25,0.75,1785560.22478165,-1785560.22478165,-4252292.39555028
"188","22","22_7",0,14,0.25,0.375,0.125,4214439.77521835,4214439.77521835,-1318959.06221695
"189","22","22_8",0,27,0.5,0.6,0.25,1305560.22478165,-1305560.22478165,-4806459.06221695
"190","22","22_9",4,25,0.5,1,0,2860560.22478165,-2860560.22478165,-8468959.06221695
"191","22","22_10",6,22,1,0.241071428571428,0.75,2360560.22478165,-2360560.22478165,-9218959.06221695
"192","22","22_11",1,19,1,0.5,0.333333333333333,2735560.22478165,-2735560.22478165,-8618959.06221695
"193","22","22_12",0,25,1,1,0,2860560.22478165,-2860560.22478165,-9768959.06221695
"194","23","23_1",9,29,0.463126843657817,0.742857142857143,0,2385560.22478165,-2385560.22478165,-5648959.06221695
"195","23","23_2",8,16,0,0.25,0,6885560.22478165,-6885560.22478165,506040.937783051
"196","23","23_3",24,29,0.965277777777778,0.333333333333333,0.589147286821705,4502226.89144832,-4502226.89144832,814374.271116385
"197","23","23_4",1,21,1,0.5,0.5,1160560.22478165,-1160560.22478165,-4568959.06221695
"198","23","23_5",0,18,0.407407407407407,0.5,0.166666666666667,452226.89144832,-452226.89144832,13664374.2711164
"199","23","23_6",0,18,1,0.5,0.5,985560.224781653,-985560.224781653,-4668959.06221695
"200","23","23_7",0,21,0.5,0.75,0.25,960560.224781653,-960560.224781653,-4493959.06221695
"201","24","24_1",11,22,0.0671296296296296,0.63307721859393,0.0625,2385560.22478165,-2385560.22478165,-5490387.63364552
"202","24","24_2",9,31,0.963375796178344,0.125,0.770827285921625,1055560.22478165,-1055560.22478165,-4818959.06221695
"203","24","24_3",9,3,1,0.25,0.25,5235560.22478165,-5235560.22478165,3256040.93778305
"204","24","24_4",12,29,0.751311367277068,0.625,0.125,4215560.22478165,-4215560.22478165,861040.937783051
"205","24","24_5",14,0,1,0.5,0.5,3335560.22478165,-3335560.22478165,1531040.93778305
"206","24","24_6",6,13,0.516806722689075,0.5,0,614439.775218347,614439.775218347,8681040.93778305
"207","24","24_7",3,20.5,0.765625,0.5,0.333333333333333,1060560.22478165,-1060560.22478165,-4556459.06221695
"208","24","24_8",0,16,1,0.5,0.5,1485560.22478165,-1485560.22478165,-3918959.06221695
"209","24","24_9",0,23,0,0.5,0,735560.224781653,-735560.224781653,13706040.9377831
"210","24","24_10",1,23,0.666666666666667,0.833333333333333,0.166666666666667,2968893.55811499,-2968893.55811499,-9618959.06221695
"211","24","24_11",2,21,0.833333333333333,0.5,0.5,835560.224781653,-835560.224781653,-4802292.39555028
"212","24","24_12",3,20,1,0.25,0,3010560.22478165,-3010560.22478165,-8068959.06221695
"213","24","24_13",0,13,1,0.25,0.25,689439.775218347,689439.775218347,-7293959.06221695
"214","24","24_14",0,25,1,0,1,1789439.77521835,1789439.77521835,-1543959.06221695
"215","24","24_15",0,23,1,0,1,1189439.77521835,1189439.77521835,-3643959.06221695
"216","24","24_16",0,9,0,0.5,0,4339439.77521835,4339439.77521835,2806040.93778305
"217","24","24_17",0,21,1,0.5,0.5,1310560.22478165,-1310560.22478165,-9018959.06221695
"218","24","24_18",0,30,0.5,0.5,0,3452226.89144832,-3452226.89144832,-8852292.39555028
"219","24","24_19",2,23,0.5,0.5,0,2910560.22478165,-2910560.22478165,-6968959.06221695
"220","25","25_1",1,13,1,0.5,0.5,1452226.89144832,-1452226.89144832,-3735625.72888362
"221","25","25_2",6,24,0,0.5,0,1335560.22478165,-1335560.22478165,-3968959.06221695
"222","25","25_3",20,20,0.987847222222222,0.5,0.333333333333333,3835560.22478165,-3835560.22478165,964374.271116385
"223","25","25_4",1,18,0.965116279069767,0.25,0.684782608695652,1864439.77521835,1864439.77521835,-1418959.06221695
"224","25","25_5",10,1,0.3,0.5,0,6435560.22478165,-6435560.22478165,31040.9377830513
"225","25","25_6",0,16,0.877777777777778,0.5,0.25,1068893.55811499,-1068893.55811499,-4218959.06221695
"226","25","25_7",10,19,0.25,0.25,0,3485560.22478165,-3485560.22478165,-6293959.06221695
"227","25","25_8",0,21,1,0.5,0.5,3385560.22478165,-3385560.22478165,-9168959.06221695
"228","25","25_9",0,16,1,0.5,0.5,885560.224781653,-885560.224781653,-4552292.39555028
"229","26","26_1",10,24,0.142857142857143,0.833333333333333,0,531106.441885014,531106.441885014,9397707.60444972
"230","26","26_2",16,26,0,0.5,0,2260560.22478165,-2260560.22478165,13406040.9377831
"231","26","26_3",4,29,0.344669811320755,0.5,0.125,1423060.22478165,-1423060.22478165,-3143959.06221695
"232","26","26_4",7,8,0.125,0.5,0.125,1435560.22478165,-1435560.22478165,-3518959.06221695
"233","26","26_5",8,14,0,0.5,0,2910560.22478165,-2910560.22478165,-1293959.06221695
"234","26","26_6",22,34,1,0.674242424242425,0,3285560.22478165,-3285560.22478165,1006040.93778305
"235","26","26_7",9,7,0.3125,0.5,0,4160560.22478165,-4160560.22478165,406040.937783051
"236","26","26_8",8,34,0.696969696969697,0.5,0.25,1710560.22478165,-1710560.22478165,13731040.9377831
"237","26","26_9",2,27,0.5,0.5,0,4135560.22478165,-4135560.22478165,-6437709.06221695
"238","26","26_10",4,6,0.75,0.5,0.5,5710560.22478165,-5710560.22478165,-218959.062216949
"239","26","26_11",0,26.5,0.993846153846154,0.277692307692308,0.0317948717948718,35560.2247816529,-35560.2247816529,-7081459.06221695
"240","26","26_12",0,23,0.65359477124183,0.544351073762839,0,147773.10855168,147773.10855168,-6702292.39555028
"241","26","26_13",0,23,1,0.25,0.634615384615385,1089439.77521835,1089439.77521835,-2868959.06221695
"242","26","26_14",0,26,0.975845410628019,0.333333333333333,0.447916666666667,1881106.44188501,1881106.44188501,-1218959.06221695
"243","26","26_15",0,19,1,0.25,0.75,1339439.77521835,1339439.77521835,4331040.93778305
"244","26","26_16",0,17,0.5,0.5,0.25,4760560.22478165,-4760560.22478165,531040.937783051
"245","26","26_17",1,11,0,0,0,389439.775218347,389439.775218347,9581040.93778305
"246","26","26_18",0.5,30,0.375,0.625,0,4479310.22478165,-4479310.22478165,-7556459.06221695
"247","26","26_19",0,18,0.5,0.5,0,4385560.22478165,-4385560.22478165,-6693959.06221695
"248","26","26_20",0,20.25,0.5,0.5,0,4525560.22478165,-4525560.22478165,-6808959.06221695
"249","26","26_21",17,15,0.5,0.5,0,2335560.22478165,-2335560.22478165,-4743959.06221695
"250","26","26_22",17,15,0.5,0.5,0,3885560.22478165,-3885560.22478165,-5543959.06221695
"251","27","27_1",10,19,0,0.5,0,2860560.22478165,-2860560.22478165,13306040.9377831
"252","27","27_2",1,14,0,0.5,0,2910560.22478165,-2910560.22478165,13456040.9377831
"253","27","27_3",11,37,1,0.282152230971129,0.438057742782152,2918893.55811499,-2918893.55811499,997707.604449718
"254","27","27_4",2,23,0.25,0.384615384615385,0.25,264439.775218347,264439.775218347,9841040.93778305
"255","27","27_5",0,32,0.96,0.5,0,64439.7752183471,64439.7752183471,-8293959.06221695
"256","27","27_6",1,11,0.5,0.5,0.5,5285560.22478165,-5285560.22478165,-43959.0622169487
"257","28","28_1",19,24,0.5,0.25,0.25,4185560.22478165,-4185560.22478165,-4643959.06221695
"258","28","28_2",19.5,18,0.480778870252554,0.5,0,118893.558114986,-118893.558114986,9964374.27111639
"259","28","28_3",1,31,0.5,0.4,0.125,2960560.22478165,-2960560.22478165,843540.937783051
"260","28","28_4",9,18,0.166666666666667,0.333333333333333,0.166666666666667,2918893.55811499,-2918893.55811499,-2835625.72888362
"261","28","28_5",4,25,0.100952380952381,0.66025641025641,0.0300847457627118,22773.1085516804,22773.1085516804,10076874.2711164
"262","28","28_6",13,16,0,0.5,0,7668893.55811499,-7668893.55811499,5864374.27111638
"263","28","28_7",4,18,0,0.5,0,7685560.22478165,-7685560.22478165,-5518959.06221695
"264","28","28_8",10,11,0,0.5,0,8235560.22478165,-8235560.22478165,-4343959.06221695
"265","28","28_9",24,14,0.0102040816326531,0.5,0,4710560.22478165,-4710560.22478165,13656040.9377831
"266","28","28_10",4,23,0.833333333333333,0.535087719298246,0.166666666666667,5268893.55811499,-5268893.55811499,497707.604449718
"267","28","28_11",0,31,1,0.5,0.5,2910560.22478165,-2910560.22478165,-7443959.06221695
"268","28","28_12",0,31,1,0,0,2960560.22478165,-2960560.22478165,56040.9377830513
"269","28","28_13",1,14,0,0.5,0,39439.7752183471,39439.7752183471,9756040.93778305
"270","28","28_14",0,13,0,0.5,0,7410560.22478165,-7410560.22478165,-5768959.06221695
"271","28","28_15",1,21,0.25,0.5,0.25,2610560.22478165,-2610560.22478165,-2843959.06221695
"272","28","28_16",0,21,1,0,0.5,1139439.77521835,1139439.77521835,5181040.93778305
"273","28","28_17",0,27,0.625,0.5,0.125,2935560.22478165,-2935560.22478165,-7185625.72888362
"274","28","28_18",1,23.5,0.6,0.5,0.1,4725560.22478165,-4725560.22478165,-5502292.39555028
"275","28","28_19",3,11,0.5,0.5,0,4335560.22478165,-4335560.22478165,-6093959.06221695
"276","28","28_20",0,14,0.5,0.5,0.5,5260560.22478165,-5260560.22478165,231040.937783051
"277","28","28_21",4,6,0.5,0.5,0.5,1860560.22478165,-1860560.22478165,81040.9377830513
"278","28","28_22",0,19,0.5,0.5,0.25,4885560.22478165,-4885560.22478165,-7118959.06221695
"279","28","28_23",8,23,0.5,0.5,0,3910560.22478165,-3910560.22478165,-4993959.06221695
"280","28","28_24",10,19,0,0.524509803921569,0,2752226.89144832,-2752226.89144832,-3068959.06221695
"281","28","28_25",10,14,0.844827586206897,0.5,0.25,3085560.22478165,-3085560.22478165,13706040.9377831
"282","28","28_26",1,15,0,0.5,0,5860560.22478165,-5860560.22478165,-4593959.06221695
"283","28","28_27",5,25,0,0.5,0,5610560.22478165,-5610560.22478165,-4343959.06221695
"284","28","28_28",10,8,0,0.5,0,8235560.22478165,-8235560.22478165,-5018959.06221695
"285","28","28_29",8,10,0,1,0,5085560.22478165,-5085560.22478165,606040.937783051
"286","28","28_30",0,19,1,0,1,989439.775218347,989439.775218347,-2318959.06221695
"287","28","28_31",5,21,0.5,0.5,0,4885560.22478165,-4885560.22478165,-5135625.72888362
"288","29","29_1",4.5,17,0,0.75,0,4835560.22478165,-4835560.22478165,-5318959.06221695
"289","29","29_2",15,27.25,0.401041666666667,0.125490196078431,0.355263157894737,2775560.22478165,-2775560.22478165,-2508959.06221695
"290","29","29_3",17,20,0.108527131782946,0.833333333333333,0,168893.558114986,-168893.558114986,9947707.60444972
"291","29","29_4",10,24,0.819444444444445,0.657635467980296,0.0615384615384616,4585560.22478165,-4585560.22478165,-5168959.06221695
"292","29","29_5",2,28,1,0.294314381270903,0,2935560.22478165,-2935560.22478165,406040.937783051
"293","29","29_6",8,9,0,0.5,0,7602226.89144832,-7602226.89144832,-10835625.7288836
"294","29","29_7",10,28,0.754385964912281,0.666666666666667,0.333333333333333,2535560.22478165,-2535560.22478165,-6935625.72888362
"295","29","29_8",0,23,0.859375,0,0,2860560.22478165,-2860560.22478165,-143959.062216949
"296","29","29_9",0,17,1,0.75,0,4835560.22478165,-4835560.22478165,-5118959.06221695
"297","29","29_10",0,13,1,0.5,0.5,310560.224781653,-310560.224781653,-6918959.06221695
"298","29","29_11",0,11,1,0,0,410560.224781653,-410560.224781653,-5068959.06221695
"299","29","29_12",0,8,1,0.5,0.5,2985560.22478165,-2985560.22478165,-6618959.06221695
"300","29","29_13",0,15.5,1,0.25,0.25,5310560.22478165,-5310560.22478165,331040.937783051
"301","30","30_1",13,23,0,0.3,0,4735560.22478165,-4735560.22478165,-5168959.06221695
"302","30","30_2",5,8,0.826190476190476,0.5,0.4,345560.224781653,-345560.224781653,9831040.93778305
"303","30","30_3",22,32,0.465068754327286,0.475653994372039,0,4480560.22478165,-4480560.22478165,-5112709.06221695
"304","30","30_4",6,15,1,0.25,0.75,2510560.22478165,-2510560.22478165,-6493959.06221695
"305","30","30_5",4,10,0,0.5,0,6168893.55811499,-6168893.55811499,1864374.27111638
"306","30","30_6",7,23,0.55,0.5,0,4385560.22478165,-4385560.22478165,-5668959.06221695
"307","30","30_7",2,15,0.927272727272727,0.125,0.7,2843893.55811499,-2843893.55811499,-2383542.39555028
"308","30","30_8",1,16,0.683035714285714,0.55,0.15,3996671.33589276,-3996671.33589276,-6308959.06221695
"309","30","30_9",5,22,0.524074074074074,0.5,0,4018893.55811499,-4018893.55811499,-5668959.06221695
"310","30","30_10",2,32,0.632352941176471,0.5,0.25,2310560.22478165,-2310560.22478165,-6743959.06221695
"311","30","30_11",4,5,0,0.25,0,8210560.22478165,-8210560.22478165,-5943959.06221695
"312","30","30_12",0,11,0,0.761904761904762,0,6335560.22478165,-6335560.22478165,-843959.062216949
"313","30","30_13",0,15,1,0,0.981132075471698,2418893.55811499,-2418893.55811499,-735625.728883615
"314","30","30_14",0,10,1,0,0,310560.224781653,-310560.224781653,9456040.93778305
"315","30","30_15",0,25,1,0.25,0.75,3789439.77521835,3789439.77521835,1831040.93778305
"316","30","30_16",8,22,0.75,0.833333333333333,0,4085560.22478165,-4085560.22478165,-6035625.72888362
"317","30","30_17",14,31,1,0.5,0.333333333333333,4710560.22478165,-4710560.22478165,-5968959.06221695
"318","30","30_18",6,5,0,0.5,0,7835560.22478165,-7835560.22478165,-793959.062216949
"319","31","31_1",0,24,0.5,0.4375,0.333333333333333,3710560.22478165,-3710560.22478165,-6208959.06221695
"320","31","31_2",18,20,0.1875,0.337117932572478,0.181818181818182,4348060.22478165,-4348060.22478165,-5009868.15312604
"321","31","31_3",7,11,0.4,0.5,0.3,4085560.22478165,-4085560.22478165,-6327292.39555028
"322","31","31_4",2,9,0.25,0.5,0.25,4568893.55811499,-4568893.55811499,-5018959.06221695
"323","31","31_5",7,16,0,0.5,0,6252226.89144832,-6252226.89144832,1764374.27111638
"324","31","31_6",8,27,0.406781880073318,0.25,0.153846153846154,3060560.22478165,-3060560.22478165,-2393959.06221695
"325","31","31_7",2,26,1,0,1,764439.775218347,764439.775218347,-843959.062216949
"326","31","31_8",1,6,1,0.0714285714285715,0.928571428571428,2835560.22478165,-2835560.22478165,-2093959.06221695
"327","31","31_9",0,11,1,0,0,2860560.22478165,-2860560.22478165,-8118959.06221695
"328","31","31_10",3,18,0.6875,0.5,0,460560.224781653,-460560.224781653,9606040.93778305
"329","31","31_11",1,9,0.467441860465116,0.416666666666667,0.333333333333333,2993893.55811499,-2993893.55811499,-2197530.49078838
"330","31","31_12",0,22,0.333333333333333,0.5,0.333333333333333,3568893.55811499,-3568893.55811499,-7735625.72888362
"331","31","31_13",1,13,0.5,0.5,0.25,3910560.22478165,-3910560.22478165,-6143959.06221695
"332","31","31_14",0,7,0.6875,0,0.159090909090909,4760560.22478165,-4760560.22478165,6406040.93778305
"333","31","31_15",0,19,0.942307692307693,0.5,0.25,4285560.22478165,-4285560.22478165,6706040.93778305
"334","31","31_16",5,4,0.416666666666667,0.5,0.25,4410560.22478165,-4410560.22478165,-5543959.06221695
"335","31","31_17",0,22,1,0,0.773809523809524,4535560.22478165,-4535560.22478165,7814374.27111638
"336","31","31_18",0,14,1,0,0,460560.224781653,-460560.224781653,9356040.93778305
"337","31","31_19",0,12,1,0,1,539439.775218347,539439.775218347,-1668959.06221695
"338","31","31_20",0,18,1,0,1,3289439.77521835,3289439.77521835,2056040.93778305
"339","32","32_1",0,16,0.760312899106003,0.229735826531179,0.656944444444445,1602226.89144832,-1602226.89144832,-6904673.34793123
"340","32","32_2",18,26,0.019047619047619,0.5,0,2918893.55811499,-2918893.55811499,-1735625.72888362
"341","32","32_3",4,15,0,0.625,0,4045560.22478165,-4045560.22478165,-5138959.06221695
"342","32","32_4",1,15,1,1,0,2468893.55811499,-2468893.55811499,-7052292.39555028
"343","32","32_5",9,15,0,0.666666666666667,0,2885560.22478165,-2885560.22478165,-1902292.39555028
"344","32","32_6",12,22,0.686274509803922,0,0,3673060.22478165,-3673060.22478165,-5931459.06221695
"345","32","32_7",4,16,0.25,0.25,0.1,4125560.22478165,-4125560.22478165,-4908959.06221695
"346","32","32_8",4,19,0.729166666666667,0.5,0.333333333333333,402226.89144832,-402226.89144832,9664374.27111639
"347","32","32_9",0,22,1,0.166666666666667,0.166666666666667,2418893.55811499,-2418893.55811499,-735625.728883615
"348","32","32_10",0,13,0.875,0.375,0.394230769230769,3135560.22478165,-3135560.22478165,-1756459.06221695
"349","32","32_11",0,20,0.813953488372093,0.5,0.25,4360560.22478165,-4360560.22478165,6556040.93778305
"350","32","32_12",0,22,0.5,0.5,0.25,2810560.22478165,-2810560.22478165,-7718959.06221695
"351","32","32_13",0,7,0.5,0.5,0,2635560.22478165,-2635560.22478165,-7118959.06221695
"352","33","33_1",19,30,0.75,0.25,0,3035560.22478165,-3035560.22478165,-5568959.06221695
"353","33","33_2",4,27,1,0.5,0,2760560.22478165,-2760560.22478165,-5493959.06221695
"354","33","33_3",1,18,0.75,0.5,0.5,2860560.22478165,-2860560.22478165,-1643959.06221695
"355","33","33_4",1,23,1,0.25,0.25,3035560.22478165,-3035560.22478165,-1793959.06221695
"356","33","33_5",6,18,0,0.75,0,3185560.22478165,-3185560.22478165,-1993959.06221695
"357","33","33_6",2,20,0.1,0.4,0,3575560.22478165,-3575560.22478165,13511040.9377831
"358","33","33_7",0,20,1,0.7,0.3,1235560.22478165,-1235560.22478165,-6138959.06221695
"359","33","33_8",16,31,0.984126984126984,0.241525423728813,0,3273060.22478165,-3273060.22478165,-5481459.06221695
"360","33","33_9",2,17,0.5,0.5,0,3310560.22478165,-3310560.22478165,-5618959.06221695
"361","33","33_10",0,26,0.368055555555555,0.0833333333333335,0,1185560.22478165,-1185560.22478165,-6443959.06221695
"362","33","33_11",0,18,0,0.5,0,5885560.22478165,-5885560.22478165,856040.937783051
"363","33","33_12",0,30,1,0,0,3435560.22478165,-3435560.22478165,-6668959.06221695
"364","33","33_13",0,20,1,0,0,495976.89144832,-495976.89144832,-5914792.39555028
"365","33","33_14",0,23,1,0,0,710560.224781653,-710560.224781653,-5893959.06221695
"366","33","33_15",0,13.5,1,0.125,0.125,1260560.22478165,-1260560.22478165,-5443959.06221695
"367","33","33_16",2,14,0.375,0.375,0,3748060.22478165,-3748060.22478165,-4668959.06221695
"368","33","33_17",8,24,0.411764705882353,0,0.0265151515151515,3268893.55811499,-3268893.55811499,-4868959.06221695
"369","33","33_18",16,6,0.5,0.5,0,3018893.55811499,-3018893.55811499,-4602292.39555028
"370","33","33_19",5,11,0.5,0.5,0,2910560.22478165,-2910560.22478165,-4393959.06221695
"371","33","33_20",0,19,0.5,0.5,0,3510560.22478165,-3510560.22478165,-5768959.06221695
"372","33","33_21",0,21,0.5,0.5,0,3010560.22478165,-3010560.22478165,-5168959.06221695
"373","33","33_22",0,10,0.5,0.5,0,3935560.22478165,-3935560.22478165,-4743959.06221695
"374","34","34_1",NA,NA,NA,NA,NA,NA,NA,NA
"375","34","34_2",NA,NA,NA,NA,NA,NA,NA,NA
"376","34","34_3",NA,NA,NA,NA,NA,NA,NA,NA
"377","34","34_4",NA,NA,NA,NA,NA,NA,NA,NA
"378","34","34_5",NA,NA,NA,NA,NA,NA,NA,NA
"379","34","34_6",NA,NA,NA,NA,NA,NA,NA,NA
"380","34","34_7",NA,NA,NA,NA,NA,NA,NA,NA
"381","34","34_8",NA,NA,NA,NA,NA,NA,NA,NA
"382","34","34_9",NA,NA,NA,NA,NA,NA,NA,NA
"383","34","34_10",NA,NA,NA,NA,NA,NA,NA,NA
"384","34","34_11",NA,NA,NA,NA,NA,NA,NA,NA
"385","34","34_12",NA,NA,NA,NA,NA,NA,NA,NA
"386","34","34_13",NA,NA,NA,NA,NA,NA,NA,NA
"387","34","34_14",NA,NA,NA,NA,NA,NA,NA,NA
"388","34","34_15",NA,NA,NA,NA,NA,NA,NA,NA
"389","34","34_16",NA,NA,NA,NA,NA,NA,NA,NA
"390","34","34_17",NA,NA,NA,NA,NA,NA,NA,NA
"391","34","34_18",NA,NA,NA,NA,NA,NA,NA,NA
"392","34","34_19",NA,NA,NA,NA,NA,NA,NA,NA
"393","35","35_1",NA,NA,NA,NA,NA,NA,NA,NA
"394","35","35_2",NA,NA,NA,NA,NA,NA,NA,NA
"395","35","35_3",NA,NA,NA,NA,NA,NA,NA,NA
"396","35","35_4",NA,NA,NA,NA,NA,NA,NA,NA
"397","35","35_5",NA,NA,NA,NA,NA,NA,NA,NA
"398","35","35_6",NA,NA,NA,NA,NA,NA,NA,NA
"399","35","35_7",NA,NA,NA,NA,NA,NA,NA,NA
"400","35","35_8",NA,NA,NA,NA,NA,NA,NA,NA
"401","35","35_9",NA,NA,NA,NA,NA,NA,NA,NA
"402","35","35_10",NA,NA,NA,NA,NA,NA,NA,NA
"403","35","35_11",NA,NA,NA,NA,NA,NA,NA,NA
"404","35","35_12",NA,NA,NA,NA,NA,NA,NA,NA
"405","35","35_13",NA,NA,NA,NA,NA,NA,NA,NA
"406","35","35_14",NA,NA,NA,NA,NA,NA,NA,NA
"407","36","36_1",NA,NA,NA,NA,NA,NA,NA,NA
"408","36","36_2",NA,NA,NA,NA,NA,NA,NA,NA
"409","36","36_3",NA,NA,NA,NA,NA,NA,NA,NA
"410","36","36_4",NA,NA,NA,NA,NA,NA,NA,NA
"411","36","36_5",NA,NA,NA,NA,NA,NA,NA,NA
"412","36","36_6",NA,NA,NA,NA,NA,NA,NA,NA
"413","36","36_7",NA,NA,NA,NA,NA,NA,NA,NA
"414","36","36_8",NA,NA,NA,NA,NA,NA,NA,NA
"415","36","36_9",NA,NA,NA,NA,NA,NA,NA,NA
"416","36","36_10",NA,NA,NA,NA,NA,NA,NA,NA
"417","36","36_11",NA,NA,NA,NA,NA,NA,NA,NA
"418","37","37_1",NA,NA,NA,NA,NA,NA,NA,NA
"419","37","37_2",NA,NA,NA,NA,NA,NA,NA,NA
"420","37","37_3",NA,NA,NA,NA,NA,NA,NA,NA
"421","37","37_4",NA,NA,NA,NA,NA,NA,NA,NA
"422","37","37_5",NA,NA,NA,NA,NA,NA,NA,NA
"423","37","37_6",NA,NA,NA,NA,NA,NA,NA,NA
"424","37","37_7",NA,NA,NA,NA,NA,NA,NA,NA
"425","37","37_8",NA,NA,NA,NA,NA,NA,NA,NA
"426","37","37_9",NA,NA,NA,NA,NA,NA,NA,NA
"427","37","37_10",NA,NA,NA,NA,NA,NA,NA,NA
"428","37","37_11",NA,NA,NA,NA,NA,NA,NA,NA
"429","37","37_12",NA,NA,NA,NA,NA,NA,NA,NA
"430","38","38_1",NA,NA,NA,NA,NA,NA,NA,NA
"431","38","38_2",NA,NA,NA,NA,NA,NA,NA,NA
"432","38","38_3",NA,NA,NA,NA,NA,NA,NA,NA
"433","38","38_4",NA,NA,NA,NA,NA,NA,NA,NA
"434","39","39_1",NA,NA,NA,NA,NA,NA,NA,NA
"435","39","39_2",NA,NA,NA,NA,NA,NA,NA,NA
"436","39","39_3",NA,NA,NA,NA,NA,NA,NA,NA
"437","39","39_4",NA,NA,NA,NA,NA,NA,NA,NA
"438","39","39_5",NA,NA,NA,NA,NA,NA,NA,NA
"439","39","39_6",NA,NA,NA,NA,NA,NA,NA,NA
"440","39","39_7",NA,NA,NA,NA,NA,NA,NA,NA
"441","39","39_8",NA,NA,NA,NA,NA,NA,NA,NA
"442","40","40_1",NA,NA,NA,NA,NA,NA,NA,NA
"443","40","40_2",NA,NA,NA,NA,NA,NA,NA,NA
"444","40","40_3",NA,NA,NA,NA,NA,NA,NA,NA
"445","40","40_4",NA,NA,NA,NA,NA,NA,NA,NA
"446","40","40_5",NA,NA,NA,NA,NA,NA,NA,NA
"447","40","40_6",NA,NA,NA,NA,NA,NA,NA,NA
"448","40","40_7",NA,NA,NA,NA,NA,NA,NA,NA
"449","40","40_8",NA,NA,NA,NA,NA,NA,NA,NA
"450","41","41_1",NA,NA,NA,NA,NA,NA,NA,NA
"451","41","41_2",NA,NA,NA,NA,NA,NA,NA,NA
"452","41","41_3",NA,NA,NA,NA,NA,NA,NA,NA
"453","41","41_4",NA,NA,NA,NA,NA,NA,NA,NA
"454","41","41_5",NA,NA,NA,NA,NA,NA,NA,NA
"455","41","41_6",NA,NA,NA,NA,NA,NA,NA,NA
"456","41","41_7",NA,NA,NA,NA,NA,NA,NA,NA
"457","41","41_8",NA,NA,NA,NA,NA,NA,NA,NA
"458","41","41_9",NA,NA,NA,NA,NA,NA,NA,NA
"459","41","41_10",NA,NA,NA,NA,NA,NA,NA,NA
"460","41","41_11",NA,NA,NA,NA,NA,NA,NA,NA
"461","41","41_12",NA,NA,NA,NA,NA,NA,NA,NA
"462","41","41_13",NA,NA,NA,NA,NA,NA,NA,NA
"463","41","41_14",NA,NA,NA,NA,NA,NA,NA,NA
"464","41","41_15",NA,NA,NA,NA,NA,NA,NA,NA
"465","41","41_16",NA,NA,NA,NA,NA,NA,NA,NA
"466","41","41_17",NA,NA,NA,NA,NA,NA,NA,NA
"467","41","41_18",NA,NA,NA,NA,NA,NA,NA,NA
"468","41","41_19",NA,NA,NA,NA,NA,NA,NA,NA
"469","42","42_1",NA,NA,NA,NA,NA,NA,NA,NA
"470","42","42_2",NA,NA,NA,NA,NA,NA,NA,NA
"471","42","42_3",NA,NA,NA,NA,NA,NA,NA,NA
"472","42","42_4",NA,NA,NA,NA,NA,NA,NA,NA
"473","42","42_5",NA,NA,NA,NA,NA,NA,NA,NA
"474","42","42_6",NA,NA,NA,NA,NA,NA,NA,NA
"475","42","42_7",NA,NA,NA,NA,NA,NA,NA,NA
"476","42","42_8",NA,NA,NA,NA,NA,NA,NA,NA
"477","42","42_9",NA,NA,NA,NA,NA,NA,NA,NA
"478","42","42_10",NA,NA,NA,NA,NA,NA,NA,NA
"479","42","42_11",NA,NA,NA,NA,NA,NA,NA,NA
"480","42","42_12",NA,NA,NA,NA,NA,NA,NA,NA
"481","42","42_13",NA,NA,NA,NA,NA,NA,NA,NA
"482","42","42_14",NA,NA,NA,NA,NA,NA,NA,NA
"483","42","42_15",NA,NA,NA,NA,NA,NA,NA,NA
"484","42","42_16",NA,NA,NA,NA,NA,NA,NA,NA
"485","42","42_17",NA,NA,NA,NA,NA,NA,NA,NA
"486","42","42_18",NA,NA,NA,NA,NA,NA,NA,NA
"487","42","42_19",NA,NA,NA,NA,NA,NA,NA,NA
"488","42","42_20",NA,NA,NA,NA,NA,NA,NA,NA
"489","42","42_21",NA,NA,NA,NA,NA,NA,NA,NA
"490","42","42_22",NA,NA,NA,NA,NA,NA,NA,NA
"491","42","42_23",NA,NA,NA,NA,NA,NA,NA,NA
"492","42","42_24",NA,NA,NA,NA,NA,NA,NA,NA
"493","42","42_25",NA,NA,NA,NA,NA,NA,NA,NA
"494","43","43_1",NA,NA,NA,NA,NA,NA,NA,NA
"495","43","43_2",NA,NA,NA,NA,NA,NA,NA,NA
"496","43","43_3",NA,NA,NA,NA,NA,NA,NA,NA
"497","43","43_4",NA,NA,NA,NA,NA,NA,NA,NA
"498","43","43_5",NA,NA,NA,NA,NA,NA,NA,NA
"499","43","43_6",NA,NA,NA,NA,NA,NA,NA,NA
"500","43","43_7",NA,NA,NA,NA,NA,NA,NA,NA
"501","43","43_8",NA,NA,NA,NA,NA,NA,NA,NA
"502","43","43_9",NA,NA,NA,NA,NA,NA,NA,NA
"503","43","43_10",NA,NA,NA,NA,NA,NA,NA,NA
"504","43","43_11",NA,NA,NA,NA,NA,NA,NA,NA
"505","43","43_12",NA,NA,NA,NA,NA,NA,NA,NA
"506","43","43_13",NA,NA,NA,NA,NA,NA,NA,NA
"507","43","43_14",NA,NA,NA,NA,NA,NA,NA,NA
"508","43","43_15",NA,NA,NA,NA,NA,NA,NA,NA
"509","43","43_16",NA,NA,NA,NA,NA,NA,NA,NA
"510","43","43_17",NA,NA,NA,NA,NA,NA,NA,NA
"511","43","43_18",NA,NA,NA,NA,NA,NA,NA,NA
"512","43","43_19",NA,NA,NA,NA,NA,NA,NA,NA
"513","43","43_20",NA,NA,NA,NA,NA,NA,NA,NA
"514","43","43_21",NA,NA,NA,NA,NA,NA,NA,NA
"515","43","43_22",NA,NA,NA,NA,NA,NA,NA,NA
"516","43","43_23",NA,NA,NA,NA,NA,NA,NA,NA
"517","43","43_24",NA,NA,NA,NA,NA,NA,NA,NA
"518","43","43_25",NA,NA,NA,NA,NA,NA,NA,NA
"519","43","43_26",NA,NA,NA,NA,NA,NA,NA,NA
"520","43","43_27",NA,NA,NA,NA,NA,NA,NA,NA
"521","44","44_1",NA,NA,NA,NA,NA,NA,NA,NA
"522","44","44_2",NA,NA,NA,NA,NA,NA,NA,NA
"523","44","44_3",NA,NA,NA,NA,NA,NA,NA,NA
"524","44","44_4",NA,NA,NA,NA,NA,NA,NA,NA
"525","44","44_5",NA,NA,NA,NA,NA,NA,NA,NA
"526","44","44_6",NA,NA,NA,NA,NA,NA,NA,NA
"527","44","44_7",NA,NA,NA,NA,NA,NA,NA,NA
"528","44","44_8",NA,NA,NA,NA,NA,NA,NA,NA
"529","44","44_9",NA,NA,NA,NA,NA,NA,NA,NA
"530","44","44_10",NA,NA,NA,NA,NA,NA,NA,NA
"531","44","44_11",NA,NA,NA,NA,NA,NA,NA,NA
"532","44","44_12",NA,NA,NA,NA,NA,NA,NA,NA
"533","44","44_13",NA,NA,NA,NA,NA,NA,NA,NA
"534","44","44_14",NA,NA,NA,NA,NA,NA,NA,NA
"535","44","44_15",NA,NA,NA,NA,NA,NA,NA,NA
"536","44","44_16",NA,NA,NA,NA,NA,NA,NA,NA
"537","44","44_17",NA,NA,NA,NA,NA,NA,NA,NA
"538","44","44_18",NA,NA,NA,NA,NA,NA,NA,NA
"539","44","44_19",NA,NA,NA,NA,NA,NA,NA,NA
"540","44","44_20",NA,NA,NA,NA,NA,NA,NA,NA
"541","44","44_21",NA,NA,NA,NA,NA,NA,NA,NA
"542","45","45_1",NA,NA,NA,NA,NA,NA,NA,NA
"543","45","45_2",NA,NA,NA,NA,NA,NA,NA,NA
"544","45","45_3",NA,NA,NA,NA,NA,NA,NA,NA
"545","45","45_4",NA,NA,NA,NA,NA,NA,NA,NA
"546","45","45_5",NA,NA,NA,NA,NA,NA,NA,NA
"547","45","45_6",NA,NA,NA,NA,NA,NA,NA,NA
"548","45","45_7",NA,NA,NA,NA,NA,NA,NA,NA
"549","45","45_8",NA,NA,NA,NA,NA,NA,NA,NA
"550","45","45_9",NA,NA,NA,NA,NA,NA,NA,NA
"551","45","45_10",NA,NA,NA,NA,NA,NA,NA,NA
"552","45","45_11",NA,NA,NA,NA,NA,NA,NA,NA
"553","45","45_12",NA,NA,NA,NA,NA,NA,NA,NA
"554","45","45_13",NA,NA,NA,NA,NA,NA,NA,NA
"555","45","45_14",NA,NA,NA,NA,NA,NA,NA,NA
"556","45","45_15",NA,NA,NA,NA,NA,NA,NA,NA
"557","45","45_16",NA,NA,NA,NA,NA,NA,NA,NA
"558","46","46_1",NA,NA,NA,NA,NA,NA,NA,NA
"559","46","46_2",NA,NA,NA,NA,NA,NA,NA,NA
"560","46","46_3",NA,NA,NA,NA,NA,NA,NA,NA
"561","46","46_4",NA,NA,NA,NA,NA,NA,NA,NA
"562","46","46_5",NA,NA,NA,NA,NA,NA,NA,NA
"563","46","46_6",NA,NA,NA,NA,NA,NA,NA,NA
"564","46","46_7",NA,NA,NA,NA,NA,NA,NA,NA
"565","46","46_8",NA,NA,NA,NA,NA,NA,NA,NA
"566","46","46_9",NA,NA,NA,NA,NA,NA,NA,NA
"567","46","46_10",NA,NA,NA,NA,NA,NA,NA,NA
"568","46","46_11",NA,NA,NA,NA,NA,NA,NA,NA
"569","46","46_12",NA,NA,NA,NA,NA,NA,NA,NA
"570","46","46_13",NA,NA,NA,NA,NA,NA,NA,NA
"571","46","46_14",NA,NA,NA,NA,NA,NA,NA,NA
"572","46","46_15",NA,NA,NA,NA,NA,NA,NA,NA
"573","46","46_16",NA,NA,NA,NA,NA,NA,NA,NA
"574","47","47_1",NA,NA,NA,NA,NA,NA,NA,NA
"575","47","47_2",NA,NA,NA,NA,NA,NA,NA,NA
"576","47","47_3",NA,NA,NA,NA,NA,NA,NA,NA
"577","47","47_4",NA,NA,NA,NA,NA,NA,NA,NA
"578","47","47_5",NA,NA,NA,NA,NA,NA,NA,NA
"579","47","47_6",NA,NA,NA,NA,NA,NA,NA,NA
"580","47","47_7",NA,NA,NA,NA,NA,NA,NA,NA
"581","47","47_8",NA,NA,NA,NA,NA,NA,NA,NA
"582","47","47_9",NA,NA,NA,NA,NA,NA,NA,NA
"583","47","47_10",NA,NA,NA,NA,NA,NA,NA,NA
"584","47","47_11",NA,NA,NA,NA,NA,NA,NA,NA
"585","47","47_12",NA,NA,NA,NA,NA,NA,NA,NA
"586","47","47_13",NA,NA,NA,NA,NA,NA,NA,NA
"587","47","47_14",NA,NA,NA,NA,NA,NA,NA,NA
"588","47","47_15",NA,NA,NA,NA,NA,NA,NA,NA
"589","47","47_16",NA,NA,NA,NA,NA,NA,NA,NA
"590","47","47_17",NA,NA,NA,NA,NA,NA,NA,NA
"591","47","47_18",NA,NA,NA,NA,NA,NA,NA,NA
"592","47","47_19",NA,NA,NA,NA,NA,NA,NA,NA
"593","47","47_20",NA,NA,NA,NA,NA,NA,NA,NA
"594","47","47_21",NA,NA,NA,NA,NA,NA,NA,NA
"595","47","47_22",NA,NA,NA,NA,NA,NA,NA,NA
"596","47","47_23",NA,NA,NA,NA,NA,NA,NA,NA
"597","47","47_24",NA,NA,NA,NA,NA,NA,NA,NA
"598","47","47_25",NA,NA,NA,NA,NA,NA,NA,NA
"599","47","47_26",NA,NA,NA,NA,NA,NA,NA,NA
"600","47","47_27",NA,NA,NA,NA,NA,NA,NA,NA
"601","47","47_28",NA,NA,NA,NA,NA,NA,NA,NA
"602","47","47_29",NA,NA,NA,NA,NA,NA,NA,NA
"603","47","47_30",NA,NA,NA,NA,NA,NA,NA,NA
"604","47","47_31",NA,NA,NA,NA,NA,NA,NA,NA
"605","47","47_32",NA,NA,NA,NA,NA,NA,NA,NA
"606","47","47_33",NA,NA,NA,NA,NA,NA,NA,NA
"607","47","47_34",NA,NA,NA,NA,NA,NA,NA,NA
"608","47","47_35",NA,NA,NA,NA,NA,NA,NA,NA
"609","47","47_36",NA,NA,NA,NA,NA,NA,NA,NA
"610","47","47_37",NA,NA,NA,NA,NA,NA,NA,NA
"611","47","47_38",NA,NA,NA,NA,NA,NA,NA,NA
"612","47","47_39",NA,NA,NA,NA,NA,NA,NA,NA
"613","47","47_40",NA,NA,NA,NA,NA,NA,NA,NA
"614","48","48_1",NA,NA,NA,NA,NA,NA,NA,NA
"615","48","48_2",NA,NA,NA,NA,NA,NA,NA,NA
"616","48","48_3",NA,NA,NA,NA,NA,NA,NA,NA
"617","48","48_4",NA,NA,NA,NA,NA,NA,NA,NA
"618","48","48_5",NA,NA,NA,NA,NA,NA,NA,NA
"619","48","48_6",NA,NA,NA,NA,NA,NA,NA,NA
"620","48","48_7",NA,NA,NA,NA,NA,NA,NA,NA
"621","48","48_8",NA,NA,NA,NA,NA,NA,NA,NA
"622","48","48_9",NA,NA,NA,NA,NA,NA,NA,NA
"623","48","48_10",NA,NA,NA,NA,NA,NA,NA,NA
"624","48","48_11",NA,NA,NA,NA,NA,NA,NA,NA
"625","48","48_12",NA,NA,NA,NA,NA,NA,NA,NA
"626","48","48_13",NA,NA,NA,NA,NA,NA,NA,NA
"627","48","48_14",NA,NA,NA,NA,NA,NA,NA,NA
"628","48","48_15",NA,NA,NA,NA,NA,NA,NA,NA
"629","48","48_16",NA,NA,NA,NA,NA,NA,NA,NA
"630","48","48_17",NA,NA,NA,NA,NA,NA,NA,NA
"631","48","48_18",NA,NA,NA,NA,NA,NA,NA,NA
"632","48","48_19",NA,NA,NA,NA,NA,NA,NA,NA
"633","48","48_20",NA,NA,NA,NA,NA,NA,NA,NA
"634","48","48_21",NA,NA,NA,NA,NA,NA,NA,NA
"635","49","49_1",NA,NA,NA,NA,NA,NA,NA,NA
"636","49","49_2",NA,NA,NA,NA,NA,NA,NA,NA
"637","49","49_3",NA,NA,NA,NA,NA,NA,NA,NA
"638","49","49_4",NA,NA,NA,NA,NA,NA,NA,NA
"639","49","49_5",NA,NA,NA,NA,NA,NA,NA,NA
"640","49","49_6",NA,NA,NA,NA,NA,NA,NA,NA
"641","49","49_7",NA,NA,NA,NA,NA,NA,NA,NA
"642","49","49_8",NA,NA,NA,NA,NA,NA,NA,NA
"643","49","49_9",NA,NA,NA,NA,NA,NA,NA,NA
"644","49","49_10",NA,NA,NA,NA,NA,NA,NA,NA
"645","49","49_11",NA,NA,NA,NA,NA,NA,NA,NA
"646","49","49_12",NA,NA,NA,NA,NA,NA,NA,NA
"647","49","49_13",NA,NA,NA,NA,NA,NA,NA,NA
"648","49","49_14",NA,NA,NA,NA,NA,NA,NA,NA
"649","50","50_1",NA,NA,NA,NA,NA,NA,NA,NA
"650","50","50_2",NA,NA,NA,NA,NA,NA,NA,NA
"651","50","50_3",NA,NA,NA,NA,NA,NA,NA,NA
"652","50","50_4",NA,NA,NA,NA,NA,NA,NA,NA
"653","50","50_5",NA,NA,NA,NA,NA,NA,NA,NA
"654","50","50_6",NA,NA,NA,NA,NA,NA,NA,NA
"655","50","50_7",NA,NA,NA,NA,NA,NA,NA,NA
"656","50","50_8",NA,NA,NA,NA,NA,NA,NA,NA
"657","50","50_9",NA,NA,NA,NA,NA,NA,NA,NA
"658","50","50_10",NA,NA,NA,NA,NA,NA,NA,NA
"659","50","50_11",NA,NA,NA,NA,NA,NA,NA,NA
"660","50","50_12",NA,NA,NA,NA,NA,NA,NA,NA
"661","50","50_13",NA,NA,NA,NA,NA,NA,NA,NA
"662","50","50_14",NA,NA,NA,NA,NA,NA,NA,NA
"663","50","50_15",NA,NA,NA,NA,NA,NA,NA,NA
"664","50","50_16",NA,NA,NA,NA,NA,NA,NA,NA
"665","50","50_17",NA,NA,NA,NA,NA,NA,NA,NA
"666","50","50_18",NA,NA,NA,NA,NA,NA,NA,NA
"667","51","51_1",NA,NA,NA,NA,NA,NA,NA,NA
"668","51","51_2",NA,NA,NA,NA,NA,NA,NA,NA
"669","51","51_3",NA,NA,NA,NA,NA,NA,NA,NA
"670","51","51_4",NA,NA,NA,NA,NA,NA,NA,NA
"671","51","51_5",NA,NA,NA,NA,NA,NA,NA,NA
"672","51","51_6",NA,NA,NA,NA,NA,NA,NA,NA
"673","51","51_7",NA,NA,NA,NA,NA,NA,NA,NA
"674","51","51_8",NA,NA,NA,NA,NA,NA,NA,NA
"675","51","51_9",NA,NA,NA,NA,NA,NA,NA,NA
"676","51","51_10",NA,NA,NA,NA,NA,NA,NA,NA
"677","51","51_11",NA,NA,NA,NA,NA,NA,NA,NA
"678","51","51_12",NA,NA,NA,NA,NA,NA,NA,NA
"679","51","51_13",NA,NA,NA,NA,NA,NA,NA,NA
"680","51","51_14",NA,NA,NA,NA,NA,NA,NA,NA
"681","51","51_15",NA,NA,NA,NA,NA,NA,NA,NA
"682","51","51_16",NA,NA,NA,NA,NA,NA,NA,NA
"683","52","52_1",NA,NA,NA,NA,NA,NA,NA,NA
"684","52","52_2",NA,NA,NA,NA,NA,NA,NA,NA
"685","52","52_3",NA,NA,NA,NA,NA,NA,NA,NA
"686","52","52_4",NA,NA,NA,NA,NA,NA,NA,NA
"687","52","52_5",NA,NA,NA,NA,NA,NA,NA,NA
"688","53","53_1",NA,NA,NA,NA,NA,NA,NA,NA
"689","53","53_2",NA,NA,NA,NA,NA,NA,NA,NA
"690","53","53_3",NA,NA,NA,NA,NA,NA,NA,NA
"691","53","53_4",NA,NA,NA,NA,NA,NA,NA,NA
"692","53","53_5",NA,NA,NA,NA,NA,NA,NA,NA
"693","53","53_6",NA,NA,NA,NA,NA,NA,NA,NA
"694","53","53_7",NA,NA,NA,NA,NA,NA,NA,NA
"695","53","53_8",NA,NA,NA,NA,NA,NA,NA,NA
"696","53","53_9",NA,NA,NA,NA,NA,NA,NA,NA
"697","54","54_1",NA,NA,NA,NA,NA,NA,NA,NA
"698","54","54_2",NA,NA,NA,NA,NA,NA,NA,NA
"699","54","54_3",NA,NA,NA,NA,NA,NA,NA,NA
"700","54","54_4",NA,NA,NA,NA,NA,NA,NA,NA
"701","54","54_5",NA,NA,NA,NA,NA,NA,NA,NA
"702","54","54_6",NA,NA,NA,NA,NA,NA,NA,NA
"703","54","54_7",NA,NA,NA,NA,NA,NA,NA,NA
"704","54","54_8",NA,NA,NA,NA,NA,NA,NA,NA
"705","54","54_9",NA,NA,NA,NA,NA,NA,NA,NA
"706","54","54_10",NA,NA,NA,NA,NA,NA,NA,NA
"707","54","54_11",NA,NA,NA,NA,NA,NA,NA,NA
"708","54","54_12",NA,NA,NA,NA,NA,NA,NA,NA
"709","54","54_13",NA,NA,NA,NA,NA,NA,NA,NA
"710","54","54_14",NA,NA,NA,NA,NA,NA,NA,NA
"711","54","54_15",NA,NA,NA,NA,NA,NA,NA,NA
"712","54","54_16",NA,NA,NA,NA,NA,NA,NA,NA
"713","54","54_17",NA,NA,NA,NA,NA,NA,NA,NA
"714","54","54_18",NA,NA,NA,NA,NA,NA,NA,NA
"715","55","55_1",NA,NA,NA,NA,NA,NA,NA,NA
"716","55","55_2",NA,NA,NA,NA,NA,NA,NA,NA
"717","55","55_3",NA,NA,NA,NA,NA,NA,NA,NA
"718","55","55_4",NA,NA,NA,NA,NA,NA,NA,NA
"719","55","55_5",NA,NA,NA,NA,NA,NA,NA,NA
"720","55","55_6",NA,NA,NA,NA,NA,NA,NA,NA
"721","55","55_7",NA,NA,NA,NA,NA,NA,NA,NA
"722","55","55_8",NA,NA,NA,NA,NA,NA,NA,NA
"723","56","56_1",NA,NA,NA,NA,NA,NA,NA,NA
"724","56","56_2",NA,NA,NA,NA,NA,NA,NA,NA
"725","56","56_3",NA,NA,NA,NA,NA,NA,NA,NA
"726","56","56_4",NA,NA,NA,NA,NA,NA,NA,NA
"727","56","56_5",NA,NA,NA,NA,NA,NA,NA,NA
"728","56","56_6",NA,NA,NA,NA,NA,NA,NA,NA
"729","56","56_7",NA,NA,NA,NA,NA,NA,NA,NA
"730","56","56_8",NA,NA,NA,NA,NA,NA,NA,NA
"731","56","56_9",NA,NA,NA,NA,NA,NA,NA,NA
"732","56","56_10",NA,NA,NA,NA,NA,NA,NA,NA
"733","56","56_11",NA,NA,NA,NA,NA,NA,NA,NA
"734","57","57_1",NA,NA,NA,NA,NA,NA,NA,NA
"735","57","57_2",NA,NA,NA,NA,NA,NA,NA,NA
"736","57","57_3",NA,NA,NA,NA,NA,NA,NA,NA
"737","57","57_4",NA,NA,NA,NA,NA,NA,NA,NA
"738","57","57_5",NA,NA,NA,NA,NA,NA,NA,NA
"739","57","57_6",NA,NA,NA,NA,NA,NA,NA,NA
"740","57","57_7",NA,NA,NA,NA,NA,NA,NA,NA
"741","57","57_8",NA,NA,NA,NA,NA,NA,NA,NA
"742","57","57_9",NA,NA,NA,NA,NA,NA,NA,NA
"743","57","57_10",NA,NA,NA,NA,NA,NA,NA,NA
"744","57","57_11",NA,NA,NA,NA,NA,NA,NA,NA
"745","57","57_12",NA,NA,NA,NA,NA,NA,NA,NA
"746","57","57_13",NA,NA,NA,NA,NA,NA,NA,NA
"747","57","57_14",NA,NA,NA,NA,NA,NA,NA,NA
"748","57","57_15",NA,NA,NA,NA,NA,NA,NA,NA
"749","57","57_16",NA,NA,NA,NA,NA,NA,NA,NA
"750","57","57_17",NA,NA,NA,NA,NA,NA,NA,NA
"751","57","57_18",NA,NA,NA,NA,NA,NA,NA,NA
"752","57","57_19",NA,NA,NA,NA,NA,NA,NA,NA
"753","58","58_1",NA,NA,NA,NA,NA,NA,NA,NA
"754","58","58_2",NA,NA,NA,NA,NA,NA,NA,NA
"755","58","58_3",NA,NA,NA,NA,NA,NA,NA,NA
"756","58","58_4",NA,NA,NA,NA,NA,NA,NA,NA
"757","58","58_5",NA,NA,NA,NA,NA,NA,NA,NA
"758","58","58_6",NA,NA,NA,NA,NA,NA,NA,NA
"759","58","58_7",NA,NA,NA,NA,NA,NA,NA,NA
"760","58","58_8",NA,NA,NA,NA,NA,NA,NA,NA
"761","58","58_9",NA,NA,NA,NA,NA,NA,NA,NA
"762","58","58_10",NA,NA,NA,NA,NA,NA,NA,NA
"763","58","58_11",NA,NA,NA,NA,NA,NA,NA,NA
"764","58","58_12",NA,NA,NA,NA,NA,NA,NA,NA
"765","58","58_13",NA,NA,NA,NA,NA,NA,NA,NA
"766","58","58_14",NA,NA,NA,NA,NA,NA,NA,NA
"767","58","58_15",NA,NA,NA,NA,NA,NA,NA,NA
"768","58","58_16",NA,NA,NA,NA,NA,NA,NA,NA
"769","58","58_17",NA,NA,NA,NA,NA,NA,NA,NA
"770","58","58_18",NA,NA,NA,NA,NA,NA,NA,NA
"771","58","58_19",NA,NA,NA,NA,NA,NA,NA,NA
"772","58","58_20",NA,NA,NA,NA,NA,NA,NA,NA
"773","58","58_21",NA,NA,NA,NA,NA,NA,NA,NA
"774","58","58_22",NA,NA,NA,NA,NA,NA,NA,NA
"775","58","58_23",NA,NA,NA,NA,NA,NA,NA,NA
"776","58","58_24",NA,NA,NA,NA,NA,NA,NA,NA
"777","58","58_25",NA,NA,NA,NA,NA,NA,NA,NA
"778","58","58_26",NA,NA,NA,NA,NA,NA,NA,NA
"779","58","58_27",NA,NA,NA,NA,NA,NA,NA,NA
"780","59","59_1",NA,NA,NA,NA,NA,NA,NA,NA
"781","59","59_2",NA,NA,NA,NA,NA,NA,NA,NA
"782","59","59_3",NA,NA,NA,NA,NA,NA,NA,NA
"783","59","59_4",NA,NA,NA,NA,NA,NA,NA,NA
"784","59","59_5",NA,NA,NA,NA,NA,NA,NA,NA
"785","59","59_6",NA,NA,NA,NA,NA,NA,NA,NA
"786","59","59_7",NA,NA,NA,NA,NA,NA,NA,NA
"787","59","59_8",NA,NA,NA,NA,NA,NA,NA,NA
"788","59","59_9",NA,NA,NA,NA,NA,NA,NA,NA
"789","59","59_10",NA,NA,NA,NA,NA,NA,NA,NA
"790","59","59_11",NA,NA,NA,NA,NA,NA,NA,NA
"791","59","59_12",NA,NA,NA,NA,NA,NA,NA,NA
"792","59","59_13",NA,NA,NA,NA,NA,NA,NA,NA
"793","59","59_14",NA,NA,NA,NA,NA,NA,NA,NA
"794","59","59_15",NA,NA,NA,NA,NA,NA,NA,NA
"795","59","59_16",NA,NA,NA,NA,NA,NA,NA,NA
"796","59","59_17",NA,NA,NA,NA,NA,NA,NA,NA
"797","59","59_18",NA,NA,NA,NA,NA,NA,NA,NA
"798","60","60_1",NA,NA,NA,NA,NA,NA,NA,NA
"799","60","60_2",NA,NA,NA,NA,NA,NA,NA,NA
"800","60","60_3",NA,NA,NA,NA,NA,NA,NA,NA
"801","60","60_4",NA,NA,NA,NA,NA,NA,NA,NA
"802","60","60_5",NA,NA,NA,NA,NA,NA,NA,NA
"803","60","60_6",NA,NA,NA,NA,NA,NA,NA,NA
"804","60","60_7",NA,NA,NA,NA,NA,NA,NA,NA
"805","61","61_1",NA,NA,NA,NA,NA,NA,NA,NA
"806","61","61_2",NA,NA,NA,NA,NA,NA,NA,NA
"807","61","61_3",NA,NA,NA,NA,NA,NA,NA,NA
"808","61","61_4",NA,NA,NA,NA,NA,NA,NA,NA
"809","61","61_5",NA,NA,NA,NA,NA,NA,NA,NA
"810","61","61_6",NA,NA,NA,NA,NA,NA,NA,NA
"811","61","61_7",NA,NA,NA,NA,NA,NA,NA,NA
"812","61","61_8",NA,NA,NA,NA,NA,NA,NA,NA
"813","61","61_9",NA,NA,NA,NA,NA,NA,NA,NA
"814","61","61_10",NA,NA,NA,NA,NA,NA,NA,NA
"815","61","61_11",NA,NA,NA,NA,NA,NA,NA,NA
"816","61","61_12",NA,NA,NA,NA,NA,NA,NA,NA
"817","61","61_13",NA,NA,NA,NA,NA,NA,NA,NA
"818","61","61_14",NA,NA,NA,NA,NA,NA,NA,NA
"819","61","61_15",NA,NA,NA,NA,NA,NA,NA,NA
"820","61","61_16",NA,NA,NA,NA,NA,NA,NA,NA
"821","61","61_17",NA,NA,NA,NA,NA,NA,NA,NA
"822","61","61_18",NA,NA,NA,NA,NA,NA,NA,NA
"823","61","61_19",NA,NA,NA,NA,NA,NA,NA,NA
"824","61","61_20",NA,NA,NA,NA,NA,NA,NA,NA
"825","61","61_21",NA,NA,NA,NA,NA,NA,NA,NA
"826","61","61_22",NA,NA,NA,NA,NA,NA,NA,NA
"827","61","61_23",NA,NA,NA,NA,NA,NA,NA,NA
"828","62","62_1",NA,NA,NA,NA,NA,NA,NA,NA
"829","62","62_2",NA,NA,NA,NA,NA,NA,NA,NA
"830","62","62_3",NA,NA,NA,NA,NA,NA,NA,NA
"831","62","62_4",NA,NA,NA,NA,NA,NA,NA,NA
"832","62","62_5",NA,NA,NA,NA,NA,NA,NA,NA
"833","62","62_6",NA,NA,NA,NA,NA,NA,NA,NA
"834","62","62_7",NA,NA,NA,NA,NA,NA,NA,NA
"835","62","62_8",NA,NA,NA,NA,NA,NA,NA,NA
"836","62","62_9",NA,NA,NA,NA,NA,NA,NA,NA
"837","62","62_10",NA,NA,NA,NA,NA,NA,NA,NA
"838","62","62_11",NA,NA,NA,NA,NA,NA,NA,NA
"839","62","62_12",NA,NA,NA,NA,NA,NA,NA,NA
"840","62","62_13",NA,NA,NA,NA,NA,NA,NA,NA
"841","62","62_14",NA,NA,NA,NA,NA,NA,NA,NA
"842","62","62_15",NA,NA,NA,NA,NA,NA,NA,NA
"843","62","62_16",NA,NA,NA,NA,NA,NA,NA,NA
"844","63","63_1",NA,NA,NA,NA,NA,NA,NA,NA
"845","63","63_2",NA,NA,NA,NA,NA,NA,NA,NA
"846","63","63_3",NA,NA,NA,NA,NA,NA,NA,NA
"847","63","63_4",NA,NA,NA,NA,NA,NA,NA,NA
"848","63","63_5",NA,NA,NA,NA,NA,NA,NA,NA
"849","63","63_6",NA,NA,NA,NA,NA,NA,NA,NA
"850","63","63_7",NA,NA,NA,NA,NA,NA,NA,NA
"851","63","63_8",NA,NA,NA,NA,NA,NA,NA,NA
"852","63","63_9",NA,NA,NA,NA,NA,NA,NA,NA
"853","63","63_10",NA,NA,NA,NA,NA,NA,NA,NA
"854","63","63_11",NA,NA,NA,NA,NA,NA,NA,NA
"855","63","63_12",NA,NA,NA,NA,NA,NA,NA,NA
"856","63","63_13",NA,NA,NA,NA,NA,NA,NA,NA
"857","63","63_14",NA,NA,NA,NA,NA,NA,NA,NA
"858","63","63_15",NA,NA,NA,NA,NA,NA,NA,NA
"859","63","63_16",NA,NA,NA,NA,NA,NA,NA,NA
"860","63","63_17",NA,NA,NA,NA,NA,NA,NA,NA
"861","63","63_18",NA,NA,NA,NA,NA,NA,NA,NA
"862","63","63_19",NA,NA,NA,NA,NA,NA,NA,NA
"863","64","64_1",NA,NA,NA,NA,NA,NA,NA,NA
"864","64","64_2",NA,NA,NA,NA,NA,NA,NA,NA
"865","64","64_3",NA,NA,NA,NA,NA,NA,NA,NA
"866","64","64_4",NA,NA,NA,NA,NA,NA,NA,NA
"867","64","64_5",NA,NA,NA,NA,NA,NA,NA,NA
"868","64","64_6",NA,NA,NA,NA,NA,NA,NA,NA
"869","64","64_7",NA,NA,NA,NA,NA,NA,NA,NA
"870","64","64_8",NA,NA,NA,NA,NA,NA,NA,NA
"871","64","64_9",NA,NA,NA,NA,NA,NA,NA,NA
"872","64","64_10",NA,NA,NA,NA,NA,NA,NA,NA
"873","64","64_11",NA,NA,NA,NA,NA,NA,NA,NA
"874","64","64_12",NA,NA,NA,NA,NA,NA,NA,NA
"875","64","64_13",NA,NA,NA,NA,NA,NA,NA,NA
"876","64","64_14",NA,NA,NA,NA,NA,NA,NA,NA
"877","64","64_15",NA,NA,NA,NA,NA,NA,NA,NA
"878","64","64_16",NA,NA,NA,NA,NA,NA,NA,NA
"879","64","64_17",NA,NA,NA,NA,NA,NA,NA,NA
"880","64","64_18",NA,NA,NA,NA,NA,NA,NA,NA
"881","64","64_19",NA,NA,NA,NA,NA,NA,NA,NA
"882","64","64_20",NA,NA,NA,NA,NA,NA,NA,NA
"883","64","64_21",NA,NA,NA,NA,NA,NA,NA,NA
"884","64","64_22",NA,NA,NA,NA,NA,NA,NA,NA
"885","64","64_23",NA,NA,NA,NA,NA,NA,NA,NA
"886","65","65_1",NA,NA,NA,NA,NA,NA,NA,NA
"887","65","65_2",NA,NA,NA,NA,NA,NA,NA,NA
"888","65","65_3",NA,NA,NA,NA,NA,NA,NA,NA
"889","65","65_4",NA,NA,NA,NA,NA,NA,NA,NA
"890","65","65_5",NA,NA,NA,NA,NA,NA,NA,NA
"891","65","65_6",NA,NA,NA,NA,NA,NA,NA,NA
"892","65","65_7",NA,NA,NA,NA,NA,NA,NA,NA
"893","65","65_8",NA,NA,NA,NA,NA,NA,NA,NA
"894","65","65_9",NA,NA,NA,NA,NA,NA,NA,NA
"895","65","65_10",NA,NA,NA,NA,NA,NA,NA,NA
"896","65","65_11",NA,NA,NA,NA,NA,NA,NA,NA
"897","65","65_12",NA,NA,NA,NA,NA,NA,NA,NA
"898","65","65_13",NA,NA,NA,NA,NA,NA,NA,NA
"899","66","66_1",NA,NA,NA,NA,NA,NA,NA,NA
"900","66","66_2",NA,NA,NA,NA,NA,NA,NA,NA
"901","66","66_3",NA,NA,NA,NA,NA,NA,NA,NA
"902","66","66_4",NA,NA,NA,NA,NA,NA,NA,NA
"903","66","66_5",NA,NA,NA,NA,NA,NA,NA,NA
"904","66","66_6",NA,NA,NA,NA,NA,NA,NA,NA
"905","66","66_7",NA,NA,NA,NA,NA,NA,NA,NA
"906","66","66_8",NA,NA,NA,NA,NA,NA,NA,NA
"907","66","66_9",NA,NA,NA,NA,NA,NA,NA,NA
"908","67","67_1",NA,NA,NA,NA,NA,NA,NA,NA
"909","67","67_2",NA,NA,NA,NA,NA,NA,NA,NA
"910","67","67_3",NA,NA,NA,NA,NA,NA,NA,NA
"911","67","67_4",NA,NA,NA,NA,NA,NA,NA,NA
"912","67","67_5",NA,NA,NA,NA,NA,NA,NA,NA
"913","67","67_6",NA,NA,NA,NA,NA,NA,NA,NA
"914","68","68_1",NA,NA,NA,NA,NA,NA,NA,NA
"915","68","68_2",NA,NA,NA,NA,NA,NA,NA,NA
"916","68","68_3",NA,NA,NA,NA,NA,NA,NA,NA
"917","68","68_4",NA,NA,NA,NA,NA,NA,NA,NA
"918","68","68_5",NA,NA,NA,NA,NA,NA,NA,NA
"919","69","69_1",NA,NA,NA,NA,NA,NA,NA,NA
"920","69","69_2",NA,NA,NA,NA,NA,NA,NA,NA
"921","69","69_3",NA,NA,NA,NA,NA,NA,NA,NA
"922","69","69_4",NA,NA,NA,NA,NA,NA,NA,NA
"923","69","69_5",NA,NA,NA,NA,NA,NA,NA,NA
"924","69","69_6",NA,NA,NA,NA,NA,NA,NA,NA
"925","69","69_7",NA,NA,NA,NA,NA,NA,NA,NA
"926","69","69_8",NA,NA,NA,NA,NA,NA,NA,NA
"927","69","69_9",NA,NA,NA,NA,NA,NA,NA,NA
"928","69","69_10",NA,NA,NA,NA,NA,NA,NA,NA
"929","69","69_11",NA,NA,NA,NA,NA,NA,NA,NA
"930","69","69_12",NA,NA,NA,NA,NA,NA,NA,NA
"931","70","70_1",NA,NA,NA,NA,NA,NA,NA,NA
"932","70","70_2",NA,NA,NA,NA,NA,NA,NA,NA
"933","70","70_3",NA,NA,NA,NA,NA,NA,NA,NA
"934","70","70_4",NA,NA,NA,NA,NA,NA,NA,NA
"935","71","71_1",NA,NA,NA,NA,NA,NA,NA,NA
"936","71","71_2",NA,NA,NA,NA,NA,NA,NA,NA
"937","71","71_3",NA,NA,NA,NA,NA,NA,NA,NA
"938","71","71_4",NA,NA,NA,NA,NA,NA,NA,NA
"939","71","71_5",NA,NA,NA,NA,NA,NA,NA,NA
"940","71","71_6",NA,NA,NA,NA,NA,NA,NA,NA
"941","71","71_7",NA,NA,NA,NA,NA,NA,NA,NA
"942","71","71_8",NA,NA,NA,NA,NA,NA,NA,NA
"943","71","71_9",NA,NA,NA,NA,NA,NA,NA,NA
"944","71","71_10",NA,NA,NA,NA,NA,NA,NA,NA
"945","71","71_11",NA,NA,NA,NA,NA,NA,NA,NA
"946","71","71_12",NA,NA,NA,NA,NA,NA,NA,NA
"947","71","71_13",NA,NA,NA,NA,NA,NA,NA,NA
"948","72","72_1",NA,NA,NA,NA,NA,NA,NA,NA
"949","72","72_2",NA,NA,NA,NA,NA,NA,NA,NA
"950","72","72_3",NA,NA,NA,NA,NA,NA,NA,NA
"951","72","72_4",NA,NA,NA,NA,NA,NA,NA,NA
"952","72","72_5",NA,NA,NA,NA,NA,NA,NA,NA
"953","72","72_6",NA,NA,NA,NA,NA,NA,NA,NA
"954","72","72_7",NA,NA,NA,NA,NA,NA,NA,NA
"955","72","72_8",NA,NA,NA,NA,NA,NA,NA,NA
"956","72","72_9",NA,NA,NA,NA,NA,NA,NA,NA
"957","72","72_10",NA,NA,NA,NA,NA,NA,NA,NA
"958","72","72_11",NA,NA,NA,NA,NA,NA,NA,NA
"959","72","72_12",NA,NA,NA,NA,NA,NA,NA,NA
"960","72","72_13",NA,NA,NA,NA,NA,NA,NA,NA
"961","72","72_14",NA,NA,NA,NA,NA,NA,NA,NA
"962","72","72_15",NA,NA,NA,NA,NA,NA,NA,NA
"963","72","72_16",NA,NA,NA,NA,NA,NA,NA,NA
"964","72","72_17",NA,NA,NA,NA,NA,NA,NA,NA
"965","72","72_18",NA,NA,NA,NA,NA,NA,NA,NA
"966","72","72_19",NA,NA,NA,NA,NA,NA,NA,NA
"967","72","72_20",NA,NA,NA,NA,NA,NA,NA,NA
"968","72","72_21",NA,NA,NA,NA,NA,NA,NA,NA
"969","72","72_22",NA,NA,NA,NA,NA,NA,NA,NA
"970","72","72_23",NA,NA,NA,NA,NA,NA,NA,NA
"971","72","72_24",NA,NA,NA,NA,NA,NA,NA,NA
"972","72","72_25",NA,NA,NA,NA,NA,NA,NA,NA
"973","72","72_26",NA,NA,NA,NA,NA,NA,NA,NA
"974","72","72_27",NA,NA,NA,NA,NA,NA,NA,NA
"975","72","72_28",NA,NA,NA,NA,NA,NA,NA,NA
"976","72","72_29",NA,NA,NA,NA,NA,NA,NA,NA
"977","72","72_30",NA,NA,NA,NA,NA,NA,NA,NA
"978","72","72_31",NA,NA,NA,NA,NA,NA,NA,NA
"979","73","73_1",NA,NA,NA,NA,NA,NA,NA,NA
"980","73","73_2",NA,NA,NA,NA,NA,NA,NA,NA
"981","73","73_3",NA,NA,NA,NA,NA,NA,NA,NA
"982","73","73_4",NA,NA,NA,NA,NA,NA,NA,NA
"983","73","73_5",NA,NA,NA,NA,NA,NA,NA,NA
"984","73","73_6",NA,NA,NA,NA,NA,NA,NA,NA
"985","73","73_7",NA,NA,NA,NA,NA,NA,NA,NA
"986","73","73_8",NA,NA,NA,NA,NA,NA,NA,NA
"987","73","73_9",NA,NA,NA,NA,NA,NA,NA,NA
"988","73","73_10",NA,NA,NA,NA,NA,NA,NA,NA
"989","73","73_11",NA,NA,NA,NA,NA,NA,NA,NA
"990","73","73_12",NA,NA,NA,NA,NA,NA,NA,NA
"991","73","73_13",NA,NA,NA,NA,NA,NA,NA,NA
"992","73","73_14",NA,NA,NA,NA,NA,NA,NA,NA
"993","73","73_15",NA,NA,NA,NA,NA,NA,NA,NA
"994","73","73_16",NA,NA,NA,NA,NA,NA,NA,NA
"995","73","73_17",NA,NA,NA,NA,NA,NA,NA,NA
"996","73","73_18",NA,NA,NA,NA,NA,NA,NA,NA
"997","73","73_19",NA,NA,NA,NA,NA,NA,NA,NA
"998","73","73_20",NA,NA,NA,NA,NA,NA,NA,NA
"999","73","73_21",NA,NA,NA,NA,NA,NA,NA,NA
"1000","73","73_22",NA,NA,NA,NA,NA,NA,NA,NA
"1001","73","73_23",NA,NA,NA,NA,NA,NA,NA,NA
"1002","73","73_24",NA,NA,NA,NA,NA,NA,NA,NA
"1003","73","73_25",NA,NA,NA,NA,NA,NA,NA,NA
"1004","73","73_26",NA,NA,NA,NA,NA,NA,NA,NA
"1005","74","74_1",NA,NA,NA,NA,NA,NA,NA,NA
"1006","74","74_2",NA,NA,NA,NA,NA,NA,NA,NA
"1007","74","74_3",NA,NA,NA,NA,NA,NA,NA,NA
"1008","74","74_4",NA,NA,NA,NA,NA,NA,NA,NA
"1009","74","74_5",NA,NA,NA,NA,NA,NA,NA,NA
"1010","74","74_6",NA,NA,NA,NA,NA,NA,NA,NA
"1011","74","74_7",NA,NA,NA,NA,NA,NA,NA,NA
"1012","74","74_8",NA,NA,NA,NA,NA,NA,NA,NA
"1013","74","74_9",NA,NA,NA,NA,NA,NA,NA,NA
"1014","74","74_10",NA,NA,NA,NA,NA,NA,NA,NA
"1015","74","74_11",NA,NA,NA,NA,NA,NA,NA,NA
"1016","74","74_12",NA,NA,NA,NA,NA,NA,NA,NA
"1017","74","74_13",NA,NA,NA,NA,NA,NA,NA,NA
"1018","74","74_14",NA,NA,NA,NA,NA,NA,NA,NA
"1019","74","74_15",NA,NA,NA,NA,NA,NA,NA,NA
"1020","74","74_16",NA,NA,NA,NA,NA,NA,NA,NA
"1021","74","74_17",NA,NA,NA,NA,NA,NA,NA,NA
"1022","74","74_18",NA,NA,NA,NA,NA,NA,NA,NA
"1023","74","74_19",NA,NA,NA,NA,NA,NA,NA,NA
"1024","74","74_20",NA,NA,NA,NA,NA,NA,NA,NA
"1025","74","74_21",NA,NA,NA,NA,NA,NA,NA,NA
"1026","74","74_22",NA,NA,NA,NA,NA,NA,NA,NA
"1027","74","74_23",NA,NA,NA,NA,NA,NA,NA,NA
"1028","74","74_24",NA,NA,NA,NA,NA,NA,NA,NA
"1029","75","75_1",NA,NA,NA,NA,NA,NA,NA,NA
"1030","75","75_2",NA,NA,NA,NA,NA,NA,NA,NA
"1031","75","75_3",NA,NA,NA,NA,NA,NA,NA,NA
"1032","75","75_4",NA,NA,NA,NA,NA,NA,NA,NA
"1033","75","75_5",NA,NA,NA,NA,NA,NA,NA,NA
"1034","76","76_1",NA,NA,NA,NA,NA,NA,NA,NA
"1035","76","76_2",NA,NA,NA,NA,NA,NA,NA,NA
"1036","76","76_3",NA,NA,NA,NA,NA,NA,NA,NA
"1037","76","76_4",NA,NA,NA,NA,NA,NA,NA,NA
"1038","76","76_5",NA,NA,NA,NA,NA,NA,NA,NA
"1039","76","76_6",NA,NA,NA,NA,NA,NA,NA,NA
"1040","76","76_7",NA,NA,NA,NA,NA,NA,NA,NA
"1041","76","76_8",NA,NA,NA,NA,NA,NA,NA,NA
"1042","76","76_9",NA,NA,NA,NA,NA,NA,NA,NA
"1043","76","76_10",NA,NA,NA,NA,NA,NA,NA,NA
"1044","76","76_11",NA,NA,NA,NA,NA,NA,NA,NA
"1045","77","77_1",NA,NA,NA,NA,NA,NA,NA,NA
"1046","77","77_2",NA,NA,NA,NA,NA,NA,NA,NA
"1047","77","77_3",NA,NA,NA,NA,NA,NA,NA,NA
"1048","77","77_4",NA,NA,NA,NA,NA,NA,NA,NA
"1049","77","77_5",NA,NA,NA,NA,NA,NA,NA,NA
"1050","77","77_6",NA,NA,NA,NA,NA,NA,NA,NA
"1051","77","77_7",NA,NA,NA,NA,NA,NA,NA,NA
"1052","77","77_8",NA,NA,NA,NA,NA,NA,NA,NA
"1053","77","77_9",NA,NA,NA,NA,NA,NA,NA,NA
"1054","77","77_10",NA,NA,NA,NA,NA,NA,NA,NA
"1055","77","77_11",NA,NA,NA,NA,NA,NA,NA,NA
"1056","77","77_12",NA,NA,NA,NA,NA,NA,NA,NA
"1057","77","77_13",NA,NA,NA,NA,NA,NA,NA,NA
"1058","77","77_14",NA,NA,NA,NA,NA,NA,NA,NA
"1059","77","77_15",NA,NA,NA,NA,NA,NA,NA,NA
"1060","77","77_16",NA,NA,NA,NA,NA,NA,NA,NA
"1061","77","77_17",NA,NA,NA,NA,NA,NA,NA,NA
"1062","77","77_18",NA,NA,NA,NA,NA,NA,NA,NA
"1063","77","77_19",NA,NA,NA,NA,NA,NA,NA,NA
"1064","77","77_20",NA,NA,NA,NA,NA,NA,NA,NA
"1065","77","77_21",NA,NA,NA,NA,NA,NA,NA,NA
"1066","77","77_22",NA,NA,NA,NA,NA,NA,NA,NA
"1067","77","77_23",NA,NA,NA,NA,NA,NA,NA,NA
"1068","77","77_24",NA,NA,NA,NA,NA,NA,NA,NA
"1069","77","77_25",NA,NA,NA,NA,NA,NA,NA,NA
"1070","77","77_26",NA,NA,NA,NA,NA,NA,NA,NA
"1071","77","77_27",NA,NA,NA,NA,NA,NA,NA,NA
"1072","77","77_28",NA,NA,NA,NA,NA,NA,NA,NA
"1073","77","77_29",NA,NA,NA,NA,NA,NA,NA,NA
"1074","77","77_30",NA,NA,NA,NA,NA,NA,NA,NA
"1075","77","77_31",NA,NA,NA,NA,NA,NA,NA,NA
"1076","77","77_32",NA,NA,NA,NA,NA,NA,NA,NA
"1077","77","77_33",NA,NA,NA,NA,NA,NA,NA,NA
"1078","77","77_34",NA,NA,NA,NA,NA,NA,NA,NA
"1079","77","77_35",NA,NA,NA,NA,NA,NA,NA,NA
"1080","77","77_36",NA,NA,NA,NA,NA,NA,NA,NA
"1081","77","77_37",NA,NA,NA,NA,NA,NA,NA,NA
"1082","77","77_38",NA,NA,NA,NA,NA,NA,NA,NA
"1083","77","77_39",NA,NA,NA,NA,NA,NA,NA,NA
"1084","77","77_40",NA,NA,NA,NA,NA,NA,NA,NA
"1085","77","77_41",NA,NA,NA,NA,NA,NA,NA,NA
"1086","77","77_42",NA,NA,NA,NA,NA,NA,NA,NA
"1087","77","77_43",NA,NA,NA,NA,NA,NA,NA,NA
"1088","77","77_44",NA,NA,NA,NA,NA,NA,NA,NA
"1089","78","78_1",NA,NA,NA,NA,NA,NA,NA,NA
"1090","78","78_2",NA,NA,NA,NA,NA,NA,NA,NA
"1091","78","78_3",NA,NA,NA,NA,NA,NA,NA,NA
"1092","78","78_4",NA,NA,NA,NA,NA,NA,NA,NA
"1093","78","78_5",NA,NA,NA,NA,NA,NA,NA,NA
"1094","78","78_6",NA,NA,NA,NA,NA,NA,NA,NA
"1095","78","78_7",NA,NA,NA,NA,NA,NA,NA,NA
"1096","78","78_8",NA,NA,NA,NA,NA,NA,NA,NA
"1097","78","78_9",NA,NA,NA,NA,NA,NA,NA,NA
"1098","78","78_10",NA,NA,NA,NA,NA,NA,NA,NA
"1099","78","78_11",NA,NA,NA,NA,NA,NA,NA,NA
"1100","78","78_12",NA,NA,NA,NA,NA,NA,NA,NA
"1101","78","78_13",NA,NA,NA,NA,NA,NA,NA,NA
"1102","78","78_14",NA,NA,NA,NA,NA,NA,NA,NA
"1103","78","78_15",NA,NA,NA,NA,NA,NA,NA,NA
"1104","78","78_16",NA,NA,NA,NA,NA,NA,NA,NA
"1105","78","78_17",NA,NA,NA,NA,NA,NA,NA,NA
"1106","78","78_18",NA,NA,NA,NA,NA,NA,NA,NA
"1107","78","78_19",NA,NA,NA,NA,NA,NA,NA,NA
"1108","78","78_20",NA,NA,NA,NA,NA,NA,NA,NA
"1109","78","78_21",NA,NA,NA,NA,NA,NA,NA,NA
"1110","78","78_22",NA,NA,NA,NA,NA,NA,NA,NA
"1111","78","78_23",NA,NA,NA,NA,NA,NA,NA,NA
"1112","78","78_24",NA,NA,NA,NA,NA,NA,NA,NA
"1113","78","78_25",NA,NA,NA,NA,NA,NA,NA,NA
"1114","78","78_26",NA,NA,NA,NA,NA,NA,NA,NA
"1115","78","78_27",NA,NA,NA,NA,NA,NA,NA,NA
"1116","78","78_28",NA,NA,NA,NA,NA,NA,NA,NA
"1117","78","78_29",NA,NA,NA,NA,NA,NA,NA,NA
"1118","78","78_30",NA,NA,NA,NA,NA,NA,NA,NA
"1119","78","78_31",NA,NA,NA,NA,NA,NA,NA,NA
"1120","78","78_32",NA,NA,NA,NA,NA,NA,NA,NA
"1121","78","78_33",NA,NA,NA,NA,NA,NA,NA,NA
"1122","78","78_34",NA,NA,NA,NA,NA,NA,NA,NA
"1123","78","78_35",NA,NA,NA,NA,NA,NA,NA,NA
"1124","78","78_36",NA,NA,NA,NA,NA,NA,NA,NA
"1125","78","78_37",NA,NA,NA,NA,NA,NA,NA,NA
"1126","78","78_38",NA,NA,NA,NA,NA,NA,NA,NA
"1127","79","79_1",NA,NA,NA,NA,NA,NA,NA,NA
"1128","79","79_2",NA,NA,NA,NA,NA,NA,NA,NA
"1129","79","79_3",NA,NA,NA,NA,NA,NA,NA,NA
"1130","79","79_4",NA,NA,NA,NA,NA,NA,NA,NA
"1131","79","79_5",NA,NA,NA,NA,NA,NA,NA,NA
"1132","79","79_6",NA,NA,NA,NA,NA,NA,NA,NA
"1133","79","79_7",NA,NA,NA,NA,NA,NA,NA,NA
"1134","79","79_8",NA,NA,NA,NA,NA,NA,NA,NA
"1135","79","79_9",NA,NA,NA,NA,NA,NA,NA,NA
"1136","79","79_10",NA,NA,NA,NA,NA,NA,NA,NA
"1137","79","79_11",NA,NA,NA,NA,NA,NA,NA,NA
"1138","79","79_12",NA,NA,NA,NA,NA,NA,NA,NA
"1139","79","79_13",NA,NA,NA,NA,NA,NA,NA,NA
"1140","80","80_1",NA,NA,NA,NA,NA,NA,NA,NA
"1141","80","80_2",NA,NA,NA,NA,NA,NA,NA,NA
"1142","80","80_3",NA,NA,NA,NA,NA,NA,NA,NA
"1143","80","80_4",NA,NA,NA,NA,NA,NA,NA,NA
"1144","80","80_5",NA,NA,NA,NA,NA,NA,NA,NA
"1145","80","80_6",NA,NA,NA,NA,NA,NA,NA,NA
"1146","80","80_7",NA,NA,NA,NA,NA,NA,NA,NA
"1147","80","80_8",NA,NA,NA,NA,NA,NA,NA,NA
"1148","80","80_9",NA,NA,NA,NA,NA,NA,NA,NA
"1149","80","80_10",NA,NA,NA,NA,NA,NA,NA,NA
"1150","80","80_11",NA,NA,NA,NA,NA,NA,NA,NA
"1151","80","80_12",NA,NA,NA,NA,NA,NA,NA,NA
"1152","80","80_13",NA,NA,NA,NA,NA,NA,NA,NA
"1153","81","81_1",NA,NA,NA,NA,NA,NA,NA,NA
"1154","81","81_2",NA,NA,NA,NA,NA,NA,NA,NA
"1155","81","81_3",NA,NA,NA,NA,NA,NA,NA,NA
"1156","81","81_4",NA,NA,NA,NA,NA,NA,NA,NA
"1157","81","81_5",NA,NA,NA,NA,NA,NA,NA,NA
"1158","81","81_6",NA,NA,NA,NA,NA,NA,NA,NA
"1159","81","81_7",NA,NA,NA,NA,NA,NA,NA,NA
"1160","81","81_8",NA,NA,NA,NA,NA,NA,NA,NA
"1161","81","81_9",NA,NA,NA,NA,NA,NA,NA,NA
"1162","81","81_10",NA,NA,NA,NA,NA,NA,NA,NA
"1163","81","81_11",NA,NA,NA,NA,NA,NA,NA,NA
"1164","81","81_12",NA,NA,NA,NA,NA,NA,NA,NA
"1165","81","81_13",NA,NA,NA,NA,NA,NA,NA,NA
"1166","81","81_14",NA,NA,NA,NA,NA,NA,NA,NA
"1167","81","81_15",NA,NA,NA,NA,NA,NA,NA,NA
"1168","81","81_16",NA,NA,NA,NA,NA,NA,NA,NA
"1169","81","81_17",NA,NA,NA,NA,NA,NA,NA,NA
"1170","81","81_18",NA,NA,NA,NA,NA,NA,NA,NA
"1171","81","81_19",NA,NA,NA,NA,NA,NA,NA,NA
"1172","81","81_20",NA,NA,NA,NA,NA,NA,NA,NA
"1173","81","81_21",NA,NA,NA,NA,NA,NA,NA,NA
"1174","81","81_22",NA,NA,NA,NA,NA,NA,NA,NA
"1175","82","82_1",NA,NA,NA,NA,NA,NA,NA,NA
"1176","82","82_2",NA,NA,NA,NA,NA,NA,NA,NA
"1177","82","82_3",NA,NA,NA,NA,NA,NA,NA,NA
"1178","82","82_4",NA,NA,NA,NA,NA,NA,NA,NA
"1179","82","82_5",NA,NA,NA,NA,NA,NA,NA,NA
"1180","82","82_6",NA,NA,NA,NA,NA,NA,NA,NA
"1181","82","82_7",NA,NA,NA,NA,NA,NA,NA,NA
"1182","82","82_8",NA,NA,NA,NA,NA,NA,NA,NA
"1183","82","82_9",NA,NA,NA,NA,NA,NA,NA,NA
"1184","82","82_10",NA,NA,NA,NA,NA,NA,NA,NA
"1185","82","82_11",NA,NA,NA,NA,NA,NA,NA,NA
"1186","82","82_12",NA,NA,NA,NA,NA,NA,NA,NA
"1187","82","82_13",NA,NA,NA,NA,NA,NA,NA,NA
"1188","82","82_14",NA,NA,NA,NA,NA,NA,NA,NA
"1189","82","82_15",NA,NA,NA,NA,NA,NA,NA,NA
"1190","82","82_16",NA,NA,NA,NA,NA,NA,NA,NA
"1191","82","82_17",NA,NA,NA,NA,NA,NA,NA,NA
"1192","82","82_18",NA,NA,NA,NA,NA,NA,NA,NA
"1193","82","82_19",NA,NA,NA,NA,NA,NA,NA,NA
"1194","82","82_20",NA,NA,NA,NA,NA,NA,NA,NA
"1195","82","82_21",NA,NA,NA,NA,NA,NA,NA,NA
"1196","82","82_22",NA,NA,NA,NA,NA,NA,NA,NA
"1197","83","83_1",NA,NA,NA,NA,NA,NA,NA,NA
"1198","83","83_2",NA,NA,NA,NA,NA,NA,NA,NA
"1199","83","83_3",NA,NA,NA,NA,NA,NA,NA,NA
"1200","83","83_4",NA,NA,NA,NA,NA,NA,NA,NA
"1201","83","83_5",NA,NA,NA,NA,NA,NA,NA,NA
"1202","83","83_6",NA,NA,NA,NA,NA,NA,NA,NA
"1203","83","83_7",NA,NA,NA,NA,NA,NA,NA,NA
"1204","83","83_8",NA,NA,NA,NA,NA,NA,NA,NA
"1205","83","83_9",NA,NA,NA,NA,NA,NA,NA,NA
"1206","83","83_10",NA,NA,NA,NA,NA,NA,NA,NA
"1207","83","83_11",NA,NA,NA,NA,NA,NA,NA,NA
"1208","83","83_12",NA,NA,NA,NA,NA,NA,NA,NA
"1209","83","83_13",NA,NA,NA,NA,NA,NA,NA,NA
"1210","83","83_14",NA,NA,NA,NA,NA,NA,NA,NA
"1211","83","83_15",NA,NA,NA,NA,NA,NA,NA,NA
"1212","83","83_16",NA,NA,NA,NA,NA,NA,NA,NA
"1213","83","83_17",NA,NA,NA,NA,NA,NA,NA,NA
"1214","83","83_18",NA,NA,NA,NA,NA,NA,NA,NA
"1215","84","84_1",NA,NA,NA,NA,NA,NA,NA,NA
"1216","84","84_2",NA,NA,NA,NA,NA,NA,NA,NA
"1217","84","84_3",NA,NA,NA,NA,NA,NA,NA,NA
"1218","84","84_4",NA,NA,NA,NA,NA,NA,NA,NA
"1219","84","84_5",NA,NA,NA,NA,NA,NA,NA,NA
"1220","84","84_6",NA,NA,NA,NA,NA,NA,NA,NA
"1221","84","84_7",NA,NA,NA,NA,NA,NA,NA,NA
"1222","84","84_8",NA,NA,NA,NA,NA,NA,NA,NA
"1223","84","84_9",NA,NA,NA,NA,NA,NA,NA,NA
"1224","84","84_10",NA,NA,NA,NA,NA,NA,NA,NA
"1225","84","84_11",NA,NA,NA,NA,NA,NA,NA,NA
"1226","84","84_12",NA,NA,NA,NA,NA,NA,NA,NA
"1227","84","84_13",NA,NA,NA,NA,NA,NA,NA,NA
"1228","84","84_14",NA,NA,NA,NA,NA,NA,NA,NA
"1229","84","84_15",NA,NA,NA,NA,NA,NA,NA,NA
"1230","84","84_16",NA,NA,NA,NA,NA,NA,NA,NA
"1231","84","84_17",NA,NA,NA,NA,NA,NA,NA,NA
"1232","84","84_18",NA,NA,NA,NA,NA,NA,NA,NA
"1233","84","84_19",NA,NA,NA,NA,NA,NA,NA,NA
"1234","84","84_20",NA,NA,NA,NA,NA,NA,NA,NA
"1235","84","84_21",NA,NA,NA,NA,NA,NA,NA,NA
"1236","84","84_22",NA,NA,NA,NA,NA,NA,NA,NA
"1237","84","84_23",NA,NA,NA,NA,NA,NA,NA,NA
"1238","84","84_24",NA,NA,NA,NA,NA,NA,NA,NA
"1239","84","84_25",NA,NA,NA,NA,NA,NA,NA,NA
"1240","85","85_1",NA,NA,NA,NA,NA,NA,NA,NA
"1241","85","85_2",NA,NA,NA,NA,NA,NA,NA,NA
"1242","85","85_3",NA,NA,NA,NA,NA,NA,NA,NA
"1243","85","85_4",NA,NA,NA,NA,NA,NA,NA,NA
"1244","85","85_5",NA,NA,NA,NA,NA,NA,NA,NA
"1245","85","85_6",NA,NA,NA,NA,NA,NA,NA,NA
"1246","85","85_7",NA,NA,NA,NA,NA,NA,NA,NA
"1247","85","85_8",NA,NA,NA,NA,NA,NA,NA,NA
"1248","85","85_9",NA,NA,NA,NA,NA,NA,NA,NA
"1249","85","85_10",NA,NA,NA,NA,NA,NA,NA,NA
"1250","85","85_11",NA,NA,NA,NA,NA,NA,NA,NA
"1251","85","85_12",NA,NA,NA,NA,NA,NA,NA,NA
"1252","85","85_13",NA,NA,NA,NA,NA,NA,NA,NA
"1253","85","85_14",NA,NA,NA,NA,NA,NA,NA,NA
"1254","85","85_15",NA,NA,NA,NA,NA,NA,NA,NA
"1255","86","86_1",NA,NA,NA,NA,NA,NA,NA,NA
"1256","86","86_2",NA,NA,NA,NA,NA,NA,NA,NA
"1257","86","86_3",NA,NA,NA,NA,NA,NA,NA,NA
"1258","86","86_4",NA,NA,NA,NA,NA,NA,NA,NA
"1259","86","86_5",NA,NA,NA,NA,NA,NA,NA,NA
"1260","86","86_6",NA,NA,NA,NA,NA,NA,NA,NA
"1261","86","86_7",NA,NA,NA,NA,NA,NA,NA,NA
"1262","86","86_8",NA,NA,NA,NA,NA,NA,NA,NA
"1263","86","86_9",NA,NA,NA,NA,NA,NA,NA,NA
"1264","86","86_10",NA,NA,NA,NA,NA,NA,NA,NA
"1265","86","86_11",NA,NA,NA,NA,NA,NA,NA,NA
"1266","86","86_12",NA,NA,NA,NA,NA,NA,NA,NA
"1267","86","86_13",NA,NA,NA,NA,NA,NA,NA,NA
"1268","86","86_14",NA,NA,NA,NA,NA,NA,NA,NA
"1269","86","86_15",NA,NA,NA,NA,NA,NA,NA,NA
"1270","87","87_1",NA,NA,NA,NA,NA,NA,NA,NA
"1271","87","87_2",NA,NA,NA,NA,NA,NA,NA,NA
"1272","87","87_3",NA,NA,NA,NA,NA,NA,NA,NA
"1273","87","87_4",NA,NA,NA,NA,NA,NA,NA,NA
"1274","87","87_5",NA,NA,NA,NA,NA,NA,NA,NA
"1275","87","87_6",NA,NA,NA,NA,NA,NA,NA,NA
"1276","87","87_7",NA,NA,NA,NA,NA,NA,NA,NA
"1277","87","87_8",NA,NA,NA,NA,NA,NA,NA,NA
"1278","87","87_9",NA,NA,NA,NA,NA,NA,NA,NA
"1279","87","87_10",NA,NA,NA,NA,NA,NA,NA,NA
"1280","87","87_11",NA,NA,NA,NA,NA,NA,NA,NA
"1281","87","87_12",NA,NA,NA,NA,NA,NA,NA,NA
"1282","87","87_13",NA,NA,NA,NA,NA,NA,NA,NA
"1283","87","87_14",NA,NA,NA,NA,NA,NA,NA,NA
"1284","87","87_15",NA,NA,NA,NA,NA,NA,NA,NA
"1285","87","87_16",NA,NA,NA,NA,NA,NA,NA,NA
"1286","87","87_17",NA,NA,NA,NA,NA,NA,NA,NA
"1287","87","87_18",NA,NA,NA,NA,NA,NA,NA,NA
"1288","87","87_19",NA,NA,NA,NA,NA,NA,NA,NA
"1289","87","87_20",NA,NA,NA,NA,NA,NA,NA,NA
"1290","87","87_21",NA,NA,NA,NA,NA,NA,NA,NA
"1291","87","87_22",NA,NA,NA,NA,NA,NA,NA,NA
"1292","87","87_23",NA,NA,NA,NA,NA,NA,NA,NA
"1293","87","87_24",NA,NA,NA,NA,NA,NA,NA,NA
"1294","87","87_25",NA,NA,NA,NA,NA,NA,NA,NA
"1295","87","87_26",NA,NA,NA,NA,NA,NA,NA,NA
"1296","87","87_27",NA,NA,NA,NA,NA,NA,NA,NA
"1297","87","87_28",NA,NA,NA,NA,NA,NA,NA,NA
"1298","87","87_29",NA,NA,NA,NA,NA,NA,NA,NA
"1299","87","87_30",NA,NA,NA,NA,NA,NA,NA,NA
"1300","87","87_31",NA,NA,NA,NA,NA,NA,NA,NA
"1301","87","87_32",NA,NA,NA,NA,NA,NA,NA,NA
"1302","87","87_33",NA,NA,NA,NA,NA,NA,NA,NA
"1303","87","87_34",NA,NA,NA,NA,NA,NA,NA,NA
"1304","87","87_35",NA,NA,NA,NA,NA,NA,NA,NA
"1305","87","87_36",NA,NA,NA,NA,NA,NA,NA,NA
"1306","87","87_37",NA,NA,NA,NA,NA,NA,NA,NA
"1307","87","87_38",NA,NA,NA,NA,NA,NA,NA,NA
"1308","87","87_39",NA,NA,NA,NA,NA,NA,NA,NA
"1309","87","87_40",NA,NA,NA,NA,NA,NA,NA,NA
"1310","88","88_1",NA,NA,NA,NA,NA,NA,NA,NA
"1311","88","88_2",NA,NA,NA,NA,NA,NA,NA,NA
"1312","88","88_3",NA,NA,NA,NA,NA,NA,NA,NA
"1313","88","88_4",NA,NA,NA,NA,NA,NA,NA,NA
"1314","88","88_5",NA,NA,NA,NA,NA,NA,NA,NA
"1315","88","88_6",NA,NA,NA,NA,NA,NA,NA,NA
"1316","88","88_7",NA,NA,NA,NA,NA,NA,NA,NA
"1317","88","88_8",NA,NA,NA,NA,NA,NA,NA,NA
"1318","88","88_9",NA,NA,NA,NA,NA,NA,NA,NA
"1319","88","88_10",NA,NA,NA,NA,NA,NA,NA,NA
"1320","88","88_11",NA,NA,NA,NA,NA,NA,NA,NA
"1321","88","88_12",NA,NA,NA,NA,NA,NA,NA,NA
"1322","88","88_13",NA,NA,NA,NA,NA,NA,NA,NA
"1323","88","88_14",NA,NA,NA,NA,NA,NA,NA,NA
"1324","88","88_15",NA,NA,NA,NA,NA,NA,NA,NA
"1325","88","88_16",NA,NA,NA,NA,NA,NA,NA,NA
"1326","88","88_17",NA,NA,NA,NA,NA,NA,NA,NA
"1327","88","88_18",NA,NA,NA,NA,NA,NA,NA,NA
"1328","88","88_19",NA,NA,NA,NA,NA,NA,NA,NA
"1329","88","88_20",NA,NA,NA,NA,NA,NA,NA,NA
"1330","88","88_21",NA,NA,NA,NA,NA,NA,NA,NA
"1331","88","88_22",NA,NA,NA,NA,NA,NA,NA,NA
"1332","88","88_23",NA,NA,NA,NA,NA,NA,NA,NA
"1333","88","88_24",NA,NA,NA,NA,NA,NA,NA,NA
"1334","88","88_25",NA,NA,NA,NA,NA,NA,NA,NA
"1335","88","88_26",NA,NA,NA,NA,NA,NA,NA,NA
"1336","88","88_27",NA,NA,NA,NA,NA,NA,NA,NA
"1337","88","88_28",NA,NA,NA,NA,NA,NA,NA,NA
"1338","88","88_29",NA,NA,NA,NA,NA,NA,NA,NA
"1339","88","88_30",NA,NA,NA,NA,NA,NA,NA,NA
"1340","88","88_31",NA,NA,NA,NA,NA,NA,NA,NA
"1341","88","88_32",NA,NA,NA,NA,NA,NA,NA,NA
"1342","89","89_1",NA,NA,NA,NA,NA,NA,NA,NA
"1343","89","89_2",NA,NA,NA,NA,NA,NA,NA,NA
"1344","89","89_3",NA,NA,NA,NA,NA,NA,NA,NA
"1345","89","89_4",NA,NA,NA,NA,NA,NA,NA,NA
"1346","89","89_5",NA,NA,NA,NA,NA,NA,NA,NA
"1347","89","89_6",NA,NA,NA,NA,NA,NA,NA,NA
"1348","89","89_7",NA,NA,NA,NA,NA,NA,NA,NA
"1349","89","89_8",NA,NA,NA,NA,NA,NA,NA,NA
"1350","89","89_9",NA,NA,NA,NA,NA,NA,NA,NA
"1351","89","89_10",NA,NA,NA,NA,NA,NA,NA,NA
"1352","89","89_11",NA,NA,NA,NA,NA,NA,NA,NA
"1353","89","89_12",NA,NA,NA,NA,NA,NA,NA,NA
"1354","89","89_13",NA,NA,NA,NA,NA,NA,NA,NA
"1355","89","89_14",NA,NA,NA,NA,NA,NA,NA,NA
"1356","89","89_15",NA,NA,NA,NA,NA,NA,NA,NA
"1357","89","89_16",NA,NA,NA,NA,NA,NA,NA,NA
"1358","89","89_17",NA,NA,NA,NA,NA,NA,NA,NA
"1359","89","89_18",NA,NA,NA,NA,NA,NA,NA,NA
"1360","89","89_19",NA,NA,NA,NA,NA,NA,NA,NA
"1361","89","89_20",NA,NA,NA,NA,NA,NA,NA,NA
"1362","89","89_21",NA,NA,NA,NA,NA,NA,NA,NA
"1363","89","89_22",NA,NA,NA,NA,NA,NA,NA,NA
"1364","89","89_23",NA,NA,NA,NA,NA,NA,NA,NA
"1365","89","89_24",NA,NA,NA,NA,NA,NA,NA,NA
"1366","89","89_25",NA,NA,NA,NA,NA,NA,NA,NA
"1367","89","89_26",NA,NA,NA,NA,NA,NA,NA,NA
"1368","89","89_27",NA,NA,NA,NA,NA,NA,NA,NA
"1369","89","89_28",NA,NA,NA,NA,NA,NA,NA,NA
"1370","89","89_29",NA,NA,NA,NA,NA,NA,NA,NA
"1371","89","89_30",NA,NA,NA,NA,NA,NA,NA,NA
"1372","89","89_31",NA,NA,NA,NA,NA,NA,NA,NA
"1373","89","89_32",NA,NA,NA,NA,NA,NA,NA,NA
"1374","90","90_1",NA,NA,NA,NA,NA,NA,NA,NA
"1375","90","90_2",NA,NA,NA,NA,NA,NA,NA,NA
"1376","90","90_3",NA,NA,NA,NA,NA,NA,NA,NA
"1377","90","90_4",NA,NA,NA,NA,NA,NA,NA,NA
"1378","90","90_5",NA,NA,NA,NA,NA,NA,NA,NA
"1379","90","90_6",NA,NA,NA,NA,NA,NA,NA,NA
"1380","90","90_7",NA,NA,NA,NA,NA,NA,NA,NA
"1381","90","90_8",NA,NA,NA,NA,NA,NA,NA,NA
"1382","90","90_9",NA,NA,NA,NA,NA,NA,NA,NA
"1383","90","90_10",NA,NA,NA,NA,NA,NA,NA,NA
"1384","90","90_11",NA,NA,NA,NA,NA,NA,NA,NA
"1385","90","90_12",NA,NA,NA,NA,NA,NA,NA,NA
"1386","90","90_13",NA,NA,NA,NA,NA,NA,NA,NA
"1387","90","90_14",NA,NA,NA,NA,NA,NA,NA,NA
"1388","90","90_15",NA,NA,NA,NA,NA,NA,NA,NA
"1389","90","90_16",NA,NA,NA,NA,NA,NA,NA,NA
"1390","90","90_17",NA,NA,NA,NA,NA,NA,NA,NA
"1391","90","90_18",NA,NA,NA,NA,NA,NA,NA,NA
"1392","90","90_19",NA,NA,NA,NA,NA,NA,NA,NA
"1393","90","90_20",NA,NA,NA,NA,NA,NA,NA,NA
"1394","90","90_21",NA,NA,NA,NA,NA,NA,NA,NA
"1395","90","90_22",NA,NA,NA,NA,NA,NA,NA,NA
"1396","90","90_23",NA,NA,NA,NA,NA,NA,NA,NA
"1397","90","90_24",NA,NA,NA,NA,NA,NA,NA,NA
"1398","90","90_25",NA,NA,NA,NA,NA,NA,NA,NA
"1399","90","90_26",NA,NA,NA,NA,NA,NA,NA,NA
"1400","90","90_27",NA,NA,NA,NA,NA,NA,NA,NA
"1401","90","90_28",NA,NA,NA,NA,NA,NA,NA,NA
"1402","90","90_29",NA,NA,NA,NA,NA,NA,NA,NA
"1403","90","90_30",NA,NA,NA,NA,NA,NA,NA,NA
"1404","90","90_31",NA,NA,NA,NA,NA,NA,NA,NA
"1405","90","90_32",NA,NA,NA,NA,NA,NA,NA,NA
"1406","90","90_33",NA,NA,NA,NA,NA,NA,NA,NA
"1407","90","90_34",NA,NA,NA,NA,NA,NA,NA,NA
"1408","90","90_35",NA,NA,NA,NA,NA,NA,NA,NA
"1409","91","91_1",NA,NA,NA,NA,NA,NA,NA,NA
"1410","91","91_2",NA,NA,NA,NA,NA,NA,NA,NA
"1411","91","91_3",NA,NA,NA,NA,NA,NA,NA,NA
"1412","91","91_4",NA,NA,NA,NA,NA,NA,NA,NA
"1413","91","91_5",NA,NA,NA,NA,NA,NA,NA,NA
"1414","91","91_6",NA,NA,NA,NA,NA,NA,NA,NA
"1415","91","91_7",NA,NA,NA,NA,NA,NA,NA,NA
"1416","91","91_8",NA,NA,NA,NA,NA,NA,NA,NA
"1417","91","91_9",NA,NA,NA,NA,NA,NA,NA,NA
"1418","91","91_10",NA,NA,NA,NA,NA,NA,NA,NA
"1419","91","91_11",NA,NA,NA,NA,NA,NA,NA,NA
"1420","91","91_12",NA,NA,NA,NA,NA,NA,NA,NA
"1421","91","91_13",NA,NA,NA,NA,NA,NA,NA,NA
"1422","91","91_14",NA,NA,NA,NA,NA,NA,NA,NA
"1423","91","91_15",NA,NA,NA,NA,NA,NA,NA,NA
"1424","91","91_16",NA,NA,NA,NA,NA,NA,NA,NA
"1425","91","91_17",NA,NA,NA,NA,NA,NA,NA,NA
"1426","91","91_18",NA,NA,NA,NA,NA,NA,NA,NA
"1427","91","91_19",NA,NA,NA,NA,NA,NA,NA,NA
"1428","91","91_20",NA,NA,NA,NA,NA,NA,NA,NA
"1429","91","91_21",NA,NA,NA,NA,NA,NA,NA,NA
"1430","91","91_22",NA,NA,NA,NA,NA,NA,NA,NA
"1431","91","91_23",NA,NA,NA,NA,NA,NA,NA,NA
"1432","91","91_24",NA,NA,NA,NA,NA,NA,NA,NA
"1433","91","91_25",NA,NA,NA,NA,NA,NA,NA,NA
"1434","91","91_26",NA,NA,NA,NA,NA,NA,NA,NA
"1435","91","91_27",NA,NA,NA,NA,NA,NA,NA,NA
"1436","91","91_28",NA,NA,NA,NA,NA,NA,NA,NA
"1437","91","91_29",NA,NA,NA,NA,NA,NA,NA,NA
"1438","91","91_30",NA,NA,NA,NA,NA,NA,NA,NA
"1439","91","91_31",NA,NA,NA,NA,NA,NA,NA,NA
"1440","91","91_32",NA,NA,NA,NA,NA,NA,NA,NA
"1441","91","91_33",NA,NA,NA,NA,NA,NA,NA,NA
"1442","91","91_34",NA,NA,NA,NA,NA,NA,NA,NA
"1443","91","91_35",NA,NA,NA,NA,NA,NA,NA,NA
"1444","91","91_36",NA,NA,NA,NA,NA,NA,NA,NA
"1445","91","91_37",NA,NA,NA,NA,NA,NA,NA,NA
"1446","91","91_38",NA,NA,NA,NA,NA,NA,NA,NA
"1447","91","91_39",NA,NA,NA,NA,NA,NA,NA,NA
"1448","91","91_40",NA,NA,NA,NA,NA,NA,NA,NA
"1449","91","91_41",NA,NA,NA,NA,NA,NA,NA,NA
"1450","91","91_42",NA,NA,NA,NA,NA,NA,NA,NA
"1451","91","91_43",NA,NA,NA,NA,NA,NA,NA,NA
"1452","91","91_44",NA,NA,NA,NA,NA,NA,NA,NA
