"","stage","cluster","bivalve","brachiopod","cookieLith","cookieBath","cookieReef","cookieAbsLat","cookiePalaeoLat","cookiePalaeoLng","stage_midpoint","PTME"
"2","5","5_1",0,8,0.920634920634921,0,0,1189439.77521835,1189439.77521835,9089374.27111639,505.5,"PrePTME"
"3","11","11_1",2,15,0.85,0.333333333333333,0,1335560.22478165,-1335560.22478165,8243540.93778305,481.975,"PrePTME"
"4","13","13_1",1,16,0.970212765957447,0,0,1076939.77521835,1076939.77521835,-11006459.0622169,470.35,"PrePTME"
"5","13","13_2",0,16,0.892881241565452,0.125,0.125,4748060.22478165,-4748060.22478165,-4418959.06221695,470.35,"PrePTME"
"6","13","13_3",0,16,0.798331522485732,0.0833333333333333,0.334357509664763,4855560.22478165,-4855560.22478165,-4027292.39555028,470.35,"PrePTME"
"7","14","14_1",3,16,0,0.390682656826568,0,6010560.22478165,-6010560.22478165,-6375209.06221695,463.8,"PrePTME"
"8","14","14_2",9,5,0,1,0,7410560.22478165,-7410560.22478165,1506040.93778305,463.8,"PrePTME"
"9","14","14_3",5,12,0.5,0.5,0,2223060.22478165,-2223060.22478165,-11068959.0622169,463.8,"PrePTME"
"10","14","14_4",1,13,0.5,0.5,0,1915560.22478165,-1915560.22478165,-11493959.0622169,463.8,"PrePTME"
"11","15","15_1",3,13,0.897685185185185,0.2,0.625,2543893.55811499,-2543893.55811499,-9948959.06221695,455.5,"PrePTME"
"12","15","15_2",5,11,0.609090909090909,0.5,0,1685560.22478165,-1685560.22478165,-11118959.0622169,455.5,"PrePTME"
"13","15","15_3",2,16,0.0376766091051806,0.451834862385321,0.0714285714285714,5499845.93906737,-5499845.93906737,-6397530.49078838,455.5,"PrePTME"
"14","15","15_4",11,7,0.125,0.375,0.125,1223060.22478165,-1223060.22478165,-11118959.0622169,455.5,"PrePTME"
"15","15","15_5",4,13,1,0.471111111111111,0,2285560.22478165,-2285560.22478165,-10268959.0622169,455.5,"PrePTME"
"16","15","15_6",4,11,1,0.290297050561798,0,2485560.22478165,-2485560.22478165,-11018959.0622169,455.5,"PrePTME"
"17","15","15_7",5,12,0.382098765432099,0.5,0.25,3528417.3676388,-3528417.3676388,-5702292.39555028,455.5,"PrePTME"
"18","15","15_8",0,16,0.842896174863388,0.1875,0.1875,3768893.55811499,-3768893.55811499,-4881459.06221695,455.5,"PrePTME"
"19","15","15_9",0,13,1,0.873333333333333,0.1,1904439.77521835,1904439.77521835,-10458959.0622169,455.5,"PrePTME"
"20","15","15_10",2,17,0.0106870229007634,0.738709677419355,0,2245560.22478165,-2245560.22478165,-7958959.06221695,455.5,"PrePTME"
"21","15","15_11",0,18,0.533333333333333,0.25,0.533333333333333,1898060.22478165,-1898060.22478165,2881040.93778305,455.5,"PrePTME"
"22","15","15_12",1,16,0.911535303776683,0.466436860110167,0,2727226.89144832,-2727226.89144832,-11061816.2050741,455.5,"PrePTME"
"23","15","15_13",0,14,0.833333333333333,0.5,0.5,4225560.22478165,-4225560.22478165,-4831459.06221695,455.5,"PrePTME"
"24","16","16_1",5,11,0.280555555555556,0.808333333333333,0.125,2773060.22478165,-2773060.22478165,-9868959.06221695,449,"PrePTME"
"25","16","16_2",3,15,0.412835249042146,0.571428571428571,0.0833333333333333,1835560.22478165,-1835560.22478165,-10960625.7288836,449,"PrePTME"
"26","16","16_3",4,14,0.740309706257982,0.625,0.25,3348060.22478165,-3348060.22478165,-5718959.06221695,449,"PrePTME"
"27","16","16_4",2,16,0.36,0.659090909090909,0.2,5135560.22478165,-5135560.22478165,-6238959.06221695,449,"PrePTME"
"28","16","16_5",0,18,0.110907525331411,0.755081300813008,0,4910560.22478165,-4910560.22478165,-6168959.06221695,449,"PrePTME"
"29","16","16_6",1,18,0,0.520522388059702,0,2235560.22478165,-2235560.22478165,-7843959.06221695,449,"PrePTME"
"30","16","16_7",1,17,0.6275,0.625,0.0714285714285714,2585560.22478165,-2585560.22478165,-8888959.06221695,449,"PrePTME"
"31","16","16_8",0,18,0.185470085470085,0.372191011235955,0.144186046511628,85560.2247816529,-85560.2247816529,7343540.93778305,449,"PrePTME"
"32","16","16_9",0,17,0.75,0.5,0.3,3355560.22478165,-3355560.22478165,-5508959.06221695,449,"PrePTME"
"33","16","16_10",7,11,0.709794271358473,0.5,0.00641025641025642,2435560.22478165,-2435560.22478165,-10156459.0622169,449,"PrePTME"
"34","16","16_11",7,8,0.828488372093023,0.375,0.25,2610560.22478165,-2610560.22478165,-9606459.06221695,449,"PrePTME"
"35","16","16_12",0,18,0.940817469204927,0.438140656115711,0.00246305418719211,2056106.44188501,2056106.44188501,12852469.5092116,449,"PrePTME"
"36","16","16_13",0,17,0.5,0.6,0.3,54439.7752183471,54439.7752183471,7791040.93778305,449,"PrePTME"
"37","16","16_14",0,13,0.536775914634146,0.5,0.5,373060.224781653,-373060.224781653,-10156459.0622169,449,"PrePTME"
"38","16","16_15",0,14,1,0.75,0.25,1564439.77521835,1564439.77521835,-10368959.0622169,449,"PrePTME"
"39","16","16_16",0,17,0.875,0.375,0.375,1498060.22478165,-1498060.22478165,-3768959.06221695,449,"PrePTME"
"40","16","16_17",0,17,0.9375,0.5,0.33030303030303,3510560.22478165,-3510560.22478165,-4883244.77650266,449,"PrePTME"
"41","16","16_18",0,19,0.25,0.375,0.125,2135560.22478165,-2135560.22478165,-7681459.06221695,449,"PrePTME"
"42","16","16_19",5,12,0.670133333333333,0.470999823563832,0,2721923.86114529,-2721923.86114529,-10718959.0622169,449,"PrePTME"
"43","17","17_1",1,14,0.38961038961039,0.2,0.2,204439.775218347,204439.775218347,7701040.93778305,444.15,"PrePTME"
"44","17","17_2",0,15,0.75,0.5,0.375,3160560.22478165,-3160560.22478165,-5438959.06221695,444.15,"PrePTME"
"45","17","17_3",0,16,0.46043599257885,0.125,0.875,2510560.22478165,-2510560.22478165,-8618959.06221695,444.15,"PrePTME"
"46","17","17_4",0,13,0.75,0.5,0.5,3160560.22478165,-3160560.22478165,-4990387.63364552,444.15,"PrePTME"
"47","18","18_1",0,17,0,0.571428571428571,0,3921274.51049594,-3921274.51049594,-6093959.06221695,441.8,"PrePTME"
"48","18","18_2",0,16.5,0.699291497975709,0.402777777777778,0.152777777777778,2585560.22478165,-2585560.22478165,-8418959.06221695,441.8,"PrePTME"
"49","18","18_3",0,16,1,0.375,0.525,2673060.22478165,-2673060.22478165,-4981459.06221695,441.8,"PrePTME"
"50","19","19_1",0,17,0.969385913496723,0.537878787878788,0.462121212121212,2660560.22478165,-2660560.22478165,-8193959.06221695,439.55,"PrePTME"
"51","19","19_2",1,14,0.972222222222222,0.911819887429643,0,2835560.22478165,-2835560.22478165,-9356459.06221695,439.55,"PrePTME"
"52","19","19_3",0,17,1,0.428571428571429,0.565714285714286,2473060.22478165,-2473060.22478165,-4998959.06221695,439.55,"PrePTME"
"53","20","20_1",2,15,0.176352204566979,0.769230769230769,0,2918893.55811499,-2918893.55811499,-8910625.72888361,435.75,"PrePTME"
"54","20","20_2",1,17,0,0.5,0,3245560.22478165,-3245560.22478165,-6018959.06221695,435.75,"PrePTME"
"55","20","20_3",4,13,0.0238095238095238,0.5,0,547773.10855168,547773.10855168,7741040.93778305,435.75,"PrePTME"
"56","20","20_4",2,16,0.208333333333333,0.625,0.125,1935560.22478165,-1935560.22478165,-6806459.06221695,435.75,"PrePTME"
"57","20","20_5",0,15,1,0,0.972222222222222,1598060.22478165,-1598060.22478165,-9068959.06221695,435.75,"PrePTME"
"58","20","20_6",0,16,1,0.5,0.5,1885560.22478165,-1885560.22478165,-5043959.06221695,435.75,"PrePTME"
"59","21","21_1",2,15,0.269435147602206,0.675202057885867,0.115034026347006,2860560.22478165,-2860560.22478165,-8618959.06221695,431.75,"PrePTME"
"60","21","21_2",0,17,1,0.625,0.375,1423060.22478165,-1423060.22478165,-5093959.06221695,431.75,"PrePTME"
"61","21","21_3",0,17,0.875,0.6,0.4,1555560.22478165,-1555560.22478165,-4838959.06221695,431.75,"PrePTME"
"62","21","21_4",0,19,0.861111111111111,0.75,0,1214439.77521835,1214439.77521835,-9543959.06221695,431.75,"PrePTME"
"63","21","21_5",0,17,1,1,0,2323060.22478165,-2323060.22478165,-9618959.06221695,431.75,"PrePTME"
"64","22","22_1",2,17,0.991666666666667,0.469047619047619,0.5,1243893.55811499,-1243893.55811499,-5148959.06221695,428.65,"PrePTME"
"65","22","22_2",1,17,0.8,0.4375,0.35,2477226.89144832,-2477226.89144832,-5893959.06221695,428.65,"PrePTME"
"66","22","22_3",0,17,0.583333333333333,0.6,0,2918893.55811499,-2918893.55811499,-9177292.39555028,428.65,"PrePTME"
"67","22","22_4",0,15,0.25,0.375,0.125,4214439.77521835,4214439.77521835,-1318959.06221695,428.65,"PrePTME"
"68","22","22_5",0,17,0.46171802054155,0.6,0.25,1315560.22478165,-1315560.22478165,-4806459.06221695,428.65,"PrePTME"
"69","23","23_1",3,15,0.582639250390422,0.678571428571428,0,2373060.22478165,-2373060.22478165,-5631459.06221695,425.85,"PrePTME"
"70","24","24_1",5,13,0.0767195767195767,0.63307721859393,0.0714285714285714,2385560.22478165,-2385560.22478165,-5490387.63364552,423.85,"PrePTME"
"71","24","24_2",3,16,0.963375796178344,0.125,0.770827285921625,1055560.22478165,-1055560.22478165,-4818959.06221695,423.85,"PrePTME"
"72","24","24_3",4,15,0.751311367277068,0.625,0.125,4215560.22478165,-4215560.22478165,861040.937783051,423.85,"PrePTME"
"73","24","24_4",1,16,0.765625,0.5,0.375,1060560.22478165,-1060560.22478165,-4556459.06221695,423.85,"PrePTME"
"74","25","25_1",0,15,0.765476190476191,0.5,0.25,1085560.22478165,-1085560.22478165,-4218959.06221695,421.16,"PrePTME"
"75","25","25_2",0,14,1,0.5,0.5,1423060.22478165,-1423060.22478165,-3668959.06221695,421.16,"PrePTME"
"76","26","26_1",8,11,0.125,0.375,0.125,1435560.22478165,-1435560.22478165,-3506459.06221695,416.32,"PrePTME"
"77","26","26_2",1,17,0.344669811320755,0.5,0.125,1423060.22478165,-1423060.22478165,-3143959.06221695,416.32,"PrePTME"
"78","26","26_3",0,17,0.995384615384616,0.277692307692308,0.0238461538461539,35560.2247816529,-35560.2247816529,-7081459.06221695,416.32,"PrePTME"
"79","26","26_4",0,18,0.375,0.625,0,4498060.22478165,-4498060.22478165,-7543959.06221695,416.32,"PrePTME"
"80","26","26_5",0,15,0.5,0.5,0,4525560.22478165,-4525560.22478165,-6808959.06221695,416.32,"PrePTME"
"81","26","26_6",2,17,0.5,0.5,0,4135560.22478165,-4135560.22478165,-6406459.06221695,416.32,"PrePTME"
"82","27","27_1",1,17,0.25,0.480769230769231,0.25,276939.775218347,276939.775218347,9831040.93778305,411.82,"PrePTME"
"83","28","28_1",2,16,0.100793650793651,0.737179487179487,0.023728813559322,14439.7752183471,14439.7752183471,10089374.2711164,402.045,"PrePTME"
"84","28","28_2",1,18,0.575,0.3,0.125,2960560.22478165,-2960560.22478165,843540.937783051,402.045,"PrePTME"
"85","28","28_3",0,18,0.625,0.5,0.125,2935560.22478165,-2935560.22478165,-7181459.06221695,402.045,"PrePTME"
"86","28","28_4",1,18,0.6,0.5,0.1,4725560.22478165,-4725560.22478165,-5502292.39555028,402.045,"PrePTME"
"87","29","29_1",5,14,0.409155659155659,0.187908496732026,0.282894736842105,2727226.89144832,-2727226.89144832,-2508959.06221695,390.71,"PrePTME"
"88","29","29_2",4,14,0.819444444444445,0.658823529411765,0.0615384615384616,4595560.22478165,-4595560.22478165,-5128959.06221695,390.71,"PrePTME"
"89","30","30_1",6,12,0,0.3,0,4715560.22478165,-4715560.22478165,-5143959.06221695,385.13,"PrePTME"
"90","30","30_2",7,12,0.450141976473645,0.475653994372039,0,4485560.22478165,-4485560.22478165,-5106459.06221695,385.13,"PrePTME"
"91","30","30_3",4,15,0.627868852459016,0.5,0,4399845.93906737,-4399845.93906737,-5676101.91935981,385.13,"PrePTME"
"92","30","30_4",0,16,0.722222222222222,0.555555555555556,0.15,3996671.33589276,-3996671.33589276,-6306459.06221695,385.13,"PrePTME"
"93","30","30_5",4,14,0.612743336328242,0.5,0,3999845.93906737,-3999845.93906737,-5668959.06221695,385.13,"PrePTME"
"94","30","30_6",2,16,0.927272727272727,0.125,0.7,2865560.22478165,-2865560.22478165,-2388959.06221695,385.13,"PrePTME"
"95","30","30_7",7,9,0.826190476190476,0.4,0.4,345560.224781653,-345560.224781653,9841040.93778305,385.13,"PrePTME"
"96","31","31_1",0,17,0.547136038186158,0.4375,0.333333333333333,3729310.22478165,-3729310.22478165,-6208959.06221695,377.23,"PrePTME"
"97","31","31_2",8,10,0.183216783216783,0.337117932572478,0.181818181818182,4348060.22478165,-4348060.22478165,-5009868.15312604,377.23,"PrePTME"
"98","31","31_3",5,10,0.4,0.5,0.3,4085560.22478165,-4085560.22478165,-6318959.06221695,377.23,"PrePTME"
"99","31","31_4",1,15,0.467441860465116,0.4,0.353658536585366,2995560.22478165,-2995560.22478165,-2185625.72888362,377.23,"PrePTME"
"100","32","32_1",3,13,0,0.625,0,4045560.22478165,-4045560.22478165,-5138959.06221695,365.505,"PrePTME"
"101","32","32_2",5,13,0.764705882352941,0,0,3673060.22478165,-3673060.22478165,-5931459.06221695,365.505,"PrePTME"
"102","32","32_3",0,15.75,0.656146232439336,0.250569159864512,0.552777777777778,1618893.55811499,-1618893.55811499,-6927292.39555028,365.505,"PrePTME"
"103","32","32_4",3,13,0.25,0.25,0.2,4125560.22478165,-4125560.22478165,-4878959.06221695,365.505,"PrePTME"
"104","32","32_5",0,15,0.875,0.375,0.394230769230769,3135560.22478165,-3135560.22478165,-1756459.06221695,365.505,"PrePTME"
"105","33","33_1",1,15,0.1,0.4,0,3577226.89144832,-3577226.89144832,13511040.9377831,352.78,"PrePTME"
"106","33","33_2",1,16,1,0.7,0.3,1235560.22478165,-1235560.22478165,-6138959.06221695,352.78,"PrePTME"
"107","33","33_3",3,16,0.984126984126984,0.241525423728813,0,3273060.22478165,-3273060.22478165,-5481459.06221695,352.78,"PrePTME"
"108","33","33_4",6,13,0.75,0.25,0,3023060.22478165,-3023060.22478165,-5568959.06221695,352.78,"PrePTME"
"109","33","33_5",0,16,1,0,0,523060.224781653,-523060.224781653,-5943959.06221695,352.78,"PrePTME"
"110","33","33_6",0,15,1,0.125,0.125,1260560.22478165,-1260560.22478165,-5443959.06221695,352.78,"PrePTME"
"111","33","33_7",2,13,0.375,0.375,0,3748060.22478165,-3748060.22478165,-4668959.06221695,352.78,"PrePTME"
"112","34","34_1",3,14,0.510869565217391,0.171739130434783,0,2735560.22478165,-2735560.22478165,-4327292.39555028,338.5,"PrePTME"
"113","34","34_2",1,17,0.1,0.4,0,4685560.22478165,-4685560.22478165,13731040.9377831,338.5,"PrePTME"
"114","34","34_3",3,15,1,0.00853658536585365,0.654224226275876,1525560.22478165,-1525560.22478165,-531459.062216949,338.5,"PrePTME"
"115","34","34_4",0,19,0.6,0.4,0.4,1860560.22478165,-1860560.22478165,-910625.728883615,338.5,"PrePTME"
"116","34","34_5",2,15,0.625,0.5,0,2325560.22478165,-2325560.22478165,-5028959.06221695,338.5,"PrePTME"
"117","34","34_6",4,14,0.5,0.5,0,2625560.22478165,-2625560.22478165,-4906459.06221695,338.5,"PrePTME"
"118","34","34_7",1,15,0.5,0.5,0,2010560.22478165,-2010560.22478165,-4527292.39555028,338.5,"PrePTME"
"119","34","34_8",2,14,0.5,0.5,0,2660560.22478165,-2660560.22478165,-5231459.06221695,338.5,"PrePTME"
"120","35","35_1",8,10,0.542163376978698,0.625,0.25,848060.224781653,-848060.224781653,-6459.06221694872,326.85,"PrePTME"
"121","35","35_2",1,16,0.714285714285714,0.5,0.2,294439.775218347,294439.775218347,-4793959.06221695,326.85,"PrePTME"
"122","35","35_3",3,14,0.371666666666667,0.777900737759893,0,244439.775218347,244439.775218347,-4148959.06221695,326.85,"PrePTME"
"123","35","35_4",0,14,0.928571428571429,0.3125,0.133928571428571,2085560.22478165,-2085560.22478165,-3554673.34793123,326.85,"PrePTME"
"124","35","35_5",0,16,0.5,0.5,0,389439.775218347,389439.775218347,-4606459.06221695,326.85,"PrePTME"
"125","35","35_6",4,14,0.625,0.3,0,1855560.22478165,-1855560.22478165,-4228959.06221695,326.85,"PrePTME"
"126","36","36_1",9.5,7,0.166666666666667,0.7,0.0833333333333333,685560.224781653,-685560.224781653,247707.604449718,319.3,"PrePTME"
"127","36","36_2",2,16,1,0.625,0.125,301939.775218347,301939.775218347,-4456459.06221695,319.3,"PrePTME"
"128","36","36_3",1,16,0.79047619047619,0.2,0.00816326530612244,1502226.89144832,-1502226.89144832,-3728959.06221695,319.3,"PrePTME"
"129","36","36_4",3,16,0.5,0.5,0,1523060.22478165,-1523060.22478165,-4118959.06221695,319.3,"PrePTME"
"130","36","36_5",4,12,0.5,0.5,0,1360560.22478165,-1360560.22478165,-4068959.06221695,319.3,"PrePTME"
"131","37","37_1",6,12,0.381493438537494,0.428571428571429,0,543893.558114986,-543893.558114986,-3393959.06221695,311.1,"PrePTME"
"132","37","37_2",1,15,0.25,0.5,0,223060.224781653,-223060.224781653,-3031459.06221695,311.1,"PrePTME"
"133","37","37_3",3,14,0.463235294117647,0.625,0,660560.224781653,-660560.224781653,-2931459.06221695,311.1,"PrePTME"
"134","38","38_1",8,11,0.333333333333333,0.416666666666667,0,214439.775218347,-214131.653353081,-3218959.06221695,305.35,"PrePTME"
"135","38","38_2",8,9,0.276397058823529,0.125,0,575560.224781653,-575560.224781653,-2118959.06221695,305.35,"PrePTME"
"136","39","39_1",7,11,0.422077922077922,0.5625,0,147773.10855168,147773.10855168,-3078049.97130786,301.3,"PrePTME"
"137","39","39_2",7,12,0.350961538461538,0.5,0,349845.939067367,-349845.939067367,-3577292.39555028,301.3,"PrePTME"
"138","39","39_3",9,9,0.0459558823529412,0.5,0.15625,151939.775218347,151939.775218347,-4068959.06221695,301.3,"PrePTME"
"139","40","40_1",4,12,0.291825716947555,0.701182151182151,0,293011.203789776,293011.203789776,-2968959.06221695,296.21,"PrePTME"
"140","40","40_2",0,15,1,0.375,0.375,1784439.77521835,1784439.77521835,3191040.93778305,296.21,"PrePTME"
"141","41","41_1",5,13,0.0303030303030304,0.0214285714285714,0,6795560.22478165,-6795560.22478165,7041040.93778305,291.81,"PrePTME"
"142","41","41_2",2,12,0.75,0,0,2373060.22478165,-2373060.22478165,6768540.93778305,291.81,"PrePTME"
"143","42","42_1",11,7,0.875,0.125,0.125,1726939.77521835,1726939.77521835,-3818959.06221695,286.7,"PrePTME"
"144","42","42_2",5,12,0.00159235668789809,0.15,0,6325560.22478165,-6325560.22478165,11641040.9377831,286.7,"PrePTME"
"145","42","42_3",3,13,0.0520833333333333,0.46078431372549,0,6598060.22478165,-6598060.22478165,11443540.9377831,286.7,"PrePTME"
"146","42","42_4",1,15,0.356312292358804,0.1,0.1,6835560.22478165,-6835560.22478165,7014374.27111638,286.7,"PrePTME"
"147","42","42_5",0,17,1,0.125,0.125,239439.775218347,239439.775218347,-3631459.06221695,286.7,"PrePTME"
"148","43","43_1",11,5,0.673874590321959,0.1,0,1934439.77521835,1934439.77521835,-3638959.06221695,278.85,"PrePTME"
"149","43","43_2",2,17,0.97884947052082,0.519134818072634,0.312838676997542,234439.775218347,234439.775218347,-3428959.06221695,278.85,"PrePTME"
"150","43","43_3",2,17,0.859582963620231,0.398251910447032,0,471582.632361204,471582.632361204,-3433244.77650266,278.85,"PrePTME"
"151","43","43_4",4,13,0.0367517605633803,0.03125,0,6610560.22478165,-6610560.22478165,7006040.93778305,278.85,"PrePTME"
"152","43","43_5",6,12,0,0.375,0,4914439.77521835,4914439.77521835,2701040.93778305,278.85,"PrePTME"
"153","43","43_6",12,6,0,0.4,0,4651939.77521835,4651939.77521835,3001040.93778305,278.85,"PrePTME"
"154","43","43_7",2,11,0.990963855421687,0,0,1476939.77521835,1476939.77521835,-3718959.06221695,278.85,"PrePTME"
"155","44","44_1",5,11,0.495555555555555,0.25,0,3839439.77521835,3839439.77521835,4018540.93778305,270.65,"PrePTME"
"156","45","45_1",2,16,0.217355510752688,0.125,0,5235560.22478165,-5235560.22478165,4618540.93778305,265.59,"PrePTME"
"157","45","45_2",12,5,0.00638297872340426,0.183333333333333,0,7025560.22478165,-7025560.22478165,10701040.9377831,265.59,"PrePTME"
"158","45","45_3",5,10,0,0.05,0,7755560.22478165,-7755560.22478165,10101040.9377831,265.59,"PrePTME"
"159","45","45_4",5,11,0,0.125,0,7610560.22478165,-7610560.22478165,10368540.9377831,265.59,"PrePTME"
"160","45","45_5",0,16,1,0.375,0.375,448060.224781653,-448060.224781653,4556040.93778305,265.59,"PrePTME"
"161","45","45_6",0,13,0,0.5,0,676939.775218347,676939.775218347,11193540.9377831,265.59,"PrePTME"
"162","46","46_1",2,17,0.997607655502392,0.657939309789876,0.365586528714051,984439.775218347,984439.775218347,-3138959.06221695,261.895,"PrePTME"
"163","46","46_2",2,17,0.590305212183,0.25,0.26,5073060.22478165,-5073060.22478165,4651040.93778305,261.895,"PrePTME"
"164","46","46_3",0,16,1,0.375,0.375,60560.2247816529,-60560.2247816529,4681040.93778305,261.895,"PrePTME"
"165","46","46_4",2,17,0.5,0.5,0.5,4551939.77521835,4551939.77521835,10768540.9377831,261.895,"PrePTME"
"166","47","47_1",2,14,0.99290780141844,0.5,0.375,2514439.77521835,2514439.77521835,-3418959.06221695,256.825,"PrePTME"
"167","47","47_2",6,8,0.428571428571429,0.5,0.4,3384439.77521835,3384439.77521835,2906040.93778305,256.825,"PrePTME"
"168","47","47_3",12,6,0.858689458689459,0.257142857142857,0.2,2704439.77521835,2704439.77521835,-2978959.06221695,256.825,"PrePTME"
"169","47","47_4",2,16,0.845483480543568,0.25,0.125,4828417.3676388,-4828417.3676388,4751040.93778305,256.825,"PrePTME"
"170","47","47_5",15,2,0,0.25,0,174439.775218347,174439.775218347,10831040.9377831,256.825,"PrePTME"
"171","47","47_6",0,17,0.373134250573275,0.1875,0.125,298060.224781653,-298060.224781653,10431040.9377831,256.825,"PrePTME"
"172","47","47_7",7,10,0,0.2,0,354439.775218347,354439.775218347,10981040.9377831,256.825,"PrePTME"
"173","47","47_8",9,9,0.0833333333333333,0.333333333333333,0.0833333333333333,65560.2247816529,-65560.2247816529,11002469.5092116,256.825,"PrePTME"
"174","47","47_9",2,15,0.194444444444445,0.5,0,5510560.22478165,-5510560.22478165,4943540.93778305,256.825,"PrePTME"
"175","47","47_10",8,8,0.866666666666667,0.2,0.484615384615385,2574439.77521835,2574439.77521835,2541040.93778305,256.825,"PrePTME"
"176","47","47_11",0,17,0.862372154547105,0.7,0.2,424439.775218347,424439.775218347,4791040.93778305,256.825,"PrePTME"
"177","47","47_12",0,15,0,0,0,7135560.22478165,-7135560.22478165,10156040.9377831,256.825,"PrePTME"
"178","47","47_13",0,18,0.305463917525773,0.4,0.125,6105560.22478165,-6105560.22478165,4961040.93778305,256.825,"PrePTME"
"179","47","47_14",0,16,0,0.138986164987198,0,7145560.22478165,-7145560.22478165,9871040.93778305,256.825,"PrePTME"
"180","48","48_1",6,13,0.501760578839686,0.2,0,4625560.22478165,-4625560.22478165,4811040.93778305,253.021,"PrePTME"
"181","48","48_2",11,7,0.998697916666667,0.0186458736923673,0,1076939.77521835,1076939.77521835,2931040.93778305,253.021,"PrePTME"
"182","48","48_3",7,11,0.366320847249156,0.818801941306324,0,135560.224781653,-135560.224781653,10387290.9377831,253.021,"PrePTME"
"183","48","48_4",2,17,0.892155935133168,0.125,0.3,276939.775218347,276939.775218347,10281040.9377831,253.021,"PrePTME"
"184","48","48_5",2,17,0.595129760701045,0.519230769230769,0,151939.775218347,151939.775218347,10906040.9377831,253.021,"PrePTME"
"185","48","48_6",9,10,0.00206611570247934,0.625,0,439439.775218347,439439.775218347,11218540.9377831,253.021,"PrePTME"
"186","48","48_7",3,15,0.288461538461538,0.3,0,5705560.22478165,-5705560.22478165,4951040.93778305,253.021,"PrePTME"
"187","49","49_1",10,5,0.64332497212932,0.5,0.25,439439.775218347,439439.775218347,10243540.9377831,250.901,"PostPTME"
"188","49","49_2",11,3,0.280555555555555,0.761111111111111,0,5676939.77521835,5676939.77521835,1131040.93778305,250.901,"PostPTME"
"189","49","49_3",13,2,1,0.125,0.125,98060.2247816529,-98060.2247816529,10506040.9377831,250.901,"PostPTME"
"190","49","49_4",11,3,0.0571344339622642,0.25,0,35560.2247816529,-35560.2247816529,10268540.9377831,250.901,"PostPTME"
"191","50","50_1",9,6,0.923611111111111,0.2,0,2539439.77521835,2539439.77521835,-3193959.06221695,248.3,"PostPTME"
"192","50","50_2",15,1,0.675792847503374,0.194278671510119,0.125,1264439.77521835,1264439.77521835,2893540.93778305,248.3,"PostPTME"
"193","50","50_3",9,7,0,0.625,0,4301939.77521835,4301939.77521835,11643540.9377831,248.3,"PostPTME"
"194","50","50_4",8,2,0.741596638655462,0.772058823529412,0,2214439.77521835,2214439.77521835,-3518959.06221695,248.3,"PostPTME"
"195","50","50_5",9,0,0.875,0.5,0.5,764439.775218347,764439.775218347,2943540.93778305,248.3,"PostPTME"
"196","51","51_1",14,2,1,0.375,0.421052631578948,2744439.77521835,2744439.77521835,2241040.93778305,244.082,"PostPTME"
"197","51","51_2",12,6,0.964285714285714,0.192265795206972,0.00130718954248366,1922773.10855168,1922773.10855168,2956040.93778305,244.082,"PostPTME"
"198","51","51_3",10,8,0.855555555555556,0.428571428571429,0.25,1456106.44188501,1456106.44188501,2823898.08064019,244.082,"PostPTME"
"199","51","51_4",16,2,0.777777777777778,0.25,0.277777777777778,1235560.22478165,-1235560.22478165,3481040.93778305,244.082,"PostPTME"
"200","51","51_5",8,9,1,0.5,0.5,701939.775218347,701939.775218347,2956040.93778305,244.082,"PostPTME"
"201","53","53_1",14,4.75,0.928571428571429,0.375,0.42621723453827,1974439.77521835,1974439.77521835,2611040.93778305,232.15,"PostPTME"
"202","53","53_2",5,8,0.3,0.6,0.3,8195560.22478165,-8195560.22478165,6861040.93778305,232.15,"PostPTME"
"203","53","53_3",10,9,0.9,0.333333333333333,0.3,2350154.06093263,2350154.06093263,2672707.60444972,232.15,"PostPTME"
"204","53","53_4",4,7,0.25,0.375,0.25,8198060.22478165,-8198060.22478165,6518540.93778305,232.15,"PostPTME"
"205","54","54_1",14,1,1,0,0,3189439.77521835,3189439.77521835,2281040.93778305,216.5,"PostPTME"
"206","54","54_2",14,2,0,0.5,0,5789439.77521835,5789439.77521835,11706040.9377831,216.5,"PostPTME"
"207","54","54_3",12,4,1,0.5,0.5,3610560.22478165,-3610560.22478165,8956040.93778305,216.5,"PostPTME"
"208","55","55_1",11,6,0.737619047619048,0.167944482960184,0.0121915002560164,3681106.44188501,3681106.44188501,2152469.50921162,203.55,"PostPTME"
"209","55","55_2",17,1,0.393650793650794,0.25,0.283333333333333,3614439.77521835,3614439.77521835,1922707.60444972,203.55,"PostPTME"
"210","55","55_3",17,0,0.375,0.25,0.730769230769231,3639439.77521835,3639439.77521835,5606040.93778305,203.55,"PostPTME"
"211","55","55_4",17,0,0.416531385281385,0.2,0.0833333333333333,4322773.10855168,4322773.10855168,451040.937783051,203.55,"PostPTME"
"212","56","56_1",15,1,0.558823529411765,0.866666666666667,0,4414439.77521835,4414439.77521835,461040.937783051,200.45,"PostPTME"
"213","56","56_2",14,1,0.875,0.125,0.125,4198060.22478165,-4198060.22478165,-2343959.06221695,200.45,"PostPTME"
"214","57","57_1",12,5,0.723619655198602,0.5,0.25,4526939.77521835,4526939.77521835,1243540.93778305,196.2,"PostPTME"
"215","57","57_2",10,5,1,0.75,0.25,4576939.77521835,4576939.77521835,106040.937783051,196.2,"PostPTME"
"216","57","57_3",13,4,0.487373737373737,0.642857142857143,0.3,4614439.77521835,4614439.77521835,589374.271116385,196.2,"PostPTME"
"217","57","57_4",18,0,0,0.5,0,4364439.77521835,4364439.77521835,11468540.9377831,196.2,"PostPTME"
"218","57","57_5",0,15,1,0.75,0.5,4154439.77521835,4154439.77521835,2161040.93778305,196.2,"PostPTME"
"219","58","58_1",17,0,0,0.375,0.25,4835560.22478165,-4835560.22478165,-2010625.72888362,188.55,"PostPTME"
"220","58","58_2",17,1,0,0.75,0,4989439.77521835,4989439.77521835,1931040.93778305,188.55,"PostPTME"
"221","58","58_3",14,3,0.534278959810875,0.0833333333333333,0.0833333333333333,4010560.22478165,-4010560.22478165,-2325209.06221695,188.55,"PostPTME"
"222","58","58_4",9,8,0.579545454545454,0.485714285714286,0.1,4374439.77521835,4374439.77521835,3131040.93778305,188.55,"PostPTME"
"223","58","58_5",4,9,1,0.614583333333333,0.0714285714285714,3701939.77521835,3701939.77521835,1243540.93778305,188.55,"PostPTME"
"224","58","58_6",0,16,1,0.557012432012432,0.1,4324439.77521835,4324439.77521835,2511040.93778305,188.55,"PostPTME"
"225","58","58_7",15,3,0.065986394557823,0.5,0,6126939.77521835,6126939.77521835,381040.937783051,188.55,"PostPTME"
"226","58","58_8",14,5.5,0.333333333333333,0.5,0.25,4789439.77521835,4789439.77521835,868540.937783051,188.55,"PostPTME"
"227","58","58_9",9,8,0.5,0.5,0.5,4451939.77521835,4451939.77521835,1381040.93778305,188.55,"PostPTME"
"228","58","58_10",2,11,0.875,0.163461538461538,0.125,4114439.77521835,4114439.77521835,1556040.93778305,188.55,"PostPTME"
"229","59","59_1",11,6,1,0.666666666666667,0,3670689.77521835,3670689.77521835,1326040.93778305,179.45,"PostPTME"
"230","59","59_2",9,9,0.958333333333333,0.737024221453287,0.25,3764439.77521835,3764439.77521835,718540.937783051,179.45,"PostPTME"
"231","59","59_3",15,0,0.141538461538462,0.5,0,4665560.22478165,-4665560.22478165,-2198959.06221695,179.45,"PostPTME"
"232","59","59_4",15,2,0.571428571428571,0.0625,0,3843893.55811499,-3843893.55811499,-2468959.06221695,179.45,"PostPTME"
"233","59","59_5",10,6,0.625,0.5,0.5,4239439.77521835,4239439.77521835,1556040.93778305,179.45,"PostPTME"
"234","59","59_6",14,2,0.1,0.604705882352941,0.1,5084439.77521835,5084439.77521835,1111040.93778305,179.45,"PostPTME"
"235","59","59_7",15,2,0.5,0.5,0.5,4489439.77521835,4489439.77521835,1843540.93778305,179.45,"PostPTME"
"236","60","60_1",16,1,0.75,0.125,0.125,3798060.22478165,-3798060.22478165,-2681459.06221695,172.8,"PostPTME"
"237","60","60_2",8,10,0.836666666666667,0.5,0.375,4551939.77521835,4551939.77521835,1368540.93778305,172.8,"PostPTME"
"238","61","61_1",11,8,1,0.416666666666667,0.25,4506106.44188501,4506106.44188501,1397707.60444972,169.55,"PostPTME"
"239","61","61_2",12,0,0,0.375,0,4101939.77521835,4101939.77521835,9231040.93778305,169.55,"PostPTME"
"240","61","61_3",16,0,1,0.5,0.5,3914439.77521835,3914439.77521835,-3928959.06221695,169.55,"PostPTME"
"241","61","61_4",8,9,0.962912087912088,0,0,798060.224781653,-798060.224781653,3793540.93778305,169.55,"PostPTME"
"242","61","61_5",5,13,0.833333333333333,0.356410256410256,0.531135531135531,4064439.77521835,4064439.77521835,2031040.93778305,169.55,"PostPTME"
"243","61","61_6",13,4,0.5,0.5,0.5,3964439.77521835,3964439.77521835,1668540.93778305,169.55,"PostPTME"
"244","61","61_7",13,4,0.5,0.5,0.5,4164439.77521835,4164439.77521835,1643540.93778305,169.55,"PostPTME"
"245","61","61_8",14,0,0.25,0.5,0.125,4664439.77521835,4664439.77521835,-3856459.06221695,169.55,"PostPTME"
"246","62","62_1",7,10,0.50668016194332,0.125,0.125,639439.775218347,639439.775218347,3356040.93778305,166.75,"PostPTME"
"247","62","62_2",3,13,1,0.5,0.416666666666667,4031106.44188501,4031106.44188501,2014374.27111638,166.75,"PostPTME"
"248","62","62_3",12,7,0.699324324324324,0.285714285714286,0.375,4478725.48950406,4478725.48950406,1388183.79492591,166.75,"PostPTME"
"249","62","62_4",12,7,1,0.125,0.625,4264439.77521835,4264439.77521835,1581040.93778305,166.75,"PostPTME"
"250","62","62_5",17,2,0.967741935483871,0.625,0.375,3198060.22478165,-3198060.22478165,3768540.93778305,166.75,"PostPTME"
"251","62","62_6",11,6,1,0,0,735560.224781653,-735560.224781653,3771040.93778305,166.75,"PostPTME"
"252","62","62_7",17,0,0,0.5,0,4851939.77521835,4851939.77521835,2781040.93778305,166.75,"PostPTME"
"253","62","62_8",14,0,0.997584541062802,0.5,0.416666666666667,3556106.44188501,3556106.44188501,-4135625.72888362,166.75,"PostPTME"
"254","63","63_1",17,2,0.486304909560724,0.6,0.4,3375560.22478165,-3375560.22478165,3751040.93778305,163.4,"PostPTME"
"255","63","63_2",12,5,0.912902893870314,0,0.0216836734693878,829310.224781653,-829310.224781653,3781040.93778305,163.4,"PostPTME"
"256","63","63_3",6,12,0.667741935483871,0.26890756302521,0.102941176470588,597773.10855168,597773.10855168,3338183.79492591,163.4,"PostPTME"
"257","63","63_4",5,11,0.9,0.446969696969697,0.428571428571429,4084439.77521835,4084439.77521835,2006040.93778305,163.4,"PostPTME"
"258","63","63_5",10,6,0.7,0.5,0.4,3645560.22478165,-3645560.22478165,2771040.93778305,163.4,"PostPTME"
"259","63","63_6",13,6,0.625,0.6,0.4,4044439.77521835,4044439.77521835,1593540.93778305,163.4,"PostPTME"
"260","63","63_7",14,4,0.96501014198783,0,0.161738437001595,2001939.77521835,2001939.77521835,1556040.93778305,163.4,"PostPTME"
"261","64","64_1",12,6,0.5,0.3,0,2243893.55811499,-2243893.55811499,3461040.93778305,158.15,"PostPTME"
"262","64","64_2",17,1,0.6,0.240384615384616,0.0150943396226415,4774439.77521835,4774439.77521835,1347707.60444972,158.15,"PostPTME"
"263","64","64_3",17,1,0.845695839311335,0.139084507042254,0.300632911392405,4514439.77521835,4514439.77521835,1356040.93778305,158.15,"PostPTME"
"264","64","64_4",12,6,0.833333333333333,0.4,0.333333333333333,4089439.77521835,4089439.77521835,1951040.93778305,158.15,"PostPTME"
"265","64","64_5",12,6,0.75,0.125,0.875,4439439.77521835,4439439.77521835,2281040.93778305,158.15,"PostPTME"
"266","64","64_6",17,0,0.75,0.5,0.375,2905560.22478165,-2905560.22478165,2741040.93778305,158.15,"PostPTME"
"267","64","64_7",11,6,1,0.175,0.825,4726939.77521835,4726939.77521835,2781040.93778305,158.15,"PostPTME"
"268","64","64_8",11,5,1,0,0.218452961672474,973060.224781653,-973060.224781653,3781040.93778305,158.15,"PostPTME"
"269","64","64_9",13,5,1,0.25,0,2285560.22478165,-2285560.22478165,3118540.93778305,158.15,"PostPTME"
"270","64","64_10",13,6,0.375,0.625,0.375,3914439.77521835,3914439.77521835,1543540.93778305,158.15,"PostPTME"
"271","64","64_11",12,5,1,0,0,1735560.22478165,-1735560.22478165,3156040.93778305,158.15,"PostPTME"
"272","66","66_1",4,7,1,0.4,0.4,2874439.77521835,2874439.77521835,3291040.93778305,146.15,"PostPTME"
"273","66","66_2",16,0,0,0,0,4726939.77521835,4726939.77521835,1531040.93778305,146.15,"PostPTME"
"274","68","68_1",13,5,0.957333333333333,0.5,0,4124439.77521835,4124439.77521835,2221040.93778305,134.825,"PostPTME"
"275","69","69_1",15,3,0.324766355140187,0.375,0,4276939.77521835,4276939.77521835,2231040.93778305,129.185,"PostPTME"
"276","69","69_2",15,0,0.156228956228956,0.266016016016016,0.0383101851851852,4585560.22478165,-4585560.22478165,-2856459.06221695,129.185,"PostPTME"
"277","69","69_3",16,1,0.1,0.5,0.1,5464439.77521835,5464439.77521835,-5268959.06221695,129.185,"PostPTME"
"278","71","71_1",14,5,0.125,0.428571428571429,0,5078725.48950406,5078725.48950406,1539374.27111638,117.3,"PostPTME"
"279","71","71_2",15,3,0.497447068418935,0.466666666666667,0,4564439.77521835,4564439.77521835,2172707.60444972,117.3,"PostPTME"
"280","71","71_3",18,0,0.5,0.5,0,4047773.10855168,4047773.10855168,-4233244.77650266,117.3,"PostPTME"
"281","72","72_1",13,6,0.375,0.375,0.125,5214439.77521835,5214439.77521835,1456040.93778305,106.85,"PostPTME"
"282","72","72_2",16,1,0.25,0.376373626373626,0,4989439.77521835,4989439.77521835,-4493959.06221695,106.85,"PostPTME"
"283","72","72_3",17,0,0.525568181818182,0.447222222222222,0,4334439.77521835,4334439.77521835,-4681459.06221695,106.85,"PostPTME"
"284","72","72_4",17,0,0.763157894736842,0.125,0.375,1139439.77521835,1139439.77521835,3306040.93778305,106.85,"PostPTME"
"285","72","72_5",16,3,0.2,0.3,0.2,5234439.77521835,5234439.77521835,1011040.93778305,106.85,"PostPTME"
"286","72","72_6",15,1,0.5,0.5,0.2,4344439.77521835,4344439.77521835,-5308959.06221695,106.85,"PostPTME"
"287","72","72_7",15,2,0.5,0.5,0.5,4976939.77521835,4976939.77521835,1606040.93778305,106.85,"PostPTME"
"288","72","72_8",18,0,0.625,0.375,0.178571428571428,4151939.77521835,4151939.77521835,-4543959.06221695,106.85,"PostPTME"
"289","73","73_1",18,0,0.0812431842966194,0.428571428571429,0,4347773.10855168,4347773.10855168,-5061816.20507409,97.2,"PostPTME"
"290","73","73_2",17,0,0.0044150110375276,0.75,0,5006106.44188501,5006106.44188501,-6027292.39555028,97.2,"PostPTME"
"291","73","73_3",17,0,0,0.25,0,4801939.77521835,4801939.77521835,11181040.9377831,97.2,"PostPTME"
"292","73","73_4",12,1,1,0.0227272727272727,0.306818181818182,3376939.77521835,3376939.77521835,2006040.93778305,97.2,"PostPTME"
"293","73","73_5",11,6,0.618421052631579,0.821428571428572,0,5426939.77521835,5426939.77521835,743540.937783051,97.2,"PostPTME"
"294","73","73_6",11,7,0.625,0.25,0.225,5251939.77521835,5251939.77521835,618540.937783051,97.2,"PostPTME"
"295","73","73_7",18,0,0.835372856872218,0,0,1226939.77521835,1226939.77521835,3216755.22349734,97.2,"PostPTME"
"296","73","73_8",15,3,0.25,0.25,0.125,5189439.77521835,5189439.77521835,1831040.93778305,97.2,"PostPTME"
"297","73","73_9",17,0,0.5,0.625,0.375,2751939.77521835,2751939.77521835,1331040.93778305,97.2,"PostPTME"
"298","73","73_10",16,3,0.4875,0.5,0.5,4839439.77521835,4839439.77521835,847707.604449718,97.2,"PostPTME"
"299","73","73_11",13,1,0.5,0.5,0,5051939.77521835,5051939.77521835,-4908959.06221695,97.2,"PostPTME"
"300","73","73_12",18,0,0.625,0.375,0,4039439.77521835,4039439.77521835,-5231459.06221695,97.2,"PostPTME"
"301","74","74_1",15,0,0.861481481481481,0.1,0.1,1304439.77521835,1304439.77521835,3141040.93778305,91.85,"PostPTME"
"302","74","74_2",17,0,0,0.783333333333333,0,5039439.77521835,5039439.77521835,-6181459.06221695,91.85,"PostPTME"
"303","74","74_3",13,1,0.714285714285714,0.285714285714286,0.660714285714286,4581106.44188501,4581106.44188501,688183.794925908,91.85,"PostPTME"
"304","74","74_4",18,0,0.15625,0.375,0.125,5701939.77521835,5701939.77521835,-6756459.06221695,91.85,"PostPTME"
"305","74","74_5",14,2,0.625,0.5,0.5,4814439.77521835,4814439.77521835,731040.937783051,91.85,"PostPTME"
"306","75","75_1",17,0,0.25,0.375,0.25,5739439.77521835,5739439.77521835,-6806459.06221695,87.75,"PostPTME"
"307","75","75_2",8,0,1,0.833333333333333,0,3321582.6323612,3321582.6323612,1847707.60444972,87.75,"PostPTME"
"308","76","76_1",17,0,0,0.2,0,5764439.77521835,5764439.77521835,-6838959.06221695,84.65,"PostPTME"
"309","76","76_2",11,0,1,0.903703703703704,0.0296296296296296,3250154.06093263,3250154.06093263,1838183.79492591,84.65,"PostPTME"
"310","77","77_1",17,0,0.125,0.875,0,5989439.77521835,5989439.77521835,-5438959.06221695,77.9,"PostPTME"
"311","77","77_2",16,0,0.906862745098039,0.2,0.207692307692308,4347773.10855168,4347773.10855168,-5918959.06221695,77.9,"PostPTME"
"312","77","77_3",18,0,0.2,0.125,0,4747773.10855168,4747773.10855168,-3418959.06221695,77.9,"PostPTME"
"313","77","77_4",19,0,0.2,0.4,0.125,4654439.77521835,4654439.77521835,-4768959.06221695,77.9,"PostPTME"
"314","77","77_5",17,0,0,0.477642276422764,0,6604439.77521835,6604439.77521835,-5302292.39555028,77.9,"PostPTME"
"315","77","77_6",14,0,0.977777777777778,0.5,0.308270676691729,3164439.77521835,3164439.77521835,1801040.93778305,77.9,"PostPTME"
"316","77","77_7",17,0,0,0.347708333333333,0,5194439.77521835,5194439.77521835,-7028959.06221695,77.9,"PostPTME"
"317","77","77_8",17,0,0.428571428571429,0.428571428571429,0,5750154.06093263,5750154.06093263,-5733244.77650266,77.9,"PostPTME"
"318","77","77_9",15,1,0.5,0.5,0.125,4414439.77521835,4414439.77521835,-4956459.06221695,77.9,"PostPTME"
"319","77","77_10",16,1,0.625,0.375,0.625,4001939.77521835,4001939.77521835,281040.937783051,77.9,"PostPTME"
"320","77","77_11",17,0,0.5,0.5,0,6143725.48950406,6143725.48950406,-5043959.06221695,77.9,"PostPTME"
"321","78","78_1",18,0,0.0778346121057118,0.3,0,4644439.77521835,4644439.77521835,-6018959.06221695,69.1,"PostPTME"
"322","78","78_2",19,0,0.350589988749452,0.636666666666667,0,4564439.77521835,4564439.77521835,-5257847.95110584,69.1,"PostPTME"
"323","78","78_3",18,0,0.125,0.333333333333333,0,4356106.44188501,4356106.44188501,-4527292.39555028,69.1,"PostPTME"
"324","78","78_4",15,0,0,0.448571428571429,0,7055560.22478165,-7055560.22478165,-5108959.06221695,69.1,"PostPTME"
"325","78","78_5",17,1,0.375,0.625,0.125,4639439.77521835,4639439.77521835,-9318959.06221695,69.1,"PostPTME"
"326","78","78_6",15,0,0.513888888888889,0.625,0.125,4848060.22478165,-4848060.22478165,-4856459.06221695,69.1,"PostPTME"
"327","78","78_7",18,0,0.00158730158730159,0.5,0,5774439.77521835,5774439.77521835,-7438959.06221695,69.1,"PostPTME"
"328","78","78_8",13,7,0.5,0.5625,0.125,4951939.77521835,4951939.77521835,656040.937783051,69.1,"PostPTME"
"329","78","78_9",18,0,0.0673076923076922,0.5,0,1064439.77521835,1064439.77521835,2581040.93778305,69.1,"PostPTME"
"330","79","79_1",16,0,0.486607142857143,0.424171146953405,0,4301939.77521835,4301939.77521835,-5468959.06221695,63.83,"PostPTME"
"331","79","79_2",14,1,0.571153846153846,0.5,0.0384615384615385,1176939.77521835,1176939.77521835,2556040.93778305,63.83,"PostPTME"
"332","79","79_3",16,0,0.178125,0.0384615384615385,0,4389439.77521835,4389439.77521835,-6418959.06221695,63.83,"PostPTME"
"333","79","79_4",14,0,0.375,0.375,0.375,4339439.77521835,4339439.77521835,-6706459.06221695,63.83,"PostPTME"
"334","80","80_1",15,0,0.375,0.3,0.3,4647773.10855168,4647773.10855168,-4510625.72888362,58.83,"PostPTME"
"335","80","80_2",17,0,0.2,0.5,0.1,5634439.77521835,5634439.77521835,-7788959.06221695,58.83,"PostPTME"
"336","80","80_3",17,0,0.25,0.25,0.1,4304439.77521835,4304439.77521835,-6558959.06221695,58.83,"PostPTME"
"337","80","80_4",16,0,0.125,0,0,4214439.77521835,4214439.77521835,-5588959.06221695,58.83,"PostPTME"
"338","80","80_5",17,1,0.125,0.00609756097560975,0,5064439.77521835,5064439.77521835,-7806459.06221695,58.83,"PostPTME"
"339","80","80_6",16,0,0.125,0.625,0,4339439.77521835,4339439.77521835,-6156459.06221695,58.83,"PostPTME"
"340","81","81_1",18,1,0.142857142857143,0.748287671232877,0.142857142857143,5214439.77521835,5214439.77521835,81040.9377830513,52.035,"PostPTME"
"341","81","81_2",17,0,0.625,0.625,0.375,4289439.77521835,4289439.77521835,306040.937783051,52.035,"PostPTME"
"342","81","81_3",17,1,0,0.746666666666667,0,4934439.77521835,4934439.77521835,-8098959.06221695,52.035,"PostPTME"
"343","81","81_4",18,0,0,0.5,0,5414439.77521835,5414439.77521835,-8131459.06221695,52.035,"PostPTME"
"344","81","81_5",16,0,0.4,0.5,0.3,4544439.77521835,4544439.77521835,-4808959.06221695,52.035,"PostPTME"
"345","81","81_6",19,0,0.55952380952381,0.5,0.428571428571429,4978725.48950406,4978725.48950406,312290.937783051,52.035,"PostPTME"
"346","81","81_7",18,0,0.25,0.75,0,4789439.77521835,4789439.77521835,-8356459.06221695,52.035,"PostPTME"
"347","82","82_1",18,0,0.375,0.337962962962963,0,4071582.6323612,4071582.6323612,-7043959.06221695,44.55,"PostPTME"
"348","82","82_2",17,0,0.125,0.385815334091196,0.125,4714439.77521835,4714439.77521835,-8568959.06221695,44.55,"PostPTME"
"349","82","82_3",18,0,0.25,0.416666666666667,0.25,5326939.77521835,5326939.77521835,-56459.0622169487,44.55,"PostPTME"
"350","82","82_4",19,0,0.5,0.333333333333333,0.333333333333333,5106106.44188501,5106106.44188501,181040.937783051,44.55,"PostPTME"
"351","82","82_5",19,0,0.1,0.164062389910519,0,4139439.77521835,4139439.77521835,-9768959.06221695,44.55,"PostPTME"
"352","82","82_6",18,0,0.5,0.5,0.375,5776939.77521835,5776939.77521835,-8268959.06221695,44.55,"PostPTME"
"353","82","82_7",18,0,0.25,0.25,0,4939439.77521835,4939439.77521835,-8606459.06221695,44.55,"PostPTME"
"354","82","82_8",15.5,2,0.725,0.458333333333333,0,4118606.44188501,4118606.44188501,-5451459.06221695,44.55,"PostPTME"
"355","82","82_9",16,0,0.125,0.25,0,3639439.77521835,3639439.77521835,-7618959.06221695,44.55,"PostPTME"
"356","83","83_1",20,0,0.25,0.416666666666667,0.25,5214439.77521835,5214439.77521835,147707.604449718,39.37,"PostPTME"
"357","83","83_2",19,0,0.203333333333333,0.3,0.0833333333333333,3964439.77521835,3964439.77521835,-6610625.72888362,39.37,"PostPTME"
"358","83","83_3",18,0,0.5,0.416666666666667,0,4014439.77521835,4014439.77521835,-7177292.39555028,39.37,"PostPTME"
"359","83","83_4",17,1,0.508695652173913,0.125,0.125,3994439.77521835,3994439.77521835,-5888959.06221695,39.37,"PostPTME"
"360","83","83_5",15,2,0.875,0.8125,0.125,4101939.77521835,4101939.77521835,-5581459.06221695,39.37,"PostPTME"
"361","83","83_6",17,0,0.875,0.125,0.125,2489439.77521835,2489439.77521835,2643540.93778305,39.37,"PostPTME"
"362","83","83_7",18,0,0.15,0.738215488215488,0.1,5802226.89144832,-5802226.89144832,-13435625.7288836,39.37,"PostPTME"
"363","83","83_8",18,1,0.25,0.54296875,0.125,5989439.77521835,5989439.77521835,-8256459.06221695,39.37,"PostPTME"
"364","84","84_1",16,1,0.375,0.25,0,3939439.77521835,3939439.77521835,-6718959.06221695,35.805,"PostPTME"
"365","84","84_2",17,0,0.875,0.375,0.375,3551939.77521835,3551939.77521835,-6331459.06221695,35.805,"PostPTME"
"366","84","84_3",18,0,0.364212328767123,0.416666666666667,0,5928725.48950406,5928725.48950406,-8406459.06221695,35.805,"PostPTME"
"367","84","84_4",18,0,0.0569917743830788,0.25,0,5489439.77521835,5489439.77521835,-168959.062216949,35.805,"PostPTME"
"368","84","84_5",18,0,0.375,0.5,0,4001939.77521835,4001939.77521835,-7093959.06221695,35.805,"PostPTME"
"369","84","84_6",18,0,0.527139423076923,0.491875,0.305,2676939.77521835,2676939.77521835,2643540.93778305,35.805,"PostPTME"
"370","84","84_7",18,0,0.15625,0.28125,0,1085560.22478165,-1085560.22478165,-6843959.06221695,35.805,"PostPTME"
"371","84","84_8",18,0,0.25,0.34,0.25,4601939.77521835,4601939.77521835,-8993959.06221695,35.805,"PostPTME"
"372","84","84_9",18,0,0.5,0.4,0.4,4474439.77521835,4474439.77521835,2141040.93778305,35.805,"PostPTME"
"373","85","85_1",19,0,0.342494098841442,0.762580467035762,0.0833333333333333,3950154.06093263,3950154.06093263,-6976101.91935981,30.6,"PostPTME"
"374","85","85_2",17,0,0.322222222222222,0.817204301075269,0.0833333333333333,5972773.10855168,5972773.10855168,-8635625.72888361,30.6,"PostPTME"
"375","85","85_3",17,0,0.8,0.4,0,3474439.77521835,3474439.77521835,-6588959.06221695,30.6,"PostPTME"
"376","85","85_4",18,0,0.8,0.3,0,3744439.77521835,3744439.77521835,-6598959.06221695,30.6,"PostPTME"
"377","85","85_5",19,0,0.25,0.375,0.25,5639439.77521835,5639439.77521835,281040.937783051,30.6,"PostPTME"
"378","86","86_1",17,0,0.0294117647058822,0.667167919799499,0,5864439.77521835,5864439.77521835,-8881459.06221695,25.17,"PostPTME"
"379","86","86_2",16,0,0.833333333333333,0.5,0.25,3939439.77521835,3939439.77521835,-7068959.06221695,25.17,"PostPTME"
"380","86","86_3",13,6,0.293785022924096,0.125,0,5745560.22478165,-5745560.22478165,-14027292.3955503,25.17,"PostPTME"
"381","86","86_4",18,0,1,0,0,3426939.77521835,3426939.77521835,-6781459.06221695,25.17,"PostPTME"
"382","86","86_5",17,0,1,0,0,3764439.77521835,3764439.77521835,-6828959.06221695,25.17,"PostPTME"
"383","87","87_1",17,0,0.25,0.25,0,5764439.77521835,5764439.77521835,-9281459.06221695,19.51,"PostPTME"
"384","87","87_2",18,0,0.852941176470588,0.599137931034483,0.25,4264439.77521835,4264439.77521835,-6168959.06221695,19.51,"PostPTME"
"385","87","87_3",16,3,0,0.125,0,5085560.22478165,-5085560.22478165,7493540.93778305,19.51,"PostPTME"
"386","87","87_4",19,0,0.55,0.25,0.55,4972773.10855168,4972773.10855168,-135625.728883615,19.51,"PostPTME"
"387","87","87_5",18,0,0.125,0.176565966888547,0.125,1139439.77521835,1139439.77521835,-6418959.06221695,19.51,"PostPTME"
"388","87","87_6",18,0,0.625,0.1,0.1,465560.224781653,-465560.224781653,-4058959.06221695,19.51,"PostPTME"
"389","87","87_7",19,0,0.583333333333333,0.3,0,3789439.77521835,3789439.77521835,-7018959.06221695,19.51,"PostPTME"
"390","87","87_8",15,3,0,0.622222222222222,0,5935560.22478165,-5935560.22478165,-5443959.06221695,19.51,"PostPTME"
"391","87","87_9",18,0,0.142857142857143,0.0714285714285714,0,4414439.77521835,4414439.77521835,-9637709.06221695,19.51,"PostPTME"
"392","87","87_10",18,0,0.5,0.5,0.5,5826939.77521835,5826939.77521835,381040.937783051,19.51,"PostPTME"
"393","87","87_11",16,1,0.375,0.375,0,5614439.77521835,5614439.77521835,-9443959.06221695,19.51,"PostPTME"
"394","88","88_1",17,0,0,0.236016511867905,0,4684439.77521835,4684439.77521835,-6118959.06221695,13.805,"PostPTME"
"395","88","88_2",19,0,0.5,0.5,0.3,5104439.77521835,5104439.77521835,-88959.0622169487,13.805,"PostPTME"
"396","88","88_3",18,0,0,0.0211764705882352,0,4644439.77521835,4644439.77521835,11231040.9377831,13.805,"PostPTME"
"397","88","88_4",11,3,1,0,0.0705882352941176,5274439.77521835,5274439.77521835,1711040.93778305,13.805,"PostPTME"
"398","88","88_5",18,0,0.0235294117647058,0.210909090909091,0.0905080213903743,5524439.77521835,5524439.77521835,1261040.93778305,13.805,"PostPTME"
"399","88","88_6",19,0,0.5,0.5,0,3844439.77521835,3844439.77521835,-7248959.06221695,13.805,"PostPTME"
"400","89","89_1",18,0,0.604166666666667,0,0.513015947467167,3981106.44188501,3981106.44188501,-443959.062216949,8.4815,"PostPTME"
"401","89","89_2",15,0,0,0,0,6714439.77521835,6714439.77521835,-11893959.0622169,8.4815,"PostPTME"
"402","89","89_3",17,0,0,0.0555555555555555,0,5323060.22478165,-5323060.22478165,-5268959.06221695,8.4815,"PostPTME"
"403","89","89_4",18,0,0.3125,0.5,0,4547773.10855168,4547773.10855168,-6378959.06221695,8.4815,"PostPTME"
"404","89","89_5",19,0,0.194295592048401,0.271428571428571,0,1004439.77521835,1004439.77521835,-7518959.06221695,8.4815,"PostPTME"
"405","89","89_6",19,0,0.0749546279491833,0.510819201186174,0.0858144192256342,2389439.77521835,2389439.77521835,-6518959.06221695,8.4815,"PostPTME"
"406","89","89_7",18,0,0.3,0.5,0.3,1239439.77521835,1239439.77521835,-6493959.06221695,8.4815,"PostPTME"
"407","89","89_8",17,0,1,0,1,4231106.44188501,4231106.44188501,-85625.7288836154,8.4815,"PostPTME"
"408","89","89_9",18,0,0.214285714285714,0.214285714285714,0,4339439.77521835,4339439.77521835,-10030417.3955503,8.4815,"PostPTME"
"409","89","89_10",18,0,0.25,0.515151515151515,0,4622773.10855168,4622773.10855168,-10039792.3955503,8.4815,"PostPTME"
"410","90","90_1",15,0,0,0.25,0,3464439.77521835,3464439.77521835,-10231459.0622169,3.9565,"PostPTME"
"411","90","90_2",19,0,0,0.25,0,4026939.77521835,4026939.77521835,-10218959.0622169,3.9565,"PostPTME"
"412","90","90_3",19,0,0.25,0.25,0.25,5189439.77521835,5189439.77521835,956040.937783051,3.9565,"PostPTME"
"413","90","90_4",17,1,0.0748175182481752,0.693452380952381,0.065359477124183,2414439.77521835,2414439.77521835,-6568959.06221695,3.9565,"PostPTME"
"414","90","90_5",19,0,0,0.434782608695652,0,51939.7752183471,51939.7752183471,-7543959.06221695,3.9565,"PostPTME"
"415","90","90_6",19,0,0.375,0.125,0,4164439.77521835,4164439.77521835,-6931459.06221695,3.9565,"PostPTME"
"416","90","90_7",19,0,0,0.468539562289562,0,1164439.77521835,1164439.77521835,-7756459.06221695,3.9565,"PostPTME"
"417","90","90_8",18,0,0.4375,0.4,0.35,3289439.77521835,3289439.77521835,-7238959.06221695,3.9565,"PostPTME"
"418","90","90_9",19,0,0,0.125,0,6039439.77521835,6039439.77521835,343540.937783051,3.9565,"PostPTME"
"419","90","90_10",17,1,0.25,0.625,0.125,5039439.77521835,5039439.77521835,-10318959.0622169,3.9565,"PostPTME"
"420","90","90_11",18,0,0.111111111111111,0.0692150866462793,0.0555555555555556,4275550.88632946,4275550.88632946,-10268959.0622169,3.9565,"PostPTME"
"421","90","90_12",19,0,0.375,0.5,0.375,5314439.77521835,5314439.77521835,693540.937783051,3.9565,"PostPTME"
"422","90","90_13",17,0,0.125,0.125,0.125,4539439.77521835,4539439.77521835,-10268959.0622169,3.9565,"PostPTME"
"423","90","90_14",18,0,0.5,0.5,0.5,5614439.77521835,5614439.77521835,-81459.0622169487,3.9565,"PostPTME"
"424","91","91_1",19,0,0.580152671755725,0.222222222222222,0,3421582.6323612,3421582.6323612,-7324514.6177725,1.296,"PostPTME"
"425","91","91_2",19,0,0.583333333333333,0.416666666666667,7.45712155108128e-05,4247773.10855168,4247773.10855168,-6861816.20507409,1.296,"PostPTME"
"426","91","91_3",19,0,0.166666666666667,0.25,0.0833333333333333,4171582.6323612,4171582.6323612,-10368959.0622169,1.296,"PostPTME"
"427","91","91_4",17,0,1,0,0.59375,1939439.77521835,1939439.77521835,3756040.93778305,1.296,"PostPTME"
"428","91","91_5",18,0,1,0,1,1514439.77521835,1514439.77521835,4093540.93778305,1.296,"PostPTME"
"429","91","91_6",17,0,0.3,0.4,0,4644439.77521835,4644439.77521835,-10518959.0622169,1.296,"PostPTME"
"430","91","91_7",18,0,0.4,0.4,0.1,5034439.77521835,5034439.77521835,-10428959.0622169,1.296,"PostPTME"
"431","91","91_8",17,0,0.5,0.5,0.5,6151939.77521835,6151939.77521835,281040.937783051,1.296,"PostPTME"
"432","91","91_9",18,1,0.25,0.5,0.25,4439439.77521835,4439439.77521835,12206040.9377831,1.296,"PostPTME"
"433","91","91_10",19,0,0.375,0,0.25,4401939.77521835,4401939.77521835,-6668959.06221695,1.296,"PostPTME"
"434","91","91_11",19,0,0.492647058823529,0.375,0.25,5264439.77521835,5264439.77521835,918540.937783051,1.296,"PostPTME"
