"","stage_cell","stage","cell","bivalve","brachiopod","cellPalaeoLng","cellPalaeoLat","cellAbsLat","PTME","temp","bath"
"1","16_38017",16,38017,1,13,-10593959.0622169,-2610560.22478165,2610560.22478165,"PrePTME",26.7901859283447,-3480
"2","16_38016",16,38016,1,10,-10693959.0622169,-2610560.22478165,2610560.22478165,"PrePTME",26.8123188018799,-3480
"3","16_37671",16,37671,2,9,-10693959.0622169,-2510560.22478165,2510560.22478165,"PrePTME",26.8123188018799,-3480
"9","38_31185",38,31185,7,6,-3793959.06221695,-610560.224781653,610560.224781653,"PrePTME",24.3918533325195,-40
"10","39_30496",39,30496,2,11,-3693959.06221695,-410560.224781653,410560.224781653,"PrePTME",24.9866046905518,-120
"11","39_30841",39,30841,2,8,-3693959.06221695,-510560.224781653,510560.224781653,"PrePTME",25.0550174713135,-200
"23","78_12211",78,12211,17,0,-3693959.06221695,4889439.77521835,4889439.77521835,"PostPTME",22.5312805175781,-40
"25","78_15354",78,15354,6,0,106040.937783051,3989439.77521835,3989439.77521835,"PostPTME",26.7325916290283,-240
"32","77_12847",77,12847,10,0,-9093959.06221695,4689439.77521835,4689439.77521835,"PostPTME",22.9191818237305,-5200
"33","77_8399",77,8399,8,0,-5393959.06221695,5989439.77521835,5989439.77521835,"PostPTME",18.1767234802246,-440
"34","72_10190",72,10190,13,0,1206040.93778305,5489439.77521835,5489439.77521835,"PostPTME",20.3516063690186,-80
"35","71_11573",71,11573,7,8,1506040.93778305,5089439.77521835,5089439.77521835,"PostPTME",20.8450984954834,0
"36","71_11574",71,11574,7,8,1606040.93778305,5089439.77521835,5089439.77521835,"PostPTME",20.8450984954834,0
"37","71_11229",71,11229,1,13,1606040.93778305,5189439.77521835,5189439.77521835,"PostPTME",20.8450984954834,0
"41","73_14267",73,14267,9,0,-5093959.06221695,4289439.77521835,4289439.77521835,"PostPTME",26.0695858001709,-80
"42","71_13304",71,13304,7,5,2106040.93778305,4589439.77521835,4589439.77521835,"PostPTME",24.52467918396,-2480
"43","64_36778",64,36778,2,10,3506040.93778305,-2210560.22478165,2210560.22478165,"PostPTME",28.6360378265381,-3080
"44","63_36433",63,36433,7,6,3506040.93778305,-2110560.22478165,2110560.22478165,"PostPTME",28.9802341461182,-2120
"55","84_16669",84,16669,10,0,-6393959.06221695,3589439.77521835,3589439.77521835,"PostPTME",27.7741832733154,-800
"57","31_43940",31,43940,4,7,-4793959.06221695,-4310560.22478165,4310560.22478165,"PrePTME",23.0771350860596,-160
"58","31_43938",31,43938,11,2,-4993959.06221695,-4310560.22478165,4310560.22478165,"PrePTME",23.1769580841064,-160
"59","15_48064",15,48064,1,14,-6393959.06221695,-5510560.22478165,5510560.22478165,"PrePTME",16.9311943054199,-3520
"60","16_46686",16,46686,1,10,-6193959.06221695,-5110560.22478165,5110560.22478165,"PrePTME",16.2133827209473,-3560
"61","14_54698",14,54698,10,2,1506040.93778305,-7410560.22478165,7410560.22478165,"PrePTME",10.1106805801392,-3480
"62","15_54007",15,54007,6,9,1406040.93778305,-7210560.22478165,7210560.22478165,"PrePTME",9.10492992401123,-3400
"63","16_53317",16,53317,6,5,1406040.93778305,-7010560.22478165,7010560.22478165,"PrePTME",10.4572525024414,-3440
"68","78_13927",78,13927,12,0,-4593959.06221695,4389439.77521835,4389439.77521835,"PostPTME",24.9455242156982,-80
"69","78_14272",78,14272,11,0,-4593959.06221695,4289439.77521835,4289439.77521835,"PostPTME",24.9455242156982,-80
"70","78_12552",78,12552,15,0,-4093959.06221695,4789439.77521835,4789439.77521835,"PostPTME",22.8620929718018,-80
"77","73_13923",73,13923,8,1,-4993959.06221695,4389439.77521835,4389439.77521835,"PostPTME",25.6384048461914,-160
"78","72_13926",72,13926,8,0,-4693959.06221695,4389439.77521835,4389439.77521835,"PostPTME",24.1384220123291,0
"79","16_38361",16,38361,1,9,-10693959.0622169,-2710560.22478165,2710560.22478165,"PrePTME",26.6299743652344,-3480
"80","83_14952",83,14952,8,4,-5593959.06221695,4089439.77521835,4089439.77521835,"PostPTME",26.1999092102051,-5120
"81","64_14333",64,14333,13,1,1506040.93778305,4289439.77521835,4289439.77521835,"PostPTME",24.5204524993896,-160
"82","64_13986",64,13986,10,0,1306040.93778305,4389439.77521835,4389439.77521835,"PostPTME",24.6643505096436,-160
"83","35_28422",35,28422,2,12,-4093959.06221695,189439.775218347,189439.775218347,"PrePTME",27.8816776275635,-160
"85","65_13986",65,13986,6,3,1306040.93778305,4389439.77521835,4389439.77521835,"PostPTME",24.0615234375,0
"90","64_10877",64,10877,8,1,906040.937783051,5289439.77521835,5289439.77521835,"PostPTME",18.9052848815918,0
"93","65_15701",65,15701,8,0,306040.937783051,3889439.77521835,3889439.77521835,"PostPTME",25.5413875579834,-160
"94","32_41514",32,41514,2,11,-5893959.06221695,-3610560.22478165,3610560.22478165,"PrePTME",25.5804443359375,-200
"96","77_12904",77,12904,14,0,-3393959.06221695,4689439.77521835,4689439.77521835,"PostPTME",23.6866073608398,-120
"97","77_12557",77,12557,12,0,-3593959.06221695,4789439.77521835,4789439.77521835,"PostPTME",23.2668685913086,0
"100","73_13922",73,13922,8,0,-5093959.06221695,4389439.77521835,4389439.77521835,"PostPTME",26.0695858001709,-80
"105","77_13588",77,13588,10,0,-3993959.06221695,4489439.77521835,4489439.77521835,"PostPTME",25.0141010284424,-80
"106","78_13584",78,13584,9,0,-4393959.06221695,4489439.77521835,4489439.77521835,"PostPTME",24.4993457794189,-1720
"107","65_16046",65,16046,11,0,306040.937783051,3789439.77521835,3789439.77521835,"PostPTME",25.6491985321045,-1920
"113","65_17084",65,17084,8,1,606040.937783051,3489439.77521835,3489439.77521835,"PostPTME",26.1838455200195,-3720
"114","24_37033",24,37033,1,5,-5493959.06221695,-2310560.22478165,2310560.22478165,"PrePTME",25.8455944061279,-160
"115","65_13641",65,13641,7,3,1306040.93778305,4489439.77521835,4489439.77521835,"PostPTME",24.0615234375,0
"116","64_14337",64,14337,12,3,1906040.93778305,4289439.77521835,4289439.77521835,"PostPTME",24.0909271240234,-3480
"117","30_44280",30,44280,1,12,-5293959.06221695,-4410560.22478165,4410560.22478165,"PrePTME",22.5834808349609,-240
"118","30_44282",30,44282,3,10,-5093959.06221695,-4410560.22478165,4410560.22478165,"PrePTME",22.5031547546387,-200
"119","30_44283",30,44283,2,8,-4993959.06221695,-4410560.22478165,4410560.22478165,"PrePTME",22.4801197052002,-200
"120","30_44628",30,44628,4,10,-4993959.06221695,-4510560.22478165,4510560.22478165,"PrePTME",22.0611419677734,-200
"121","30_44281",30,44281,1,13,-5193959.06221695,-4410560.22478165,4410560.22478165,"PrePTME",22.5294055938721,-240
"125","30_45317",30,45317,3,11,-5093959.06221695,-4710560.22478165,4710560.22478165,"PrePTME",21.1340713500977,-160
"126","30_45316",30,45316,4,10,-5193959.06221695,-4710560.22478165,4710560.22478165,"PrePTME",21.1205558776855,-160
"127","31_44284",31,44284,8,1,-4893959.06221695,-4410560.22478165,4410560.22478165,"PrePTME",23.1351623535156,-160
"128","31_43939",31,43939,7,0,-4893959.06221695,-4310560.22478165,4310560.22478165,"PrePTME",23.1351623535156,-160
"129","31_44283",31,44283,7,2,-4993959.06221695,-4410560.22478165,4410560.22478165,"PrePTME",23.1769580841064,-160
"137","74_10881",74,10881,5,2,1306040.93778305,5289439.77521835,5289439.77521835,"PostPTME",24.8835563659668,-80
"138","64_15717",64,15717,1,8,1906040.93778305,3889439.77521835,3889439.77521835,"PostPTME",26.0250854492188,-160
"139","88_12877",88,12877,16,0,-6093959.06221695,4689439.77521835,4689439.77521835,"PostPTME",20.4949054718018,-560
"140","63_21924",63,21924,11,2,1606040.93778305,2089439.77521835,2089439.77521835,"PostPTME",28.6341133117676,-240
"141","24_32555",24,32555,1,14,-4793959.06221695,-1010560.22478165,1010560.22478165,"PrePTME",26.7598037719727,-160
"142","21_34276",21,34276,0,17,-5193959.06221695,-1510560.22478165,1510560.22478165,"PrePTME",27.0468788146973,-200
"143","24_32900",24,32900,1,15,-4793959.06221695,-1110560.22478165,1110560.22478165,"PrePTME",26.9286346435547,-200
"144","25_42273",25,42273,8,3,1006040.93778305,-3810560.22478165,3810560.22478165,"PrePTME",23.1580066680908,-3480
"145","26_40548",26,40548,2,8,1006040.93778305,-3310560.22478165,3310560.22478165,"PrePTME",26.0677700042725,-3480
"147","24_37378",24,37378,2,11,-5493959.06221695,-2410560.22478165,2410560.22478165,"PrePTME",25.7446727752686,-160
"148","20_35640",20,35640,0,8,-6793959.06221695,-1910560.22478165,1910560.22478165,"PrePTME",27.5849018096924,-280
"150","16_38015",16,38015,1,12,-10793959.0622169,-2610560.22478165,2610560.22478165,"PrePTME",26.8313465118408,-3480
"153","59_17090",59,17090,10,4,1206040.93778305,3489439.77521835,3489439.77521835,"PostPTME",28.5325965881348,-80
"154","15_57443",15,57443,2,13,6040.93778305128,-8210560.22478165,8210560.22478165,"PrePTME",5.60682964324951,-3480
"155","59_17091",59,17091,8,8,1306040.93778305,3489439.77521835,3489439.77521835,"PostPTME",28.5781154632568,-80
"156","59_16401",59,16401,4,10,1306040.93778305,3689439.77521835,3689439.77521835,"PostPTME",28.315465927124,0
"157","59_16050",59,16050,4,10,706040.937783051,3789439.77521835,3789439.77521835,"PostPTME",28.4970607757568,-160
"158","15_36640",15,36640,1,8,-10293959.0622169,-2210560.22478165,2210560.22478165,"PrePTME",26.8948345184326,-3480
"159","16_37677",16,37677,3,14,-10093959.0622169,-2510560.22478165,2510560.22478165,"PrePTME",26.6537227630615,-3480
"160","16_37676",16,37676,9,7,-10193959.0622169,-2510560.22478165,2510560.22478165,"PrePTME",26.6845302581787,-3480
"162","55_16755",55,16755,7,5,2206040.93778305,3589439.77521835,3589439.77521835,"PostPTME",26.2520866394043,-3440
"163","55_16063",55,16063,8,3,2006040.93778305,3789439.77521835,3789439.77521835,"PostPTME",26.3473224639893,-3440
"164","62_14334",62,14334,7,9,1606040.93778305,4289439.77521835,4289439.77521835,"PostPTME",25.0906848907471,-1880
"165","55_16410",55,16410,6,8,2206040.93778305,3689439.77521835,3689439.77521835,"PostPTME",26.2520866394043,-3440
"166","55_16409",55,16409,8,5,2106040.93778305,3689439.77521835,3689439.77521835,"PostPTME",26.4073886871338,-3440
"169","56_15029",56,15029,1,8,2106040.93778305,4089439.77521835,4089439.77521835,"PostPTME",25.4852771759033,-3440
"170","56_15715",56,15715,3,4,1706040.93778305,3889439.77521835,3889439.77521835,"PostPTME",26.3068714141846,-3440
"171","56_13629",56,13629,10,1,106040.937783051,4489439.77521835,4489439.77521835,"PostPTME",22.1833419799805,0
"173","57_13284",57,13284,4,5,106040.937783051,4589439.77521835,4589439.77521835,"PostPTME",21.7152004241943,0
"177","53_22900",53,22900,3,2,-4293959.06221695,1789439.77521835,1789439.77521835,"PostPTME",28.6154098510742,0
"186","63_31261",63,31261,11,4,3806040.93778305,-610560.224781653,610560.224781653,"PostPTME",30.1710681915283,-160
"187","16_38360",16,38360,1,11,-10793959.0622169,-2710560.22478165,2710560.22478165,"PrePTME",26.6432228088379,-3480
"188","53_22970",53,22970,9,6,2706040.93778305,1789439.77521835,1789439.77521835,"PostPTME",29.9807071685791,-3400
"190","80_13237",80,13237,9,0,-4593959.06221695,4589439.77521835,4589439.77521835,"PostPTME",24.7776660919189,-3080
"192","61_26771",61,26771,6,5,3306040.93778305,689439.775218347,689439.775218347,"PostPTME",30.642183303833,-120
"195","63_27116",63,27116,4,13,3306040.93778305,589439.775218347,589439.775218347,"PostPTME",29.823823928833,-160
"196","62_27116",62,27116,6,9,3306040.93778305,589439.775218347,589439.775218347,"PostPTME",30.3919410705566,-160
"197","63_27117",63,27117,0,11,3406040.93778305,589439.775218347,589439.775218347,"PostPTME",29.7999267578125,-160
"198","60_13995",60,13995,3,0,2206040.93778305,4389439.77521835,4389439.77521835,"PostPTME",25.7991638183594,-3440
"199","60_14340",60,14340,3,0,2206040.93778305,4289439.77521835,4289439.77521835,"PostPTME",25.7991638183594,-3440
"200","62_13297",62,13297,13,3,1406040.93778305,4589439.77521835,4589439.77521835,"PostPTME",24.1692371368408,-40
"201","71_57405",71,57405,3,0,-3793959.06221695,-8210560.22478165,8210560.22478165,"PostPTME",10.4352550506592,-240
"203","89_5919",89,5919,9,0,-11893959.0622169,6689439.77521835,6689439.77521835,"PostPTME",8.05685806274414,0
"207","63_13297",63,13297,5,2,1406040.93778305,4589439.77521835,4589439.77521835,"PostPTME",23.6113319396973,-40
"210","32_40515",32,40515,6,5,-2293959.06221695,-3310560.22478165,3310560.22478165,"PrePTME",26.2899627685547,-160
"211","30_44276",30,44276,2,11,-5693959.06221695,-4410560.22478165,4410560.22478165,"PrePTME",22.6672859191895,-320
"212","43_22217",43,22217,3,2,-3593959.06221695,1989439.77521835,1989439.77521835,"PrePTME",29.4313049316406,-160
"213","31_39824",31,39824,0,9,-2393959.06221695,-3110560.22478165,3110560.22478165,"PrePTME",24.6530227661133,-160
"216","56_15366",56,15366,8,3,1306040.93778305,3989439.77521835,3989439.77521835,"PostPTME",26.6135578155518,-320
"217","73_7877",73,7877,9,0,11406040.9377831,6189439.77521835,6189439.77521835,"PostPTME",15.6741333007812,-5080
"218","88_9737",88,9737,10,0,-9593959.06221695,5589439.77521835,5589439.77521835,"PostPTME",16.3852558135986,-2560
"220","74_7874",74,7874,5,0,11106040.9377831,6189439.77521835,6189439.77521835,"PostPTME",16.7584571838379,-5040
"221","47_57354",47,57354,2,11,-8893959.06221695,-8210560.22478165,8210560.22478165,"PrePTME",4.71472930908203,-3480
"223","71_8573",71,8573,8,0,12006040.9377831,5989439.77521835,5989439.77521835,"PostPTME",13.5937414169312,-5000
"228","91_17349",91,17349,7,0,-7393959.06221695,3389439.77521835,3389439.77521835,"PostPTME",25.0928115844727,0
"229","43_31535",43,31535,1,15,-3293959.06221695,-710560.224781653,710560.224781653,"PrePTME",31.6732063293457,0
"234","51_25116",51,25116,13,0,10306040.9377831,1189439.77521835,1189439.77521835,"PostPTME",32.7686767578125,0
"235","91_17539",91,17539,0,9,11606040.9377831,3389439.77521835,3389439.77521835,"PostPTME",24.3453273773193,0
"238","48_48523",48,48523,1,11,5006040.93778305,-5610560.22478165,5610560.22478165,"PrePTME",16.7515296936035,-80
"240","43_28084",43,28084,1,18,-3393959.06221695,289439.775218347,289439.775218347,"PrePTME",31.3253402709961,-160
"241","91_36676",91,36676,12,0,-6693959.06221695,-2210560.22478165,2210560.22478165,"PostPTME",23.6897048950195,0
"242","40_29804",40,29804,0,18,-3893959.06221695,-210560.224781653,210560.224781653,"PrePTME",23.7452945709229,-520
"243","39_30148",39,30148,0,17,-3993959.06221695,-310560.224781653,310560.224781653,"PrePTME",25.1885070800781,-400
"245","42_29117",42,29117,0,18,-3593959.06221695,-10560.2247816529,10560.2247816529,"PrePTME",26.3196353912354,-320
"247","74_9421",74,9421,11,0,-6693959.06221695,5689439.77521835,5689439.77521835,"PostPTME",21.6719093322754,-40
"249","73_11854",73,11854,6,0,-4893959.06221695,4989439.77521835,4989439.77521835,"PostPTME",23.4987106323242,-80
"250","48_27540",48,27540,8,8,11206040.9377831,489439.775218347,489439.775218347,"PrePTME",30.9730052947998,-3480
"251","48_25387",48,25387,11,4,2906040.93778305,1089439.77521835,1089439.77521835,"PrePTME",29.4707717895508,-3480
"252","49_25042",49,25042,8,1,2906040.93778305,1189439.77521835,1189439.77521835,"PostPTME",30.1403484344482,-3480
"253","53_57512",53,57512,1,4,6906040.93778305,-8210560.22478165,8210560.22478165,"PostPTME",9.79335308074951,-3440
"254","53_57511",53,57511,1,6,6806040.93778305,-8210560.22478165,8210560.22478165,"PostPTME",9.8341178894043,-3440
"255","49_19116",49,19116,8,2,-3193959.06221695,2889439.77521835,2889439.77521835,"PostPTME",26.3773765563965,-40
"259","87_46823",87,46823,2,3,7506040.93778305,-5110560.22478165,5110560.22478165,"PostPTME",16.3059520721436,-2520
"260","62_31951",62,31951,6,9,3806040.93778305,-810560.224781653,810560.224781653,"PostPTME",30.4754981994629,-160
"264","50_16159",50,16159,10,4,11606040.9377831,3789439.77521835,3789439.77521835,"PostPTME",26.8265686035156,-2840
"265","50_14434",50,14434,5,6,11606040.9377831,4289439.77521835,4289439.77521835,"PostPTME",25.3313045501709,-3480
"266","63_31606",63,31606,9,7,3806040.93778305,-710560.224781653,710560.224781653,"PostPTME",30.1710681915283,-160
"268","62_31606",62,31606,6,8,3806040.93778305,-710560.224781653,710560.224781653,"PostPTME",30.6281242370605,-160
"269","62_31261",62,31261,4,10,3806040.93778305,-610560.224781653,610560.224781653,"PostPTME",30.6281242370605,-160
"270","63_32641",63,32641,13,0,3806040.93778305,-1010560.22478165,1010560.22478165,"PostPTME",29.68044090271,-160
"271","63_32984",63,32984,11,3,3606040.93778305,-1110560.22478165,1110560.22478165,"PostPTME",29.6426467895508,-120
"272","63_30916",63,30916,9,8,3806040.93778305,-510560.224781653,510560.224781653,"PostPTME",30.3120651245117,-160
"274","84_27009",84,27009,12,0,-7393959.06221695,589439.775218347,589439.775218347,"PostPTME",28.7186908721924,-4960
"275","86_26319",86,26319,15,0,-7393959.06221695,789439.775218347,789439.775218347,"PostPTME",28.9232921600342,-4400
"277","87_26319",87,26319,15,0,-7393959.06221695,789439.775218347,789439.775218347,"PostPTME",27.6429615020752,-3960
"280","49_45420",49,45420,10,1,5206040.93778305,-4710560.22478165,4710560.22478165,"PostPTME",24.8272724151611,-3400
"281","49_24778",49,24778,5,10,11006040.9377831,1289439.77521835,1289439.77521835,"PostPTME",31.1234016418457,-3480
"284","86_48677",86,48677,9,0,-14093959.062217,-5710560.22478165,5710560.22478165,"PostPTME",14.5005855560303,-4880
"286","88_25973",88,25973,16,0,-7493959.06221695,889439.775218347,889439.775218347,"PostPTME",29.2365398406982,-3040
"287","86_13048",86,13048,8,0,11006040.9377831,4689439.77521835,4689439.77521835,"PostPTME",18.7287120819092,0
"289","59_16400",59,16400,2,5,1206040.93778305,3689439.77521835,3689439.77521835,"PostPTME",28.2918605804443,-120
"290","59_16746",59,16746,5,9,1306040.93778305,3589439.77521835,3589439.77521835,"PostPTME",28.315465927124,0
"292","46_57005",46,57005,11,6,-9293959.06221695,-8110560.22478165,8110560.22478165,"PrePTME",4.39435529708862,-3480
"300","58_13920",58,13920,8,1,-5293959.06221695,4389439.77521835,4389439.77521835,"PostPTME",21.867504119873,-3520
"302","31_41511",31,41511,2,8,-6193959.06221695,-3610560.22478165,3610560.22478165,"PrePTME",25.8734188079834,-1560
"306","64_56095",64,56095,2,7,3206040.93778305,-7810560.22478165,7810560.22478165,"PostPTME",7.83407735824585,-680
"307","53_23660",53,23660,10,0,2706040.93778305,1589439.77521835,1589439.77521835,"PostPTME",30.1784858703613,-3440
"310","90_20462",90,20462,13,2,-6593959.06221695,2489439.77521835,2489439.77521835,"PostPTME",26.4224624633789,-520
"311","72_12955",72,12955,6,1,1706040.93778305,4689439.77521835,4689439.77521835,"PostPTME",24.5249156951904,-320
"312","90_13907",90,13907,16,0,-6593959.06221695,4389439.77521835,4389439.77521835,"PostPTME",21.1382598876953,0
"315","87_12880",87,12880,14,0,-5793959.06221695,4689439.77521835,4689439.77521835,"PostPTME",21.3919544219971,-3320
"316","73_12254",73,12254,14,1,606040.937783051,4889439.77521835,4889439.77521835,"PostPTME",25.4024200439453,-120
"318","90_24611",90,24611,14,0,-5693959.06221695,1289439.77521835,1289439.77521835,"PostPTME",26.735860824585,0
"319","90_24610",90,24610,14,0,-5793959.06221695,1289439.77521835,1289439.77521835,"PostPTME",26.7176513671875,0
"320","85_17012",85,17012,11,0,-6593959.06221695,3489439.77521835,3489439.77521835,"PostPTME",26.9292297363281,-800
"321","48_19193",48,19193,0,16,4506040.93778305,2889439.77521835,2889439.77521835,"PrePTME",26.7942008972168,-80
"322","90_14595",90,14595,8,0,-6793959.06221695,4189439.77521835,4189439.77521835,"PostPTME",21.671703338623,0
"324","85_16322",85,16322,8,0,-6593959.06221695,3689439.77521835,3689439.77521835,"PostPTME",26.4974842071533,-720
"327","89_25283",89,25283,8,0,-7493959.06221695,1089439.77521835,1089439.77521835,"PostPTME",27.6738300323486,-200
"328","50_22630",50,22630,7,0,3206040.93778305,1889439.77521835,1889439.77521835,"PostPTME",28.6256504058838,0
"329","53_57508",53,57508,1,4,6506040.93778305,-8210560.22478165,8210560.22478165,"PostPTME",9.93205451965332,-3440
"330","63_40921",63,40921,12,2,3806040.93778305,-3410560.22478165,3410560.22478165,"PostPTME",26.5113735198975,-120
"332","48_49212",48,49212,1,15,4906040.93778305,-5810560.22478165,5810560.22478165,"PrePTME",16.000560760498,-80
"334","50_22216",50,22216,10,2,-3693959.06221695,1989439.77521835,1989439.77521835,"PostPTME",28.3890132904053,-40
"335","50_22217",50,22217,8,3,-3593959.06221695,1989439.77521835,1989439.77521835,"PostPTME",28.6969566345215,-40
"336","50_22562",50,22562,8,2,-3593959.06221695,1889439.77521835,1889439.77521835,"PostPTME",29.1997547149658,-40
"337","62_40576",62,40576,11,2,3806040.93778305,-3310560.22478165,3310560.22478165,"PostPTME",27.4169807434082,0
"338","84_54639",84,54639,10,3,-4393959.06221695,-7410560.22478165,7410560.22478165,"PostPTME",8.59860992431641,0
"339","56_55767",56,55767,2,7,4906040.93778305,-7710560.22478165,7710560.22478165,"PostPTME",10.0455980300903,0
"341","47_26765",47,26765,0,15,2706040.93778305,689439.775218347,689439.775218347,"PrePTME",28.3900413513184,-1040
"342","16_38705",16,38705,1,7,-10793959.0622169,-2810560.22478165,2810560.22478165,"PrePTME",26.4318599700928,-3480
"344","87_49453",87,49453,13,3,-5493959.06221695,-5910560.22478165,5910560.22478165,"PostPTME",14.0448722839355,-3960
"345","72_13581",72,13581,10,0,-4693959.06221695,4489439.77521835,4489439.77521835,"PostPTME",23.6835994720459,0
"351","91_15296",91,15296,14,0,-5693959.06221695,3989439.77521835,3989439.77521835,"PostPTME",23.1684665679932,-4640
"352","85_9258",85,9258,7,0,11506040.9377831,5789439.77521835,5789439.77521835,"PostPTME",11.0982055664062,-4880
"354","53_22279",53,22279,13,2,2606040.93778305,1989439.77521835,1989439.77521835,"PostPTME",29.6509742736816,-3400
"359","53_21244",53,21244,12,7,2606040.93778305,2289439.77521835,2289439.77521835,"PostPTME",29.1680030822754,-2000
"360","54_18135",54,18135,11,0,2206040.93778305,3189439.77521835,3189439.77521835,"PostPTME",28.3237571716309,-3480
"365","89_13220",89,13220,16,0,-6293959.06221695,4589439.77521835,4589439.77521835,"PostPTME",19.6764755249023,0
"367","89_12875",89,12875,14,0,-6293959.06221695,4689439.77521835,4689439.77521835,"PostPTME",18.8710956573486,0
"369","16_38362",16,38362,1,14,-10593959.0622169,-2710560.22478165,2710560.22478165,"PrePTME",26.6152191162109,-3480
"374","74_13290",74,13290,9,0,706040.937783051,4589439.77521835,4589439.77521835,"PostPTME",27.9833488464355,-160
"375","76_15012",76,15012,4,0,406040.937783051,4089439.77521835,4089439.77521835,"PostPTME",28.318380355835,-200
"376","91_17695",91,17695,1,0,-7293959.06221695,3289439.77521835,3289439.77521835,"PostPTME",25.6843070983887,-240
"377","29_44972",29,44972,9,4,-5093959.06221695,-4610560.22478165,4610560.22478165,"PrePTME",20.1710147857666,-280
"378","12_33866",12,33866,2,7,-11693959.0622169,-1410560.22478165,1410560.22478165,"PrePTME",28.860179901123,-3480
"379","15_38705",15,38705,0,13,-10793959.0622169,-2810560.22478165,2810560.22478165,"PrePTME",26.0713481903076,-3480
"380","30_44622",30,44622,6,6,-5593959.06221695,-4510560.22478165,4510560.22478165,"PrePTME",22.1969051361084,-320
"382","20_39415",20,39415,1,11,-8793959.06221695,-3010560.22478165,3010560.22478165,"PrePTME",26.1970195770264,-3480
"383","14_22358",14,22358,7,0,10506040.9377831,1989439.77521835,1989439.77521835,"PrePTME",26.5410861968994,-3480
"384","90_8111",90,8111,15,0,306040.937783051,6089439.77521835,6089439.77521835,"PostPTME",12.4358520507812,0
"387","87_25750",87,25750,9,0,4706040.93778305,989439.775218347,989439.775218347,"PostPTME",27.4094638824463,-3840
"388","14_25118",14,25118,3,0,10506040.9377831,1189439.77521835,1189439.77521835,"PrePTME",27.4917163848877,-3480
"390","91_3611",91,3611,10,0,-1193959.06221695,7389439.77521835,7389439.77521835,"PostPTME",1.91317272186279,-440
"393","91_18390",91,18390,14,0,-6793959.06221695,3089439.77521835,3089439.77521835,"PostPTME",25.5235652923584,-5240
"394","91_20452",91,20452,16,0,-7593959.06221695,2489439.77521835,2489439.77521835,"PostPTME",26.5780048370361,-2480
"397","91_33337",91,33337,11,0,4406040.93778305,-1210560.22478165,1210560.22478165,"PostPTME",26.3865280151367,-4120
"398","91_30916",91,30916,10,0,3806040.93778305,-510560.224781653,510560.224781653,"PostPTME",26.3148784637451,-720
"399","44_25739",44,25739,1,8,3606040.93778305,989439.775218347,989439.775218347,"PrePTME",27.245641708374,-3480
"400","45_47139",45,47139,0,14,4606040.93778305,-5210560.22478165,5210560.22478165,"PrePTME",19.553373336792,-320
"401","21_38726",21,38726,1,11,-8693959.06221695,-2810560.22478165,2810560.22478165,"PrePTME",25.9943733215332,-3480
"402","21_39072",21,39072,0,9,-8593959.06221695,-2910560.22478165,2910560.22478165,"PrePTME",25.6692790985107,-3480
"403","46_24986",46,24986,8,1,-2693959.06221695,1189439.77521835,1189439.77521835,"PrePTME",28.1637401580811,-80
"404","48_23320",48,23320,3,3,3206040.93778305,1689439.77521835,1689439.77521835,"PrePTME",28.5041255950928,-1720
"407","77_18821",77,18821,10,1,1806040.93778305,2989439.77521835,2989439.77521835,"PostPTME",28.2391319274902,0
"408","19_39065",19,39065,1,7,-9293959.06221695,-2910560.22478165,2910560.22478165,"PrePTME",24.919153213501,-3480
"409","20_39069",20,39069,1,11,-8893959.06221695,-2910560.22478165,2910560.22478165,"PrePTME",26.5393257141113,-3480
"410","21_39073",21,39073,3,7,-8493959.06221695,-2910560.22478165,2910560.22478165,"PrePTME",25.6610374450684,-3480
"416","44_51646",44,51646,6,7,6806040.93778305,-6510560.22478165,6510560.22478165,"PrePTME",11.7017011642456,-120
"417","43_51993",43,51993,2,13,7006040.93778305,-6610560.22478165,6610560.22478165,"PrePTME",14.9129333496094,-200
"420","80_14252",80,14252,5,0,-6593959.06221695,4289439.77521835,4289439.77521835,"PostPTME",25.3195171356201,0
"421","78_20808",78,20808,4,0,-6493959.06221695,2389439.77521835,2389439.77521835,"PostPTME",30.4740447998047,-1440
"422","53_21934",53,21934,16,1,2606040.93778305,2089439.77521835,2089439.77521835,"PostPTME",29.6509742736816,-3400
"423","53_22623",53,22623,14,0,2506040.93778305,1889439.77521835,1889439.77521835,"PostPTME",29.9010448455811,-3440
"425","47_13989",47,13989,1,13,1606040.93778305,4389439.77521835,4389439.77521835,"PrePTME",20.6942138671875,-40
"426","30_44629",30,44629,5,9,-4893959.06221695,-4510560.22478165,4510560.22478165,"PrePTME",22.0403327941895,-160
"427","76_8730",76,8730,8,0,-6793959.06221695,5889439.77521835,5889439.77521835,"PostPTME",19.6654930114746,-600
"428","74_35355",74,35355,6,0,-793959.062216949,-1810560.22478165,1810560.22478165,"PostPTME",32.4217796325684,-3560
"429","44_21186",44,21186,6,5,-3193959.06221695,2289439.77521835,2289439.77521835,"PrePTME",21.9222297668457,-160
"430","91_17667",91,17667,15,0,-10093959.0622169,3289439.77521835,3289439.77521835,"PostPTME",23.4815254211426,-320
"431","47_45761",47,45761,0,17.5,4806040.93778305,-4810560.22478165,4810560.22478165,"PrePTME",21.1728210449219,-1520
"432","91_13261",91,13261,11,0,-2193959.06221695,4589439.77521835,4589439.77521835,"PostPTME",19.2775192260742,-1880
"433","30_44627",30,44627,5,11,-5093959.06221695,-4510560.22478165,4510560.22478165,"PrePTME",22.0820770263672,-200
"436","74_11231",74,11231,4,3,1806040.93778305,5189439.77521835,5189439.77521835,"PostPTME",24.8759841918945,-80
"438","43_27398",43,27398,11,0,-2993959.06221695,489439.775218347,489439.775218347,"PrePTME",31.5469627380371,0
"441","64_35049",64,35049,9,2,3106040.93778305,-1710560.22478165,1710560.22478165,"PostPTME",29.2556419372559,-160
"446","43_25321",43,25321,9,1,-3693959.06221695,1089439.77521835,1089439.77521835,"PrePTME",31.0826187133789,0
"448","90_16975",90,16975,15,0,-10293959.0622169,3489439.77521835,3489439.77521835,"PostPTME",21.7993469238281,-1440
"449","91_14904",91,14904,17,0,-10393959.0622169,4089439.77521835,4089439.77521835,"PostPTME",18.9893741607666,-920
"451","91_43400",91,43400,3,6,10206040.9377831,-4110560.22478165,4110560.22478165,"PostPTME",18.6428680419922,-1520
"452","91_12833",91,12833,14,0,-10493959.0622169,4689439.77521835,4689439.77521835,"PostPTME",16.182056427002,0
"453","91_11798",91,11798,12,0,-10493959.0622169,4989439.77521835,4989439.77521835,"PostPTME",15.0699872970581,0
"459","62_13991",62,13991,16,0,1806040.93778305,4389439.77521835,4389439.77521835,"PostPTME",24.9676609039307,-3440
"460","62_13992",62,13992,14,1,1906040.93778305,4389439.77521835,4389439.77521835,"PostPTME",24.9841709136963,-3520
"461","90_23911",90,23911,12,0,-6693959.06221695,1489439.77521835,1489439.77521835,"PostPTME",26.6087074279785,-240
"462","3_27825",3,27825,1,6,5206040.93778305,389439.775218347,389439.775218347,"PrePTME",28.6722869873047,-3480
"463","3_27798",3,27798,1,7,2506040.93778305,389439.775218347,389439.775218347,"PrePTME",29.4837398529053,-3480
"464","3_26415",3,26415,1,5,2206040.93778305,789439.775218347,789439.775218347,"PrePTME",30.946590423584,-3480
"480","81_13235",81,13235,11,0,-4793959.06221695,4589439.77521835,4589439.77521835,"PostPTME",25.54469871521,-4000
"481","80_12893",80,12893,9,1,-4493959.06221695,4689439.77521835,4689439.77521835,"PostPTME",24.1778411865234,-2760
"482","80_12894",80,12894,5,0,-4393959.06221695,4689439.77521835,4689439.77521835,"PostPTME",24.1207618713379,-3120
"483","82_16312",82,16312,4,0,-7593959.06221695,3689439.77521835,3689439.77521835,"PostPTME",28.3958034515381,-1240
"486","43_12342",43,12342,1,12,9406040.93778305,4889439.77521835,4889439.77521835,"PrePTME",17.8844146728516,-3480
"487","47_25814",47,25814,0,11,11106040.9377831,989439.775218347,989439.775218347,"PrePTME",28.8519287109375,-3480
"494","50_20496",50,20496,6,5,-3193959.06221695,2489439.77521835,2489439.77521835,"PostPTME",27.6662540435791,-40
"501","48_22712",48,22712,1,12,11406040.9377831,1889439.77521835,1889439.77521835,"PrePTME",29.1535377502441,-3480
"506","73_24700",73,24700,14,0,3206040.93778305,1289439.77521835,1289439.77521835,"PostPTME",31.9780616760254,-80
"507","74_24700",74,24700,12,0,3206040.93778305,1289439.77521835,1289439.77521835,"PostPTME",32.8888664245605,-160
"509","48_27903",48,27903,0,14,13006040.9377831,389439.775218347,389439.775218347,"PrePTME",31.3984203338623,-3480
"510","50_24697",50,24697,13,0,2906040.93778305,1289439.77521835,1289439.77521835,"PostPTME",30.4039421081543,-3480
"511","43_27394",43,27394,0,18,-3393959.06221695,489439.775218347,489439.775218347,"PrePTME",31.6043758392334,-80
"512","43_24631",43,24631,2,4,-3693959.06221695,1289439.77521835,1289439.77521835,"PrePTME",30.8733329772949,0
"513","41_28079",41,28079,0,13,-3893959.06221695,289439.775218347,289439.775218347,"PrePTME",23.6621532440186,-160
"514","42_27736",42,27736,0,12,-3693959.06221695,389439.775218347,389439.775218347,"PrePTME",26.0759696960449,-80
"515","43_23941",43,23941,0,5,-3693959.06221695,1489439.77521835,1489439.77521835,"PrePTME",30.4164695739746,-120
"517","43_12327",43,12327,1,11,7906040.93778305,4889439.77521835,4889439.77521835,"PrePTME",18.4069404602051,0
"518","46_25331",46,25331,10,3,-2693959.06221695,1089439.77521835,1089439.77521835,"PrePTME",28.1637401580811,-80
"520","42_11535",42,11535,0,15,-2293959.06221695,5089439.77521835,5089439.77521835,"PrePTME",15.000394821167,-200
"521","41_11879",41,11879,1,15,-2393959.06221695,4989439.77521835,4989439.77521835,"PrePTME",10.428466796875,-240
"523","47_46106",47,46106,0,18,4806040.93778305,-4910560.22478165,4910560.22478165,"PrePTME",20.5818347930908,-80
"524","47_45760",47,45760,0,17,4706040.93778305,-4810560.22478165,4810560.22478165,"PrePTME",21.0081005096436,-200
"526","43_22561",43,22561,3,6,-3693959.06221695,1889439.77521835,1889439.77521835,"PrePTME",29.6875190734863,-120
"528","49_29604",49,29604,11,1,10606040.9377831,-110560.224781653,110560.224781653,"PostPTME",31.6301116943359,-1760
"529","50_29259",50,29259,5,0,10606040.9377831,-10560.2247816529,10560.2247816529,"PostPTME",32.3810157775879,-1760
"531","73_12705",73,12705,4,0,11206040.9377831,4789439.77521835,4789439.77521835,"PostPTME",26.8055553436279,-5080
"532","18_35980",18,35980,0,6,-7293959.06221695,-2010560.22478165,2010560.22478165,"PrePTME",26.1004886627197,-160
"533","48_29950",48,29950,2,15,10706040.9377831,-210560.224781653,210560.224781653,"PrePTME",30.9011096954346,-440
"534","47_29953",47,29953,0,18,11006040.9377831,-210560.224781653,210560.224781653,"PrePTME",29.2789878845215,-3480
"535","52_26115",52,26115,8,0,6706040.93778305,889439.775218347,889439.775218347,"PostPTME",30.4785404205322,-40
"536","74_35699",74,35699,7,0,-893959.062216949,-1910560.22478165,1910560.22478165,"PostPTME",32.0195922851562,-3400
"537","61_10821",61,10821,6,0,-4693959.06221695,5289439.77521835,5289439.77521835,"PostPTME",19.8989601135254,0
"538","49_27187",49,27187,4,1,10406040.9377831,589439.775218347,589439.775218347,"PostPTME",31.2904586791992,0
"539","61_5049",61,5049,10,0,4606040.93778305,6989439.77521835,6989439.77521835,"PostPTME",8.52596569061279,0
"540","89_20807",89,20807,10,0,-6593959.06221695,2389439.77521835,2389439.77521835,"PostPTME",26.9514560699463,-600
"541","73_25045",73,25045,14,0,3206040.93778305,1189439.77521835,1189439.77521835,"PostPTME",31.9780616760254,-80
"545","76_6318",76,6318,8,0,-6493959.06221695,6589439.77521835,6589439.77521835,"PostPTME",18.3533954620361,-320
"547","53_57510",53,57510,0,4,6706040.93778305,-8210560.22478165,8210560.22478165,"PostPTME",9.87387084960938,-3440
"548","53_57162",53,57162,2,6,6406040.93778305,-8110560.22478165,8110560.22478165,"PostPTME",10.6753368377686,-1720
"549","53_57513",53,57513,1,4,7006040.93778305,-8210560.22478165,8210560.22478165,"PostPTME",9.77213668823242,-3440
"550","54_56464",54,56464,1,7,5606040.93778305,-7910560.22478165,7910560.22478165,"PostPTME",11.2294502258301,0
"551","53_47202",53,47202,9,1,10906040.9377831,-5210560.22478165,5210560.22478165,"PostPTME",23.1822509765625,-3440
"554","50_22628",50,22628,7,0,3006040.93778305,1889439.77521835,1889439.77521835,"PostPTME",28.6807098388672,0
"555","73_35356",73,35356,6,0,-693959.062216949,-1810560.22478165,1810560.22478165,"PostPTME",31.6009902954102,-3080
"562","35_46193",35,46193,3,6,13506040.9377831,-4910560.22478165,4910560.22478165,"PrePTME",20.0326747894287,-3480
"563","91_17321",91,17321,18,0,-10193959.0622169,3389439.77521835,3389439.77521835,"PostPTME",22.7681331634521,0
"564","87_45788",87,45788,3,3,7506040.93778305,-4810560.22478165,4810560.22478165,"PostPTME",18.1348171234131,-3520
"565","58_16399",58,16399,2,7,1106040.93778305,3689439.77521835,3689439.77521835,"PostPTME",26.6141777038574,-1080
"566","58_16400",58,16400,2,8,1206040.93778305,3689439.77521835,3689439.77521835,"PostPTME",26.6199321746826,-1160
"567","30_42897",30,42897,4,7,-5593959.06221695,-4010560.22478165,4010560.22478165,"PrePTME",23.9052906036377,-440
"569","49_26500",49,26500,7,4,10706040.9377831,789439.775218347,789439.775218347,"PostPTME",31.3393859863281,-3320
"570","47_50247",47,50247,0,15,4906040.93778305,-6110560.22478165,6110560.22478165,"PrePTME",11.2487659454346,-80
"571","65_14684",65,14684,8,4,2106040.93778305,4189439.77521835,4189439.77521835,"PostPTME",24.6764812469482,-4920
"572","50_21874",50,21874,8,0,-3393959.06221695,2089439.77521835,2089439.77521835,"PostPTME",28.9359340667725,-40
"573","50_21183",50,21183,4,2,-3493959.06221695,2289439.77521835,2289439.77521835,"PostPTME",27.705020904541,-40
"574","39_27043",39,27043,10,6,-3993959.06221695,589439.775218347,589439.775218347,"PrePTME",21.7768363952637,0
"576","57_13289",57,13289,5,8,606040.937783051,4589439.77521835,4589439.77521835,"PostPTME",21.8560752868652,-40
"580","72_14616",72,14616,10,0,-4693959.06221695,4189439.77521835,4189439.77521835,"PostPTME",24.5932922363281,-40
"584","78_24711",78,24711,7,0,4306040.93778305,1289439.77521835,1289439.77521835,"PostPTME",30.619743347168,-120
"585","77_17786",77,17786,8,0,1806040.93778305,3289439.77521835,3289439.77521835,"PostPTME",27.8775081634521,-840
"586","16_34630",16,34630,1,10,-4293959.06221695,-1610560.22478165,1610560.22478165,"PrePTME",27.9722938537598,0
"589","16_40832",16,40832,0,15,-5093959.06221695,-3410560.22478165,3410560.22478165,"PrePTME",23.7134647369385,-320
"590","17_38763",17,38763,0,10,-4993959.06221695,-2810560.22478165,2810560.22478165,"PrePTME",23.3539237976074,-400
"592","61_15029",61,15029,1,15,2106040.93778305,4089439.77521835,4089439.77521835,"PostPTME",26.0530738830566,-3560
"593","15_37678",15,37678,3,11,-9993959.06221695,-2510560.22478165,2510560.22478165,"PrePTME",26.3778972625732,-3480
"594","15_38023",15,38023,2,11,-9993959.06221695,-2610560.22478165,2610560.22478165,"PrePTME",26.3778972625732,-3480
"595","3_26416",3,26416,1,6,2306040.93778305,789439.775218347,789439.775218347,"PrePTME",30.9587516784668,-3480
"596","16_37689",16,37689,0,14,-8893959.06221695,-2510560.22478165,2510560.22478165,"PrePTME",26.1387481689453,-1080
"598","91_10765",91,10765,15,0,-10293959.0622169,5289439.77521835,5289439.77521835,"PostPTME",14.4002695083618,0
"599","49_22976",49,22976,5,0,3306040.93778305,1789439.77521835,1789439.77521835,"PostPTME",28.7166080474854,-400
"600","49_22631",49,22631,5,0,3306040.93778305,1889439.77521835,1889439.77521835,"PostPTME",28.2845993041992,0
"606","15_35252",15,35252,1,15,-11093959.0622169,-1810560.22478165,1810560.22478165,"PrePTME",27.453763961792,-3480
"607","51_22627",51,22627,8,2,2906040.93778305,1889439.77521835,1889439.77521835,"PostPTME",29.2671089172363,-320
"608","16_36298",16,36298,1,10,-9993959.06221695,-2110560.22478165,2110560.22478165,"PrePTME",26.9287586212158,-3480
"611","90_14214",90,14214,14,1,-10393959.0622169,4289439.77521835,4289439.77521835,"PostPTME",17.8981037139893,-640
"613","77_14278",77,14278,12,0,-3993959.06221695,4289439.77521835,4289439.77521835,"PostPTME",25.5430221557617,-80
"617","89_13871",89,13871,13,0,-10193959.0622169,4389439.77521835,4389439.77521835,"PostPTME",19.0324440002441,-320
"618","44_15738",44,15738,4,7,4006040.93778305,3889439.77521835,3889439.77521835,"PrePTME",20.7557430267334,-80
"620","91_14559",91,14559,18,0,-10393959.0622169,4189439.77521835,4189439.77521835,"PostPTME",18.3377380371094,-800
"621","82_14910",82,14910,16,0,-9793959.06221695,4089439.77521835,4089439.77521835,"PostPTME",24.3086452484131,-5000
"622","82_14565",82,14565,7,0,-9793959.06221695,4189439.77521835,4189439.77521835,"PostPTME",23.8168449401855,-5040
"623","82_14566",82,14566,14,0,-9693959.06221695,4189439.77521835,4189439.77521835,"PostPTME",23.7772254943848,-5040
"629","52_23660",52,23660,13,0,2706040.93778305,1589439.77521835,1589439.77521835,"PostPTME",30.1292400360107,-3440
"630","58_14344",58,14344,0,16,2606040.93778305,4289439.77521835,4289439.77521835,"PostPTME",24.4508171081543,-3120
"631","16_52971",16,52971,4,9,1306040.93778305,-6910560.22478165,6910560.22478165,"PrePTME",10.7501659393311,-3440
"633","59_16747",59,16747,1,6,1406040.93778305,3589439.77521835,3589439.77521835,"PostPTME",28.3493957519531,0
"634","52_23659",52,23659,1,10,2606040.93778305,1589439.77521835,1589439.77521835,"PostPTME",30.0287551879883,-3440
"637","57_12944",57,12944,9,3,606040.937783051,4689439.77521835,4689439.77521835,"PostPTME",21.4594821929932,-40
"639","16_39397",16,39397,2,4,-10593959.0622169,-3010560.22478165,3010560.22478165,"PrePTME",25.8719081878662,-3480
"643","91_31145",91,31145,11,0,-7793959.06221695,-610560.224781653,610560.224781653,"PostPTME",26.426965713501,-5280
"647","91_14213",91,14213,17,0,-10493959.0622169,4289439.77521835,4289439.77521835,"PostPTME",17.6178970336914,-400
"650","59_16745",59,16745,10,5,1206040.93778305,3589439.77521835,3589439.77521835,"PostPTME",28.2918605804443,-120
"652","59_16055",59,16055,7,5,1206040.93778305,3789439.77521835,3789439.77521835,"PostPTME",28.0401878356934,-240
"655","58_11567",58,11567,7,3,906040.937783051,5089439.77521835,5089439.77521835,"PostPTME",19.3555469512939,0
"657","77_14666",77,14666,5,7,306040.937783051,4189439.77521835,4189439.77521835,"PostPTME",25.6951274871826,-160
"660","74_9420",74,9420,8,0,-6793959.06221695,5689439.77521835,5689439.77521835,"PostPTME",21.7258396148682,-240
"662","58_10873",58,10873,1,7,506040.937783051,5289439.77521835,5289439.77521835,"PostPTME",17.5468978881836,-40
"670","91_40819",91,40819,11,0,-6393959.06221695,-3410560.22478165,3410560.22478165,"PostPTME",20.6145114898682,-5080
"674","35_28070",35,28070,0,12,-4793959.06221695,289439.775218347,289439.775218347,"PrePTME",26.8127384185791,-200
"675","91_15249",91,15249,15,0,-10393959.0622169,3989439.77521835,3989439.77521835,"PostPTME",19.7157592773438,-680
"676","58_14680",58,14680,2,9,1706040.93778305,4189439.77521835,4189439.77521835,"PostPTME",24.9312343597412,-3560
"677","20_38044",20,38044,0,12,-7893959.06221695,-2610560.22478165,2610560.22478165,"PrePTME",27.0566177368164,-160
"678","35_25657",35,25657,2,4,-4593959.06221695,989439.775218347,989439.775218347,"PrePTME",25.8383083343506,-600
"679","48_25388",48,25388,8,6,3006040.93778305,1089439.77521835,1089439.77521835,"PrePTME",29.4960155487061,-3480
"680","47_47488",47,47488,3,9,5006040.93778305,-5310560.22478165,5310560.22478165,"PrePTME",17.8837451934814,-80
"681","73_12256",73,12256,16,2,806040.937783051,4889439.77521835,4889439.77521835,"PostPTME",25.3455066680908,-80
"683","13_30280",13,30280,10,0,9206040.93778305,-310560.224781653,310560.224781653,"PrePTME",27.1671314239502,-3400
"684","33_40482",33,40482,2,7,-5593959.06221695,-3310560.22478165,3310560.22478165,"PrePTME",25.3882369995117,-160
"685","34_36049",34,36049,4,10,-393959.062216949,-2010560.22478165,2010560.22478165,"PrePTME",27.960334777832,-40
"687","77_8398",77,8398,5,0,-5493959.06221695,5989439.77521835,5989439.77521835,"PostPTME",17.9677104949951,-160
"688","74_13639",74,13639,9,0,1106040.93778305,4489439.77521835,4489439.77521835,"PostPTME",28.1192436218262,-3640
"689","89_12712",89,12712,7,2,11906040.9377831,4789439.77521835,4789439.77521835,"PostPTME",13.9361352920532,-200
"691","90_13630",90,13630,4,5,206040.937783051,4489439.77521835,4489439.77521835,"PostPTME",20.3995208740234,-2520
"693","61_14334",61,14334,11,5,1606040.93778305,4289439.77521835,4289439.77521835,"PostPTME",25.2920436859131,-2280
"694","91_14905",91,14905,16,0,-10293959.0622169,4089439.77521835,4089439.77521835,"PostPTME",19.1435451507568,0
"695","91_13867",91,13867,15,0,-10593959.0622169,4389439.77521835,4389439.77521835,"PostPTME",17.6178970336914,-400
"696","14_29933",14,29933,10,0,9006040.93778305,-210560.224781653,210560.224781653,"PrePTME",27.1078929901123,-3400
"697","13_25249",13,25249,0,11,-10893959.0622169,1089439.77521835,1089439.77521835,"PrePTME",29.4480171203613,-3480
"698","19_38067",19,38067,0,9,-5593959.06221695,-2610560.22478165,2610560.22478165,"PrePTME",25.5608921051025,-160
"699","16_37670",16,37670,1,11,-10793959.0622169,-2510560.22478165,2510560.22478165,"PrePTME",26.8313465118408,-3480
"700","26_36314",26,36314,0,13,-8393959.06221695,-2110560.22478165,2110560.22478165,"PrePTME",28.7576961517334,-3480
"702","16_22037",16,22037,0,13,12906040.9377831,2089439.77521835,2089439.77521835,"PrePTME",25.9739208221436,-160
"704","29_38053",29,38053,0,7,-6993959.06221695,-2610560.22478165,2610560.22478165,"PrePTME",26.7960033416748,-3480
"706","18_44606",18,44606,0,3,-7193959.06221695,-4510560.22478165,4510560.22478165,"PrePTME",18.8136291503906,-3480
"707","18_42892",18,42892,0,13,-6093959.06221695,-4010560.22478165,4010560.22478165,"PrePTME",19.6646404266357,-3480
"708","18_42547",18,42547,0,12,-6093959.06221695,-3910560.22478165,3910560.22478165,"PrePTME",20.0985088348389,-3480
"709","26_29082",26,29082,0,7,-7093959.06221695,-10560.2247816529,10560.2247816529,"PrePTME",27.5033836364746,-3480
"710","26_28741",26,28741,0,9,-6693959.06221695,89439.7752183471,89439.7752183471,"PrePTME",27.6452198028564,-3480
"711","29_43932",29,43932,0,7,-5593959.06221695,-4310560.22478165,4310560.22478165,"PrePTME",21.1230220794678,-480
"713","18_42891",18,42891,0,12,-6193959.06221695,-4010560.22478165,4010560.22478165,"PrePTME",19.6828861236572,-3480
"714","16_38357",16,38357,0,5,-11093959.0622169,-2710560.22478165,2710560.22478165,"PrePTME",26.683650970459,-3480
"715","34_45505",34,45505,0,4,13706040.9377831,-4710560.22478165,4710560.22478165,"PrePTME",23.8462867736816,-3480
"716","19_38041",19,38041,0,12,-8193959.06221695,-2610560.22478165,2610560.22478165,"PrePTME",25.9194240570068,-360
"722","32_34603",32,34603,0,10,-6993959.06221695,-1610560.22478165,1610560.22478165,"PrePTME",28.4514236450195,-3480
"725","32_34260",32,34260,0,5,-6793959.06221695,-1510560.22478165,1510560.22478165,"PrePTME",28.3716678619385,-3480
"726","33_33229",33,33229,0,9,-6393959.06221695,-1210560.22478165,1210560.22478165,"PrePTME",28.6717281341553,-3480
"727","4_51622",4,51622,0,6,4406040.93778305,-6510560.22478165,6510560.22478165,"PrePTME",16.7990016937256,-3480
"728","16_45996",16,45996,0,8,-6193959.06221695,-4910560.22478165,4910560.22478165,"PrePTME",17.1518745422363,-3640
"729","17_43927",17,43927,0,8,-6093959.06221695,-4310560.22478165,4310560.22478165,"PrePTME",17.52858543396,-3480
"731","29_44971",29,44971,1,12,-5193959.06221695,-4610560.22478165,4610560.22478165,"PrePTME",20.1624221801758,-280
"732","29_44625",29,44625,3,13,-5293959.06221695,-4510560.22478165,4510560.22478165,"PrePTME",20.639762878418,-360
"733","29_45318",29,45318,0,9,-4993959.06221695,-4710560.22478165,4710560.22478165,"PrePTME",19.6792545318604,-200
"734","3_29573",3,29573,0,6,7506040.93778305,-110560.224781653,110560.224781653,"PrePTME",27.7241172790527,-3520
"735","44_9811",44,9811,0,10,-2193959.06221695,5589439.77521835,5589439.77521835,"PrePTME",12.9390897750854,-200
"736","16_36280",16,36280,0,13,-11793959.0622169,-2110560.22478165,2110560.22478165,"PrePTME",27.4666805267334,-3480
"737","18_38038",18,38038,0,9,-8493959.06221695,-2610560.22478165,2610560.22478165,"PrePTME",24.7933235168457,-3000
"738","18_35639",18,35639,0,10,-6893959.06221695,-1910560.22478165,1910560.22478165,"PrePTME",26.4065418243408,-160
"739","21_38727",21,38727,0,10,-8593959.06221695,-2810560.22478165,2810560.22478165,"PrePTME",25.9819393157959,-3480
"740","21_38725",21,38725,0,12,-8793959.06221695,-2810560.22478165,2810560.22478165,"PrePTME",26.0072841644287,-3480
"741","64_15372",64,15372,6,8,1906040.93778305,3989439.77521835,3989439.77521835,"PostPTME",25.6158924102783,-160
"742","16_38358",16,38358,0,14,-10993959.0622169,-2710560.22478165,2710560.22478165,"PrePTME",26.6814270019531,-3480
"743","21_34624",21,34624,0,14,-4893959.06221695,-1610560.22478165,1610560.22478165,"PrePTME",27.1143188476562,-160
"744","25_32561",25,32561,0,10,-4193959.06221695,-1010560.22478165,1010560.22478165,"PrePTME",27.0686683654785,-160
"745","18_38756",18,38756,0,11,-5693959.06221695,-2810560.22478165,2810560.22478165,"PrePTME",24.0826511383057,-160
"746","26_33951",26,33951,0,11,-3193959.06221695,-1410560.22478165,1410560.22478165,"PrePTME",29.3375873565674,-80
"747","16_30431",16,30431,0,13,-10193959.0622169,-410560.224781653,410560.224781653,"PrePTME",27.7814121246338,-3480
"748","20_36341",20,36341,0,10,-5693959.06221695,-2110560.22478165,2110560.22478165,"PrePTME",27.2147254943848,-160
"749","19_38066",19,38066,0,12,-5693959.06221695,-2610560.22478165,2610560.22478165,"PrePTME",25.5546016693115,-160
"750","16_34218",16,34218,0,17,-10993959.0622169,-1510560.22478165,1510560.22478165,"PrePTME",27.6140079498291,-3480
"751","15_34906",15,34906,0,11,-11193959.0622169,-1710560.22478165,1710560.22478165,"PrePTME",27.5883007049561,-3480
"752","16_35943",16,35943,0,15,-10993959.0622169,-2010560.22478165,2010560.22478165,"PrePTME",27.3153095245361,-3480
"754","16_37688",16,37688,0,12,-8993959.06221695,-2510560.22478165,2510560.22478165,"PrePTME",26.1851634979248,-2640
"755","17_37691",17,37691,0,11,-8693959.06221695,-2510560.22478165,2510560.22478165,"PrePTME",23.7690620422363,-1680
"756","19_38040",19,38040,0,11,-8293959.06221695,-2610560.22478165,2610560.22478165,"PrePTME",25.9109439849854,-1000
"757","20_38043",20,38043,0,12,-7993959.06221695,-2610560.22478165,2610560.22478165,"PrePTME",27.0791187286377,-200
"758","17_38038",17,38038,0,15,-8493959.06221695,-2610560.22478165,2610560.22478165,"PrePTME",23.7680721282959,-240
"759","20_38733",20,38733,0,13,-7993959.06221695,-2810560.22478165,2810560.22478165,"PrePTME",26.6543197631836,-160
"760","16_38034",16,38034,0,15,-8893959.06221695,-2610560.22478165,2610560.22478165,"PrePTME",26.1387481689453,-1080
"761","21_36992",21,36992,0,6,-9593959.06221695,-2310560.22478165,2310560.22478165,"PrePTME",27.2187042236328,-3480
"762","18_45441",18,45441,0,8,7306040.93778305,-4710560.22478165,4710560.22478165,"PrePTME",17.1634101867676,-3480
"763","15_57106",15,57106,0,11,806040.937783051,-8110560.22478165,8110560.22478165,"PrePTME",5.95481634140015,-3440
"764","17_28540",17,28540,0,10,7706040.93778305,189439.775218347,189439.775218347,"PrePTME",20.8708209991455,-3480
"765","22_39067",22,39067,0,10,-9093959.06221695,-2910560.22478165,2910560.22478165,"PrePTME",25.6895599365234,-3480
"766","21_25625",21,25625,0,15,-7793959.06221695,989439.775218347,989439.775218347,"PrePTME",28.2858448028564,-3480
"767","22_24919",22,24919,0,17,-9393959.06221695,1189439.77521835,1189439.77521835,"PrePTME",28.7523708343506,-3480
"768","21_34280",21,34280,0,15,-4793959.06221695,-1510560.22478165,1510560.22478165,"PrePTME",27.1310977935791,-160
"769","26_28396",26,28396,0,3,-6693959.06221695,189439.775218347,189439.775218347,"PrePTME",28.1345291137695,-3480
"770","26_43233",26,43233,1,9,-6493959.06221695,-4110560.22478165,4110560.22478165,"PrePTME",23.0119190216064,-200
"771","26_42887",26,42887,0,9,-6593959.06221695,-4010560.22478165,4010560.22478165,"PrePTME",23.5295009613037,-200
"772","22_39068",22,39068,0,11,-8993959.06221695,-2910560.22478165,2910560.22478165,"PrePTME",25.677698135376,-3480
"773","18_28195",18,28195,0,8,7706040.93778305,289439.775218347,289439.775218347,"PrePTME",22.3868846893311,-3480
"774","58_12598",58,12598,0,15,506040.937783051,4789439.77521835,4789439.77521835,"PostPTME",21.1950225830078,0
"775","57_14685",57,14685,0,17,2206040.93778305,4189439.77521835,4189439.77521835,"PostPTME",25.4190006256104,-3440
"776","16_32150",16,32150,0,12,-10793959.0622169,-910560.224781653,910560.224781653,"PrePTME",28.1036529541016,-3480
"777","15_23523",15,23523,0,10,-10993959.0622169,1589439.77521835,1589439.77521835,"PrePTME",27.6332626342773,-3480
"778","30_42199",30,42199,0,8,-6393959.06221695,-3810560.22478165,3810560.22478165,"PrePTME",24.9565563201904,-3480
"780","16_41179",16,41179,0,13,-4893959.06221695,-3510560.22478165,3510560.22478165,"PrePTME",23.8154048919678,-360
"783","47_20494",47,20494,0,9,-3393959.06221695,2489439.77521835,2489439.77521835,"PrePTME",24.1107349395752,-80
"784","47_20149",47,20149,0,10,-3393959.06221695,2589439.77521835,2589439.77521835,"PrePTME",24.1107349395752,-80
"785","47_20839",47,20839,0,10,-3393959.06221695,2389439.77521835,2389439.77521835,"PrePTME",24.6129913330078,-80
"786","47_20493",47,20493,0,9,-3493959.06221695,2489439.77521835,2489439.77521835,"PrePTME",24.1012382507324,-80
"787","40_42019",40,42019,0,8,10106040.9377831,-3710560.22478165,3710560.22478165,"PrePTME",19.0469379425049,-2680
"788","57_16065",57,16065,0,16,2206040.93778305,3789439.77521835,3789439.77521835,"PostPTME",26.6010646820068,-3480
"789","57_18127",57,18127,0,12,1406040.93778305,3189439.77521835,3189439.77521835,"PostPTME",28.0964508056641,-520
"790","32_16006",32,16006,0,9,-3693959.06221695,3789439.77521835,3789439.77521835,"PrePTME",25.2961406707764,-3480
"791","44_45109",44,45109,0,14,8606040.93778305,-4610560.22478165,4610560.22478165,"PrePTME",21.2967224121094,-120
"792","44_40977",44,40977,0,16,9406040.93778305,-3410560.22478165,3410560.22478165,"PrePTME",25.7092800140381,-280
"793","43_20493",43,20493,0,14,-3493959.06221695,2489439.77521835,2489439.77521835,"PrePTME",28.1894855499268,-160
"794","47_49212",47,49212,0,7,4906040.93778305,-5810560.22478165,5810560.22478165,"PrePTME",12.026439666748,-80
"795","45_33342",45,33342,0,12,4906040.93778305,-1210560.22478165,1210560.22478165,"PrePTME",28.3218479156494,-160
"796","15_47719",15,47719,0,11,-6393959.06221695,-5410560.22478165,5410560.22478165,"PrePTME",17.4899768829346,-3600
"797","16_44961",16,44961,0,3,-6193959.06221695,-4610560.22478165,4610560.22478165,"PrePTME",18.4815979003906,-3560
"798","41_29460",41,29460,0,16,-3793959.06221695,-110560.224781653,110560.224781653,"PrePTME",24.8387756347656,-400
"799","14_49445",14,49445,0,4,-6293959.06221695,-5910560.22478165,5910560.22478165,"PrePTME",16.930814743042,-3480
"800","66_13657",66,13657,0,6,2906040.93778305,4489439.77521835,4489439.77521835,"PostPTME",21.1826972961426,-240
"801","14_50135",14,50135,0,6,-6293959.06221695,-6110560.22478165,6110560.22478165,"PrePTME",14.753604888916,-3480
"802","15_48065",15,48065,0,12,-6293959.06221695,-5510560.22478165,5510560.22478165,"PrePTME",16.897481918335,-3520
"803","48_49558",48,49558,0,15,5006040.93778305,-5910560.22478165,5910560.22478165,"PrePTME",15.4159650802612,-80
"804","41_37500",41,37500,0,7,6706040.93778305,-2410560.22478165,2410560.22478165,"PrePTME",22.971736907959,-3480
"805","43_35427",43,35427,0,9,6406040.93778305,-1810560.22478165,1810560.22478165,"PrePTME",30.0166625976562,-3480
"806","45_32670",45,32670,0,10,6706040.93778305,-1010560.22478165,1010560.22478165,"PrePTME",28.4567775726318,-3480
"809","47_27821",47,27821,0,13,4806040.93778305,389439.775218347,389439.775218347,"PrePTME",28.9705467224121,-80
"810","32_43249",32,43249,1,9,-4893959.06221695,-4110560.22478165,4110560.22478165,"PrePTME",23.6611099243164,-160
"811","31_43937",31,43937,0,8,-5093959.06221695,-4310560.22478165,4310560.22478165,"PrePTME",23.2075061798096,-160
"815","31_41151",31,41151,0,8,-7693959.06221695,-3510560.22478165,3510560.22478165,"PrePTME",26.5285320281982,-3480
"816","17_36980",17,36980,0,12,-10793959.0622169,-2310560.22478165,2310560.22478165,"PrePTME",24.4433002471924,-3480
"817","30_44275",30,44275,0,8,-5793959.06221695,-4410560.22478165,4410560.22478165,"PrePTME",22.6698951721191,-400
"818","14_37352",14,37352,0,7,-8093959.06221695,-2410560.22478165,2410560.22478165,"PrePTME",26.6745491027832,-160
"819","13_45324",13,45324,0,12,-4393959.06221695,-4710560.22478165,4710560.22478165,"PrePTME",20.9423046112061,-2520
"820","63_15028",63,15028,0,13,2006040.93778305,4089439.77521835,4089439.77521835,"PostPTME",25.2654972076416,-3480
"821","47_49902",47,49902,0,14,4906040.93778305,-6010560.22478165,6010560.22478165,"PrePTME",11.4874982833862,-80
"822","13_45672",13,45672,0,12,-4093959.06221695,-4810560.22478165,4810560.22478165,"PrePTME",20.4083156585693,-3560
"823","12_46708",12,46708,0,13,-3993959.06221695,-5110560.22478165,5110560.22478165,"PrePTME",19.2381954193115,-3520
"824","13_45673",13,45673,0,15,-3993959.06221695,-4810560.22478165,4810560.22478165,"PrePTME",20.3770370483398,-3600
"825","33_39447",33,39447,3,10,-5593959.06221695,-3010560.22478165,3010560.22478165,"PrePTME",25.8057308197021,-160
"826","33_40816",33,40816,0,17,-6693959.06221695,-3410560.22478165,3410560.22478165,"PrePTME",25.6499404907227,-3320
"828","43_15418",43,15418,0,14,6506040.93778305,3989439.77521835,3989439.77521835,"PrePTME",23.5873527526855,0
"829","43_16110",43,16110,0,15,6706040.93778305,3789439.77521835,3789439.77521835,"PrePTME",24.7963829040527,-120
"830","14_31651",14,31651,0,6,8306040.93778305,-710560.224781653,710560.224781653,"PrePTME",28.1700687408447,-3480
"831","31_42259",31,42259,0,6,-393959.062216949,-3810560.22478165,3810560.22478165,"PrePTME",27.3392448425293,-2400
"832","60_17105",60,17105,0,9,2706040.93778305,3489439.77521835,3489439.77521835,"PostPTME",26.9777984619141,-3560
"833","33_31163",33,31163,0,8,-5993959.06221695,-610560.224781653,610560.224781653,"PrePTME",28.8093757629395,-3480
"834","14_49443",14,49443,0,5,-6493959.06221695,-5910560.22478165,5910560.22478165,"PrePTME",16.2334403991699,-3520
"835","20_40133",20,40133,0,8,-5993959.06221695,-3210560.22478165,3210560.22478165,"PrePTME",25.103479385376,-560
"836","19_41512",19,41512,0,4,-6093959.06221695,-3610560.22478165,3610560.22478165,"PrePTME",22.3720550537109,-3360
"837","16_35257",16,35257,3,10,-10593959.0622169,-1810560.22478165,1810560.22478165,"PrePTME",27.3054485321045,-3480
"838","15_36664",15,36664,0,17,-7893959.06221695,-2210560.22478165,2210560.22478165,"PrePTME",25.8490886688232,-160
"839","20_39068",20,39068,0,11,-8993959.06221695,-2910560.22478165,2910560.22478165,"PrePTME",26.5582828521729,-3480
"840","20_34582",20,34582,0,11,-9093959.06221695,-1610560.22478165,1610560.22478165,"PrePTME",28.7136173248291,-3480
"841","20_34928",20,34928,0,9,-8993959.06221695,-1710560.22478165,1710560.22478165,"PrePTME",28.5430545806885,-3480
"842","21_34587",21,34587,0,11,-8593959.06221695,-1610560.22478165,1610560.22478165,"PrePTME",28.1244869232178,-3480
"843","18_38418",18,38418,0,12,-4993959.06221695,-2710560.22478165,2710560.22478165,"PrePTME",24.9963245391846,-200
"844","18_38417",18,38417,0,10,-5093959.06221695,-2710560.22478165,2710560.22478165,"PrePTME",24.7775039672852,-160
"845","16_40488",16,40488,0,16,-4993959.06221695,-3310560.22478165,3310560.22478165,"PrePTME",24.1963596343994,-280
"846","16_40144",16,40144,0,14,-4893959.06221695,-3210560.22478165,3210560.22478165,"PrePTME",24.3140296936035,-320
"847","15_35392",15,35392,0,15,2906040.93778305,-1810560.22478165,1810560.22478165,"PrePTME",28.1298046112061,-3520
"848","16_35599",16,35599,0,13,-10893959.0622169,-1910560.22478165,1910560.22478165,"PrePTME",27.3634853363037,-3480
"849","48_21633",48,21633,0,15,7006040.93778305,2189439.77521835,2189439.77521835,"PrePTME",28.0706233978271,-3480
"850","19_38720",19,38720,0,8,-9293959.06221695,-2810560.22478165,2810560.22478165,"PrePTME",25.2493953704834,-3480
"851","44_15390",44,15390,0,7,3706040.93778305,3989439.77521835,3989439.77521835,"PrePTME",20.5012321472168,-160
"852","45_30579",45,30579,0,14,4606040.93778305,-410560.224781653,410560.224781653,"PrePTME",29.5055770874023,-1520
"853","46_29200",46,29200,0,15,4706040.93778305,-10560.2247816529,10560.2247816529,"PrePTME",29.2499732971191,-160
"854","45_30578",45,30578,0,15,4506040.93778305,-410560.224781653,410560.224781653,"PrePTME",29.4959583282471,-1080
"856","41_45808",41,45808,0,10,9506040.93778305,-4810560.22478165,4810560.22478165,"PrePTME",12.9086055755615,-160
"861","16_39398",16,39398,1,6,-10493959.0622169,-3010560.22478165,3010560.22478165,"PrePTME",25.8677864074707,-3480
"863","47_27476",47,27476,0,15,4806040.93778305,489439.775218347,489439.775218347,"PrePTME",28.9320774078369,-80
"866","47_6741",47,6741,0,10,1306040.93778305,6489439.77521835,6489439.77521835,"PrePTME",12.8767833709717,0
"867","14_24215",14,24215,0,3,-10793959.0622169,1389439.77521835,1389439.77521835,"PrePTME",28.9535331726074,-3480
"869","45_9465",45,9465,0,12,-2293959.06221695,5689439.77521835,5689439.77521835,"PrePTME",14.4088706970215,-160
"872","15_37677",15,37677,0,5,-10093959.0622169,-2510560.22478165,2510560.22478165,"PrePTME",26.4309902191162,-3480
"874","45_34015",45,34015,0,13,3206040.93778305,-1410560.22478165,1410560.22478165,"PrePTME",28.6531543731689,-160
"875","46_32980",46,32980,0,10,3206040.93778305,-1110560.22478165,1110560.22478165,"PrePTME",28.7665634155273,-160
"877","58_14342",58,14342,0,12,2406040.93778305,4289439.77521835,4289439.77521835,"PostPTME",24.4705581665039,-3480
"878","58_14343",58,14343,0,15,2506040.93778305,4289439.77521835,4289439.77521835,"PostPTME",24.4679374694824,-3480
"880","45_30924",45,30924,0,13,4606040.93778305,-510560.224781653,510560.224781653,"PrePTME",29.3750228881836,-160
"881","16_29571",16,29571,0,12,7306040.93778305,-110560.224781653,110560.224781653,"PrePTME",25.1684436798096,-3480
"882","43_42013",43,42013,0,14,9506040.93778305,-3710560.22478165,3710560.22478165,"PrePTME",26.1862964630127,-160
"883","41_12570",41,12570,0,14,-2293959.06221695,4789439.77521835,4789439.77521835,"PrePTME",11.7328119277954,-160
"884","48_28860",48,28860,0,11,5206040.93778305,89439.7752183471,89439.7752183471,"PrePTME",30.3155784606934,-80
"885","47_30240",47,30240,0,8,5206040.93778305,-310560.224781653,310560.224781653,"PrePTME",28.9232959747314,-80
"886","58_16401",58,16401,0,11,1306040.93778305,3689439.77521835,3689439.77521835,"PostPTME",26.643762588501,-1600
"888","58_14331",58,14331,0,8,1306040.93778305,4289439.77521835,4289439.77521835,"PostPTME",23.8827037811279,-40
"889","59_14332",59,14332,0,7,1406040.93778305,4289439.77521835,4289439.77521835,"PostPTME",26.2250709533691,-120
"890","59_13636",59,13636,0,7,806040.937783051,4489439.77521835,4489439.77521835,"PostPTME",24.7448692321777,0
"891","59_14678",59,14678,6,5,1506040.93778305,4189439.77521835,4189439.77521835,"PostPTME",26.9649047851562,-200
"892","46_37144",46,37144,0,10,5606040.93778305,-2310560.22478165,2310560.22478165,"PrePTME",27.7835845947266,-160
"893","48_29205",48,29205,0,12,5206040.93778305,-10560.2247816529,10560.2247816529,"PrePTME",30.3118286132812,-80
"894","47_30239",47,30239,0,11,5106040.93778305,-310560.224781653,310560.224781653,"PrePTME",28.9043045043945,-80
"897","57_14684",57,14684,0,16,2106040.93778305,4189439.77521835,4189439.77521835,"PostPTME",25.3758392333984,-3440
"899","37_31875",37,31875,2,5,-3793959.06221695,-810560.224781653,810560.224781653,"PrePTME",25.3560886383057,0
"900","22_37375",22,37375,0,7,-5793959.06221695,-2410560.22478165,2410560.22478165,"PrePTME",25.8555183410645,-160
"902","59_54402",59,54402,0,5,6406040.93778305,-7310560.22478165,7310560.22478165,"PostPTME",12.041919708252,0
"903","64_57800",64,57800,0,8,1206040.93778305,-8310560.22478165,8310560.22478165,"PostPTME",7.52863788604736,-560
"906","61_57483",61,57483,1,6,4006040.93778305,-8210560.22478165,8210560.22478165,"PostPTME",10.8524465560913,-280
"907","53_57861",53,57861,0,6,7306040.93778305,-8310560.22478165,8310560.22478165,"PostPTME",9.49510097503662,-3440
"908","53_57507",53,57507,0,4,6406040.93778305,-8210560.22478165,8210560.22478165,"PostPTME",9.97696399688721,-3440
"909","64_15025",64,15025,6,6,1706040.93778305,4089439.77521835,4089439.77521835,"PostPTME",25.3603858947754,-160
"911","65_12959",65,12959,1,1,2106040.93778305,4689439.77521835,4689439.77521835,"PostPTME",22.8053188323975,0
"912","63_15373",63,15373,0,13,2006040.93778305,3989439.77521835,3989439.77521835,"PostPTME",25.6720867156982,-1120
"913","63_14679",63,14679,9,6,1606040.93778305,4189439.77521835,4189439.77521835,"PostPTME",25.1513977050781,-280
"915","60_16408",60,16408,0,9,2006040.93778305,3689439.77521835,3689439.77521835,"PostPTME",27.664909362793,-40
"916","59_14333",59,14333,2,7,1506040.93778305,4289439.77521835,4289439.77521835,"PostPTME",26.4521446228027,-1680
"917","36_34290",36,34290,0,3,-3793959.06221695,-1510560.22478165,1510560.22478165,"PrePTME",24.8806018829346,-120
"918","33_38413",33,38413,0,7,-5493959.06221695,-2710560.22478165,2710560.22478165,"PrePTME",26.5638408660889,-160
"919","82_14954",82,14954,6,4,-5393959.06221695,4089439.77521835,4089439.77521835,"PostPTME",27.8589382171631,-5080
"920","60_15702",60,15702,0,6,406040.937783051,3889439.77521835,3889439.77521835,"PostPTME",27.1872520446777,-40
"921","61_15702",61,15702,0,5,406040.937783051,3889439.77521835,3889439.77521835,"PostPTME",26.5285129547119,0
"922","59_16396",59,16396,0,9,806040.937783051,3689439.77521835,3689439.77521835,"PostPTME",28.4231910705566,-360
"923","18_29867",18,29867,0,8,2406040.93778305,-210560.224781653,210560.224781653,"PrePTME",24.6081352233887,-3480
"924","18_28190",18,28190,0,9,7206040.93778305,289439.775218347,289439.775218347,"PrePTME",22.4115924835205,-3480
"925","17_40488",17,40488,0,10,-4993959.06221695,-3310560.22478165,3310560.22478165,"PrePTME",22.3822612762451,-200
"928","64_15026",64,15026,10,7,1806040.93778305,4089439.77521835,4089439.77521835,"PostPTME",25.2716674804688,-160
"929","17_40138",17,40138,0,11,-5493959.06221695,-3210560.22478165,3210560.22478165,"PrePTME",22.0717029571533,-280
"931","76_52688",76,52688,0,10,7506040.93778305,-6810560.22478165,6810560.22478165,"PostPTME",14.9204988479614,0
"932","44_29258",44,29258,0,10,10506040.9377831,-10560.2247816529,10560.2247816529,"PrePTME",29.0491123199463,-160
"933","73_10876",73,10876,4,5,806040.937783051,5289439.77521835,5289439.77521835,"PostPTME",24.0003089904785,-200
"934","73_10531",73,10531,2,6,806040.937783051,5389439.77521835,5389439.77521835,"PostPTME",23.40207862854,-160
"935","16_31933",16,31933,0,8,2006040.93778305,-810560.224781653,810560.224781653,"PrePTME",29.0034694671631,-3480
"937","74_10874",74,10874,0,8,606040.937783051,5289439.77521835,5289439.77521835,"PostPTME",25.3012046813965,-160
"940","57_15720",57,15720,0,17,2206040.93778305,3889439.77521835,3889439.77521835,"PostPTME",26.3225173950195,-3480
"942","17_33596",17,33596,0,9,-4193959.06221695,-1310560.22478165,1310560.22478165,"PrePTME",26.2683792114258,-80
"943","58_15023",58,15023,0,8,1506040.93778305,4089439.77521835,4089439.77521835,"PostPTME",25.1733818054199,-1280
"944","19_38386",19,38386,0,8,-8193959.06221695,-2710560.22478165,2710560.22478165,"PrePTME",25.6672172546387,-160
"945","17_37692",17,37692,0,11,-8593959.06221695,-2510560.22478165,2510560.22478165,"PrePTME",23.7673473358154,-680
"946","16_35636",16,35636,0,9,-7193959.06221695,-1910560.22478165,1910560.22478165,"PrePTME",25.8991317749023,-320
"947","58_11566",58,11566,1,3,806040.937783051,5089439.77521835,5089439.77521835,"PostPTME",19.3555469512939,0
"948","16_40833",16,40833,0,15,-4993959.06221695,-3410560.22478165,3410560.22478165,"PrePTME",23.7782783508301,-320
"951","61_17106",61,17106,0,10,2806040.93778305,3489439.77521835,3489439.77521835,"PostPTME",27.1374034881592,-3560
"952","58_16402",58,16402,0,9,1406040.93778305,3689439.77521835,3689439.77521835,"PostPTME",26.6904392242432,-320
"953","58_15368",58,15368,0,8,1506040.93778305,3989439.77521835,3989439.77521835,"PostPTME",25.6684112548828,-360
"954","58_15367",58,15367,0,8,1406040.93778305,3989439.77521835,3989439.77521835,"PostPTME",25.6096935272217,-320
"955","63_14333",63,14333,11,2,1506040.93778305,4289439.77521835,4289439.77521835,"PostPTME",24.7398738861084,-200
"956","18_32907",18,32907,0,8,-4093959.06221695,-1110560.22478165,1110560.22478165,"PrePTME",27.6718311309814,-280
"957","58_16056",58,16056,0,7,1306040.93778305,3789439.77521835,3789439.77521835,"PostPTME",26.357738494873,-880
"958","58_15025",58,15025,0,9,1706040.93778305,4089439.77521835,4089439.77521835,"PostPTME",25.3389167785645,-3200
"959","59_16058",59,16058,0,10,1506040.93778305,3789439.77521835,3789439.77521835,"PostPTME",27.9985218048096,-80
"960","59_16057",59,16057,0,9,1406040.93778305,3789439.77521835,3789439.77521835,"PostPTME",28.1146945953369,-40
"961","59_16403",59,16403,0,12,1506040.93778305,3689439.77521835,3689439.77521835,"PostPTME",28.3493957519531,0
"963","59_15714",59,15714,0,9,1606040.93778305,3889439.77521835,3889439.77521835,"PostPTME",27.7360744476318,-160
"964","59_15372",59,15372,3,2,1906040.93778305,3989439.77521835,3989439.77521835,"PostPTME",27.1927585601807,-120
"965","17_40143",17,40143,0,9,-4993959.06221695,-3210560.22478165,3210560.22478165,"PrePTME",22.5629901885986,-240
"966","16_41523",16,41523,0,10,-4993959.06221695,-3610560.22478165,3610560.22478165,"PrePTME",22.5546112060547,-160
"967","16_40834",16,40834,0,15,-4893959.06221695,-3410560.22478165,3410560.22478165,"PrePTME",23.8154048919678,-360
"968","60_16760",60,16760,0,12,2706040.93778305,3589439.77521835,3589439.77521835,"PostPTME",26.7280368804932,-3560
"969","16_40487",16,40487,0,14,-5093959.06221695,-3310560.22478165,3310560.22478165,"PrePTME",24.1264209747314,-280
"970","17_39798",17,39798,0,9,-4993959.06221695,-3110560.22478165,3110560.22478165,"PrePTME",22.5629901885986,-240
"972","16_32628",16,32628,0,10,2506040.93778305,-1010560.22478165,1010560.22478165,"PrePTME",29.1931457519531,-3520
"973","61_12639",61,12639,0,13,4606040.93778305,4789439.77521835,4789439.77521835,"PostPTME",20.6750335693359,0
"975","61_12640",61,12640,0,15,4706040.93778305,4789439.77521835,4789439.77521835,"PostPTME",20.7080268859863,0
"976","26_42868",26,42868,0,12,-8493959.06221695,-4010560.22478165,4010560.22478165,"PrePTME",23.6020660400391,-3480
"977","15_38356",15,38356,0,14,-11193959.0622169,-2710560.22478165,2710560.22478165,"PrePTME",26.3077430725098,-3480
"978","28_39431",28,39431,0,16,-7193959.06221695,-3010560.22478165,3010560.22478165,"PrePTME",26.3941135406494,-3480
"979","28_39084",28,39084,0,16,-7393959.06221695,-2910560.22478165,2910560.22478165,"PrePTME",26.7828826904297,-3480
"980","28_39776",28,39776,0,12,-7193959.06221695,-3110560.22478165,3110560.22478165,"PrePTME",26.0412788391113,-3480
"981","28_39428",28,39428,0,14,-7493959.06221695,-3010560.22478165,3010560.22478165,"PrePTME",26.4518890380859,-3480
"982","14_36663",14,36663,0,16,-7993959.06221695,-2210560.22478165,2210560.22478165,"PrePTME",26.8089618682861,-160
"983","12_46014",12,46014,0,9,-4393959.06221695,-4910560.22478165,4910560.22478165,"PrePTME",20.2450942993164,-2320
"984","13_45670",13,45670,0,14,-4293959.06221695,-4810560.22478165,4810560.22478165,"PrePTME",20.4669704437256,-3560
"985","14_38158",14,38158,0,14,3506040.93778305,-2610560.22478165,2610560.22478165,"PrePTME",27.9543571472168,-3480
"986","13_46018",13,46018,0,11,-3993959.06221695,-4910560.22478165,4910560.22478165,"PrePTME",19.9292335510254,-3600
"987","62_15373",62,15373,0,13,2006040.93778305,3989439.77521835,3989439.77521835,"PostPTME",26.1665229797363,-1120
"988","59_19508",59,19508,0,7,1506040.93778305,2789439.77521835,2789439.77521835,"PostPTME",29.0797080993652,-80
"989","62_15374",62,15374,0,13,2106040.93778305,3989439.77521835,3989439.77521835,"PostPTME",26.0514812469482,-3520
"992","25_40792",25,40792,0,10,-9093959.06221695,-3410560.22478165,3410560.22478165,"PrePTME",25.0295276641846,-3480
"993","16_47031",16,47031,0,10,-6193959.06221695,-5210560.22478165,5210560.22478165,"PrePTME",15.5368480682373,-3560
"995","16_40145",16,40145,0,5,-4793959.06221695,-3210560.22478165,3210560.22478165,"PrePTME",24.2966117858887,-320
"996","63_14337",63,14337,9,4,1906040.93778305,4289439.77521835,4289439.77521835,"PostPTME",24.3154106140137,-3520
"997","51_22636",51,22636,0,3,3806040.93778305,1889439.77521835,1889439.77521835,"PostPTME",29.530590057373,-3440
"998","20_35313",20,35313,0,11,-4993959.06221695,-1810560.22478165,1810560.22478165,"PrePTME",27.5312728881836,-200
"999","25_34931",25,34931,0,12,-8693959.06221695,-1710560.22478165,1710560.22478165,"PrePTME",28.2703876495361,-3480
"1000","20_35984",20,35984,0,3,-6893959.06221695,-2010560.22478165,2010560.22478165,"PrePTME",27.4587688446045,-320
"1001","16_39051",16,39051,2,6,-10693959.0622169,-2910560.22478165,2910560.22478165,"PrePTME",26.1618747711182,-3480
"1002","16_45995",16,45995,0,12,-6293959.06221695,-4910560.22478165,4910560.22478165,"PrePTME",17.290979385376,-3640
"1003","16_47037",16,47037,0,11,-5593959.06221695,-5210560.22478165,5210560.22478165,"PrePTME",14.8343286514282,-3560
"1004","16_47382",16,47382,0,12,-5593959.06221695,-5310560.22478165,5310560.22478165,"PrePTME",14.2321071624756,-3520
"1005","19_41857",19,41857,0,6,-6093959.06221695,-3710560.22478165,3710560.22478165,"PrePTME",22.3720550537109,-3360
"1006","12_27183",12,27183,0,4,10006040.9377831,589439.775218347,589439.775218347,"PrePTME",28.2762565612793,-3480
"1007","12_33375",12,33375,0,5,8206040.93778305,-1210560.22478165,1210560.22478165,"PrePTME",28.7621421813965,-3480
"1008","15_38359",15,38359,0,7,-10893959.0622169,-2710560.22478165,2710560.22478165,"PrePTME",26.3420658111572,-3480
"1009","14_37190",14,37190,0,5,10206040.9377831,-2310560.22478165,2310560.22478165,"PrePTME",27.7399749755859,-3480
"1010","16_29572",16,29572,0,9,7406040.93778305,-110560.224781653,110560.224781653,"PrePTME",25.1572647094727,-3480
"1011","89_11220",89,11220,0,9,706040.937783051,5189439.77521835,5189439.77521835,"PostPTME",19.8493328094482,-1400
"1012","91_12951",91,12951,0,10,1306040.93778305,4689439.77521835,4689439.77521835,"PostPTME",19.6039066314697,-2800
"1013","13_26306",13,26306,0,12,-8693959.06221695,789439.775218347,789439.775218347,"PrePTME",29.6072769165039,-3480
"1014","14_26648",14,26648,0,10,-8993959.06221695,689439.775218347,689439.775218347,"PrePTME",29.1908531188965,-3480
"1015","12_26306",12,26306,0,13,-8693959.06221695,789439.775218347,789439.775218347,"PrePTME",30.0733375549316,-3480
"1016","91_17884",91,17884,0,11,11606040.9377831,3289439.77521835,3289439.77521835,"PostPTME",24.855131149292,-1080
"1017","91_14095",91,14095,15,0,12206040.9377831,4389439.77521835,4389439.77521835,"PostPTME",18.5527458190918,0
"1019","14_44979",14,44979,0,8,-4393959.06221695,-4610560.22478165,4610560.22478165,"PrePTME",21.1148986816406,-3600
"1020","14_41519",14,41519,0,10,-5393959.06221695,-3610560.22478165,3610560.22478165,"PrePTME",25.0614414215088,-320
"1021","16_36635",16,36635,0,10,-10793959.0622169,-2210560.22478165,2210560.22478165,"PrePTME",27.1724338531494,-3480
"1022","17_20611",17,20611,0,4,8306040.93778305,2489439.77521835,2489439.77521835,"PrePTME",22.4622344970703,-3480
"1023","17_27860",17,27860,0,11,8706040.93778305,389439.775218347,389439.775218347,"PrePTME",21.556188583374,-3440
"1024","21_34279",21,34279,0,8,-4893959.06221695,-1510560.22478165,1510560.22478165,"PrePTME",27.1143188476562,-160
"1025","16_42906",16,42906,0,12,-4693959.06221695,-4010560.22478165,4010560.22478165,"PrePTME",21.0274963378906,-720
"1026","25_32217",25,32217,0,11,-4093959.06221695,-910560.224781653,910560.224781653,"PrePTME",27.2197093963623,-160
"1027","18_31877",18,31877,0,12,-3593959.06221695,-810560.224781653,810560.224781653,"PrePTME",27.2856311798096,-160
"1028","25_31867",25,31867,0,12,-4593959.06221695,-810560.224781653,810560.224781653,"PrePTME",27.0242481231689,-160
"1029","20_35658",20,35658,0,13,-4993959.06221695,-1910560.22478165,1910560.22478165,"PrePTME",27.3498268127441,-200
"1030","18_38074",18,38074,0,12,-4893959.06221695,-2610560.22478165,2610560.22478165,"PrePTME",25.5238723754883,-480
"1031","18_38419",18,38419,0,12,-4893959.06221695,-2710560.22478165,2710560.22478165,"PrePTME",25.2015800476074,-400
"1032","18_38073",18,38073,0,9,-4993959.06221695,-2610560.22478165,2610560.22478165,"PrePTME",25.3208351135254,-320
"1034","16_36321",16,36321,0,12,-7693959.06221695,-2110560.22478165,2110560.22478165,"PrePTME",25.8465919494629,-160
"1035","15_27413",15,27413,0,8,-1493959.06221695,489439.775218347,489439.775218347,"PrePTME",28.842306137085,-3480
"1036","16_25344",16,25344,0,7,-1393959.06221695,1089439.77521835,1089439.77521835,"PrePTME",29.0300254821777,-240
"1037","36_34291",36,34291,1,6,-3693959.06221695,-1510560.22478165,1510560.22478165,"PrePTME",25.0782413482666,-120
"1038","77_9847",77,9847,2,3,1406040.93778305,5589439.77521835,5589439.77521835,"PostPTME",19.2932300567627,-120
"1039","43_47176",43,47176,0,11,8306040.93778305,-5210560.22478165,5210560.22478165,"PrePTME",19.6145362854004,-160
"1040","50_48869",50,48869,0,3,5106040.93778305,-5710560.22478165,5710560.22478165,"PostPTME",18.633430480957,-40
"1041","59_18461",59,18461,0,11,306040.937783051,3089439.77521835,3089439.77521835,"PostPTME",28.36741065979,-80
"1042","73_16396",73,16396,0,4,806040.937783051,3689439.77521835,3689439.77521835,"PostPTME",30.0967350006104,-680
"1045","28_45313",28,45313,0,11,-5493959.06221695,-4710560.22478165,4710560.22478165,"PrePTME",19.8260154724121,-680
"1048","81_14320",81,14320,1,4,206040.937783051,4289439.77521835,4289439.77521835,"PostPTME",27.0620155334473,-2120
"1049","29_39133",29,39133,0,3,-2493959.06221695,-2910560.22478165,2910560.22478165,"PrePTME",22.7484855651855,-160
"1051","78_27822",78,27822,5,0,4906040.93778305,389439.775218347,389439.775218347,"PostPTME",31.4444370269775,-4920
"1053","77_15356",77,15356,9,0,306040.937783051,3989439.77521835,3989439.77521835,"PostPTME",26.0941619873047,-280
"1056","90_10530",90,10530,18,0,706040.937783051,5389439.77521835,5389439.77521835,"PostPTME",17.4662265777588,-360
"1057","91_13750",91,13750,14,0,12206040.9377831,4489439.77521835,4489439.77521835,"PostPTME",17.5342884063721,0
"1058","91_15939",91,15939,17,0,-10393959.0622169,3789439.77521835,3789439.77521835,"PostPTME",20.5602035522461,-640
"1059","91_45863",91,45863,7,2,15006040.937783,-4810560.22478165,4810560.22478165,"PostPTME",15.2470417022705,0
"1060","91_46208",91,46208,5,0,15006040.937783,-4910560.22478165,4910560.22478165,"PostPTME",14.9503507614136,-120
"1061","78_28167",78,28167,6,0,4906040.93778305,289439.775218347,289439.775218347,"PostPTME",31.4159545898438,-4920
"1062","91_11454",91,11454,14,0,-10393959.0622169,5089439.77521835,5089439.77521835,"PostPTME",14.7079267501831,0
"1064","83_14909",83,14909,14,0,-9893959.06221695,4089439.77521835,4089439.77521835,"PostPTME",22.8100280761719,-4880
"1065","91_2142",91,2142,10,0,-10093959.0622169,7789439.77521835,7789439.77521835,"PostPTME",0.701948821544647,-40
"1066","91_13868",91,13868,16,0,-10493959.0622169,4389439.77521835,4389439.77521835,"PostPTME",17.6178970336914,-400
"1073","91_12487",91,12487,10,1,-10593959.0622169,4789439.77521835,4789439.77521835,"PostPTME",15.6385898590088,-520
"1074","90_11799",90,11799,7,0,-10393959.0622169,4989439.77521835,4989439.77521835,"PostPTME",15.3214769363403,-560
"1075","91_11799",91,11799,14,0,-10393959.0622169,4989439.77521835,4989439.77521835,"PostPTME",15.0699872970581,0
"1079","87_15972",87,15972,15,0,-7093959.06221695,3789439.77521835,3789439.77521835,"PostPTME",24.8828792572021,0
"1081","73_14956",73,14956,10,0,-5193959.06221695,4089439.77521835,4089439.77521835,"PostPTME",26.3672142028809,-40
"1082","91_17004",91,17004,11,0,-7393959.06221695,3489439.77521835,3489439.77521835,"PostPTME",24.5838527679443,0
"1085","91_13524",91,13524,5,0,-10393959.0622169,4489439.77521835,4489439.77521835,"PostPTME",17.1642761230469,0
"1088","72_14271",72,14271,7,0,-4693959.06221695,4289439.77521835,4289439.77521835,"PostPTME",24.1384220123291,0
"1092","38_31186",38,31186,2,8,-3693959.06221695,-610560.224781653,610560.224781653,"PrePTME",24.3918533325195,-40
"1096","16_35944",16,35944,3,4,-10893959.0622169,-2010560.22478165,2010560.22478165,"PrePTME",27.2872695922852,-3480
"1109","88_16319",88,16319,5,0,-6893959.06221695,3689439.77521835,3689439.77521835,"PostPTME",25.5553283691406,-160
"1114","73_11509",73,11509,5,0,-4893959.06221695,5089439.77521835,5089439.77521835,"PostPTME",23.0547218322754,0
"1116","72_14959",72,14959,10,1,-4893959.06221695,4089439.77521835,4089439.77521835,"PostPTME",25.0491142272949,0
"1122","16_38363",16,38363,0,4,-10493959.0622169,-2710560.22478165,2710560.22478165,"PrePTME",26.5979347229004,-3480
"1123","90_24605",90,24605,8,0,-6293959.06221695,1289439.77521835,1289439.77521835,"PostPTME",26.6606025695801,-800
"1127","15_34911",15,34911,0,11,-10693959.0622169,-1710560.22478165,1710560.22478165,"PrePTME",27.39768409729,-3480
"1128","19_37674",19,37674,0,3,-10393959.0622169,-2510560.22478165,2510560.22478165,"PrePTME",26.0680866241455,-3480
"1129","16_39050",16,39050,1,11,-10793959.0622169,-2910560.22478165,2910560.22478165,"PrePTME",26.168830871582,-3480
"1133","38_30841",38,30841,0,5,-3693959.06221695,-510560.224781653,510560.224781653,"PrePTME",24.3697338104248,0
"1134","38_29472",38,29472,0,4,-2593959.06221695,-110560.224781653,110560.224781653,"PrePTME",26.8173503875732,-120
"1136","91_11904",91,11904,12,0,106040.937783051,4989439.77521835,4989439.77521835,"PostPTME",18.5431423187256,-80
"1137","91_12938",91,12938,10,0,6040.93778305128,4689439.77521835,4689439.77521835,"PostPTME",19.3495693206787,-960
"1139","57_13636",57,13636,6,1,806040.937783051,4489439.77521835,4489439.77521835,"PostPTME",22.6860256195068,0
"1141","72_11574",72,11574,16,0,1606040.93778305,5089439.77521835,5089439.77521835,"PostPTME",21.7123737335205,-40
"1142","61_14679",61,14679,8,4,1606040.93778305,4189439.77521835,4189439.77521835,"PostPTME",25.7658443450928,-600
"1143","72_11919",72,11919,11,0,1606040.93778305,4989439.77521835,4989439.77521835,"PostPTME",22.4390296936035,-80
"1144","88_9831",88,9831,6,1,-193959.062216949,5589439.77521835,5589439.77521835,"PostPTME",16.6439781188965,-40
"1145","74_13289",74,13289,10,1,606040.937783051,4589439.77521835,4589439.77521835,"PostPTME",27.9648666381836,-200
"1146","59_13988",59,13988,4,3,1506040.93778305,4389439.77521835,4389439.77521835,"PostPTME",26.4521446228027,-1680
"1148","64_13983",64,13983,13,2,1006040.93778305,4389439.77521835,4389439.77521835,"PostPTME",24.502721786499,-40
"1150","64_15714",64,15714,3,6,1606040.93778305,3889439.77521835,3889439.77521835,"PostPTME",26.4118919372559,-160
"1151","88_10176",88,10176,8,0,-193959.062216949,5489439.77521835,5489439.77521835,"PostPTME",17.1604270935059,-2360
"1152","65_15370",65,15370,9,3,1706040.93778305,3989439.77521835,3989439.77521835,"PostPTME",25.7484264373779,-4920
"1153","74_14327",74,14327,6,0,906040.937783051,4289439.77521835,4289439.77521835,"PostPTME",28.7614269256592,-2400
"1154","57_12254",57,12254,1,0,606040.937783051,4889439.77521835,4889439.77521835,"PostPTME",20.1792736053467,-40
"1156","74_7875",74,7875,5,0,11206040.9377831,6189439.77521835,6189439.77521835,"PostPTME",16.8354053497314,-5040
"1157","77_7865",77,7865,3,0,10206040.9377831,6189439.77521835,6189439.77521835,"PostPTME",14.8684930801392,-2400
"1158","91_12489",91,12489,17,0,-10393959.0622169,4789439.77521835,4789439.77521835,"PostPTME",15.7242383956909,0
"1160","34_36346",34,36346,0,6,-5193959.06221695,-2110560.22478165,2110560.22478165,"PrePTME",27.9908199310303,-160
"1162","36_33946",36,33946,0,7,-3693959.06221695,-1410560.22478165,1410560.22478165,"PrePTME",25.0782413482666,-120
"1164","36_33254",36,33254,0,7,-3893959.06221695,-1210560.22478165,1210560.22478165,"PrePTME",24.7172813415527,-160
"1166","15_35736",15,35736,0,4,2806040.93778305,-1910560.22478165,1910560.22478165,"PrePTME",27.8491153717041,-3600
"1167","28_45292",28,45292,0,3,-7593959.06221695,-4710560.22478165,4710560.22478165,"PrePTME",20.0134830474854,-3480
"1168","28_44949",28,44949,0,4,-7393959.06221695,-4610560.22478165,4610560.22478165,"PrePTME",20.5172386169434,-3480
"1169","16_35245",16,35245,0,6,-11793959.0622169,-1810560.22478165,1810560.22478165,"PrePTME",27.6648941040039,-3480
"1170","16_37667",16,37667,0,9,-11093959.0622169,-2510560.22478165,2510560.22478165,"PrePTME",26.8678073883057,-3480
"1172","16_36279",16,36279,0,5,-11893959.0622169,-2110560.22478165,2110560.22478165,"PrePTME",27.460111618042,-3480
"1173","34_36008",34,36008,0,6,-4493959.06221695,-2010560.22478165,2010560.22478165,"PrePTME",28.0805835723877,-160
"1174","43_30846",43,30846,0,12,-3193959.06221695,-510560.224781653,510560.224781653,"PrePTME",31.5670585632324,0
"1175","73_11508",73,11508,6,0,-4993959.06221695,5089439.77521835,5089439.77521835,"PostPTME",23.0547218322754,0
"1181","82_13630",82,13630,3,1,206040.937783051,4489439.77521835,4489439.77521835,"PostPTME",25.7743873596191,-1760
"1182","20_39098",20,39098,2,11,-5993959.06221695,-2910560.22478165,2910560.22478165,"PrePTME",25.68922996521,-280
"1183","25_41165",25,41165,3,9,-6293959.06221695,-3510560.22478165,3510560.22478165,"PrePTME",24.4713363647461,-160
"1184","52_23316",52,23316,3,1,2806040.93778305,1689439.77521835,1689439.77521835,"PostPTME",30.1648826599121,-3440
"1185","16_38711",16,38711,5,4,-10193959.0622169,-2810560.22478165,2810560.22478165,"PrePTME",26.3326988220215,-3480
"1186","14_35979",14,35979,1,12,-7393959.06221695,-2010560.22478165,2010560.22478165,"PrePTME",27.0869770050049,-160
"1188","36_34288",36,34288,0,8,-3993959.06221695,-1510560.22478165,1510560.22478165,"PrePTME",24.5988616943359,-120
"1192","28_46337",28,46337,0,5,-6593959.06221695,-5010560.22478165,5010560.22478165,"PrePTME",18.4244747161865,-3480
"1194","62_13641",62,13641,0,4,1306040.93778305,4489439.77521835,4489439.77521835,"PostPTME",24.8368129730225,-120
"1196","16_37669",16,37669,1,8,-10893959.0622169,-2510560.22478165,2510560.22478165,"PrePTME",26.8466453552246,-3480
"1197","28_45987",28,45987,0,7,-7093959.06221695,-4910560.22478165,4910560.22478165,"PrePTME",18.9886856079102,-3480
"1199","36_31524",36,31524,0,3,-4393959.06221695,-710560.224781653,710560.224781653,"PrePTME",24.3046836853027,-160
"1203","22_39754",22,39754,0,11,-9393959.06221695,-3110560.22478165,3110560.22478165,"PrePTME",25.0522117614746,-3480
"1204","15_38701",15,38701,0,14,-11193959.0622169,-2810560.22478165,2810560.22478165,"PrePTME",26.0129566192627,-3480
"1205","87_4897",87,4897,4,0,-10593959.0622169,6989439.77521835,6989439.77521835,"PostPTME",9.5662145614624,-80
"1206","89_14215",89,14215,10,0,-10293959.0622169,4289439.77521835,4289439.77521835,"PostPTME",19.0324440002441,-320
"1207","39_26008",39,26008,2,10,-3993959.06221695,889439.775218347,889439.775218347,"PrePTME",21.1631526947021,-160
"1208","82_14953",82,14953,2,1,-5493959.06221695,4089439.77521835,4089439.77521835,"PostPTME",27.8844013214111,-4840
"1210","54_57158",54,57158,1,7,6006040.93778305,-8110560.22478165,8110560.22478165,"PostPTME",10.3027286529541,-3480
"1211","48_45420",48,45420,5,5,5206040.93778305,-4710560.22478165,4710560.22478165,"PrePTME",24.1493949890137,-3480
"1213","30_44626",30,44626,3,12,-5193959.06221695,-4510560.22478165,4510560.22478165,"PrePTME",22.0967082977295,-200
"1214","30_44625",30,44625,0,11,-5293959.06221695,-4510560.22478165,4510560.22478165,"PrePTME",22.1217346191406,-240
"1215","37_31891",37,31891,3,12,-2193959.06221695,-810560.224781653,810560.224781653,"PrePTME",25.6157264709473,-40
"1216","86_48678",86,48678,2,10,-13993959.0622169,-5710560.22478165,5710560.22478165,"PostPTME",14.550612449646,-4880
"1217","90_26505",90,26505,15,0,11206040.9377831,789439.775218347,789439.775218347,"PostPTME",28.5550117492676,0
"1218","81_54291",81,54291,11,0,-4693959.06221695,-7310560.22478165,7310560.22478165,"PostPTME",14.9344720840454,0
"1221","81_15637",81,15637,7,0,-6093959.06221695,3889439.77521835,3889439.77521835,"PostPTME",28.3221855163574,-40
"1224","44_19454",44,19454,1,11,-3893959.06221695,2789439.77521835,2789439.77521835,"PrePTME",21.8508644104004,-2160
"1225","54_56810",54,56810,1,6,5706040.93778305,-8010560.22478165,8010560.22478165,"PostPTME",10.9303455352783,-3480
"1226","37_29455",37,29455,0,9,-4293959.06221695,-110560.224781653,110560.224781653,"PrePTME",25.2517833709717,0
"1227","77_19864",77,19864,3,0,2606040.93778305,2689439.77521835,2689439.77521835,"PostPTME",28.4378623962402,-5000
"1232","24_31865",24,31865,0,9,-4793959.06221695,-810560.224781653,810560.224781653,"PrePTME",26.7078876495361,-160
"1234","89_12146",89,12146,11,0,-10193959.0622169,4889439.77521835,4889439.77521835,"PostPTME",16.775239944458,-680
"1238","77_13194",77,13194,9,0,-8893959.06221695,4589439.77521835,4589439.77521835,"PostPTME",23.2656726837158,-5000
"1240","24_37032",24,37032,0,13,-5593959.06221695,-2310560.22478165,2310560.22478165,"PrePTME",25.9263229370117,-160
"1241","14_25937",14,25937,0,6,-11093959.0622169,889439.775218347,889439.775218347,"PrePTME",29.3500747680664,-3480
"1243","18_33597",18,33597,0,6,-4093959.06221695,-1310560.22478165,1310560.22478165,"PrePTME",27.7557067871094,-280
"1244","18_42202",18,42202,0,13,-6093959.06221695,-3810560.22478165,3810560.22478165,"PrePTME",20.6035385131836,-3440
"1246","22_33589",22,33589,0,15,-4893959.06221695,-1310560.22478165,1310560.22478165,"PrePTME",27.1002330780029,-280
"1247","16_30432",16,30432,0,11,-10093959.0622169,-410560.224781653,410560.224781653,"PrePTME",27.7342567443848,-3480
"1249","57_15030",57,15030,0,11,2206040.93778305,4089439.77521835,4089439.77521835,"PostPTME",25.7849464416504,-3440
"1250","15_39050",15,39050,0,15,-10793959.0622169,-2910560.22478165,2910560.22478165,"PrePTME",25.7738628387451,-3480
"1251","57_15719",57,15719,0,14,2106040.93778305,3889439.77521835,3889439.77521835,"PostPTME",26.2944374084473,-3480
"1252","15_34562",15,34562,2,8,-11093959.0622169,-1610560.22478165,1610560.22478165,"PrePTME",27.654369354248,-3480
"1253","37_26010",37,26010,0,8,-3793959.06221695,889439.775218347,889439.775218347,"PrePTME",23.4124755859375,-160
"1254","46_14776",46,14776,0,15,11306040.9377831,4189439.77521835,4189439.77521835,"PrePTME",22.5034427642822,-3160
"1255","26_44257",26,44257,0,14,-7593959.06221695,-4410560.22478165,4410560.22478165,"PrePTME",22.0700035095215,-800
"1256","16_28010",16,28010,0,10,-10793959.0622169,289439.775218347,289439.775218347,"PrePTME",27.3251399993896,-3480
"1257","15_34701",15,34701,0,8,2806040.93778305,-1610560.22478165,1610560.22478165,"PrePTME",28.5982608795166,-3520
"1259","63_57489",63,57489,0,7,4606040.93778305,-8210560.22478165,8210560.22478165,"PostPTME",7.8074746131897,-800
"1262","57_56109",57,56109,0,7,4606040.93778305,-7810560.22478165,7810560.22478165,"PostPTME",10.0372266769409,0
"1263","35_35321",35,35321,0,4,-4193959.06221695,-1810560.22478165,1810560.22478165,"PrePTME",27.4538402557373,-120
"1264","19_37382",19,37382,0,11,-5093959.06221695,-2410560.22478165,2410560.22478165,"PrePTME",26.2152786254883,-160
"1265","43_45086",43,45086,0,7,6306040.93778305,-4610560.22478165,4610560.22478165,"PrePTME",23.2198219299316,-360
"1267","4_38017",4,38017,0,5,-10593959.0622169,-2610560.22478165,2610560.22478165,"PrePTME",29.04514503479,-3480
"1268","4_38015",4,38015,0,5,-10793959.0622169,-2610560.22478165,2610560.22478165,"PrePTME",29.1020164489746,-3480
"1269","18_23957",18,23957,0,9,-2093959.06221695,1489439.77521835,1489439.77521835,"PrePTME",27.0338573455811,-3480
"1270","24_39422",24,39422,2,2,-8093959.06221695,-3010560.22478165,3010560.22478165,"PrePTME",25.736873626709,-3360
"1271","90_44960",90,44960,5,1,-6293959.06221695,-4610560.22478165,4610560.22478165,"PostPTME",16.2882194519043,-4040
"1279","72_14270",72,14270,9,0,-4793959.06221695,4289439.77521835,4289439.77521835,"PostPTME",24.1384220123291,0
"1280","77_7713",77,7713,6,0,-4993959.06221695,6189439.77521835,6189439.77521835,"PostPTME",17.0430507659912,-440
"1281","77_9086",77,9086,13,0,-5693959.06221695,5789439.77521835,5789439.77521835,"PostPTME",19.2695026397705,0
"1283","43_28088",43,28088,3,0,-2993959.06221695,289439.775218347,289439.775218347,"PrePTME",31.1689224243164,-120
"1285","37_30506",37,30506,2,0,-2693959.06221695,-410560.224781653,410560.224781653,"PrePTME",25.4904403686523,-40
"1286","22_38721",22,38721,0,11,-9193959.06221695,-2810560.22478165,2810560.22478165,"PrePTME",26.0038299560547,-3480
"1289","72_13925",72,13925,8,0,-4793959.06221695,4389439.77521835,4389439.77521835,"PostPTME",24.1384220123291,0
"1294","37_31530",37,31530,3,0,-3793959.06221695,-710560.224781653,710560.224781653,"PrePTME",25.3218479156494,0
"1296","89_13909",89,13909,9,0,-6393959.06221695,4389439.77521835,4389439.77521835,"PostPTME",21.505895614624,-1360
"1299","91_15967",91,15967,12,0,-7593959.06221695,3789439.77521835,3789439.77521835,"PostPTME",22.9562606811523,0
"1300","87_17354",87,17354,9,0,-6893959.06221695,3389439.77521835,3389439.77521835,"PostPTME",27.4141578674316,-160
"1302","87_17010",87,17010,7,0,-6793959.06221695,3489439.77521835,3489439.77521835,"PostPTME",26.9424571990967,-600
"1303","36_34287",36,34287,0,6,-4093959.06221695,-1510560.22478165,1510560.22478165,"PrePTME",24.5189838409424,-120
"1305","14_36632",14,36632,1,10,-11093959.0622169,-2210560.22478165,2210560.22478165,"PrePTME",28.0337181091309,-3480
"1306","87_9738",87,9738,10,0,-9493959.06221695,5589439.77521835,5589439.77521835,"PostPTME",16.2286243438721,-4920
"1308","37_31194",37,31194,2,2,-2893959.06221695,-610560.224781653,610560.224781653,"PrePTME",25.510705947876,-80
"1311","4_35590",4,35590,0,7,-11793959.0622169,-1910560.22478165,1910560.22478165,"PrePTME",29.6774272918701,-3480
"1312","33_41170",33,41170,0,5,-5793959.06221695,-3510560.22478165,3510560.22478165,"PrePTME",25.0764465332031,-80
"1313","26_44602",26,44602,0,15,-7593959.06221695,-4510560.22478165,4510560.22478165,"PrePTME",21.5309677124023,-1200
"1314","22_39066",22,39066,0,11,-9193959.06221695,-2910560.22478165,2910560.22478165,"PrePTME",25.7015132904053,-3480
"1315","26_43579",26,43579,1,16,-6393959.06221695,-4210560.22478165,4210560.22478165,"PrePTME",22.4452152252197,-160
"1316","26_43234",26,43234,1,16,-6393959.06221695,-4110560.22478165,4110560.22478165,"PrePTME",22.9504852294922,-160
"1319","33_39451",33,39451,0,12,-5193959.06221695,-3010560.22478165,3010560.22478165,"PrePTME",26.2458248138428,-160
"1320","15_37320",15,37320,0,5,-11293959.0622169,-2410560.22478165,2410560.22478165,"PrePTME",26.82763671875,-3480
"1323","26_44610",26,44610,0,13,-6793959.06221695,-4510560.22478165,4510560.22478165,"PrePTME",21.4114360809326,-200
"1324","24_41139",24,41139,0,8,-8893959.06221695,-3510560.22478165,3510560.22478165,"PrePTME",24.2945308685303,-3480
"1325","26_43580",26,43580,1,15,-6293959.06221695,-4210560.22478165,4210560.22478165,"PrePTME",22.4165630340576,-160
"1326","16_33872",16,33872,0,8,-11093959.0622169,-1410560.22478165,1410560.22478165,"PrePTME",27.7497406005859,-3480
"1328","89_13181",89,13181,6,0,-10193959.0622169,4589439.77521835,4589439.77521835,"PostPTME",18.2273216247559,-80
"1329","34_34971",34,34971,1,3,-4693959.06221695,-1710560.22478165,1710560.22478165,"PrePTME",27.8542499542236,-160
"1330","35_34284",35,34284,0,4,-4393959.06221695,-1510560.22478165,1510560.22478165,"PrePTME",27.5386943817139,-160
"1331","35_35320",35,35320,0,7,-4293959.06221695,-1810560.22478165,1810560.22478165,"PrePTME",27.4538402557373,-120
"1332","24_41487",24,41487,0,4,-8593959.06221695,-3610560.22478165,3610560.22478165,"PrePTME",23.8631267547607,-3480
"1334","34_36352",34,36352,0,3,-4593959.06221695,-2110560.22478165,2110560.22478165,"PrePTME",28.018383026123,-160
"1335","34_35663",34,35663,0,3,-4493959.06221695,-1910560.22478165,1910560.22478165,"PrePTME",27.9607963562012,-160
"1336","33_39790",33,39790,0,4,-5793959.06221695,-3110560.22478165,3110560.22478165,"PrePTME",25.6861228942871,-160
"1337","14_36285",14,36285,0,6,-11293959.0622169,-2110560.22478165,2110560.22478165,"PrePTME",28.1867980957031,-3480
"1338","24_40794",24,40794,0,10,-8893959.06221695,-3410560.22478165,3410560.22478165,"PrePTME",24.691370010376,-3480
"1339","28_39086",28,39086,0,11,-7193959.06221695,-2910560.22478165,2910560.22478165,"PrePTME",26.7458381652832,-3480
"1340","28_45660",28,45660,0,11,-5293959.06221695,-4810560.22478165,4810560.22478165,"PrePTME",19.3019962310791,-560
"1341","26_44266",26,44266,0,7,-6693959.06221695,-4410560.22478165,4410560.22478165,"PrePTME",21.9782180786133,-200
"1342","28_46007",28,46007,0,11,-5093959.06221695,-4910560.22478165,4910560.22478165,"PrePTME",18.8317184448242,-360
"1343","77_8057",77,8057,4,0,-5093959.06221695,6089439.77521835,6089439.77521835,"PostPTME",17.6724891662598,-440
"1344","26_37041",26,37041,5,7,-4693959.06221695,-2310560.22478165,2310560.22478165,"PrePTME",26.25266456604,-160
"1345","26_42553",26,42553,7,4,-5493959.06221695,-3910560.22478165,3910560.22478165,"PrePTME",23.6271324157715,-160
"1346","77_8055",77,8055,7,0,-5293959.06221695,6089439.77521835,6089439.77521835,"PostPTME",17.5293807983398,-360
"1347","77_7714",77,7714,12,0,-4893959.06221695,6189439.77521835,6189439.77521835,"PostPTME",17.0574016571045,-440
"1348","24_34960",24,34960,0,3,-5793959.06221695,-1710560.22478165,1710560.22478165,"PrePTME",26.4737911224365,-200
"1349","16_36992",16,36992,4,0,-9593959.06221695,-2310560.22478165,2310560.22478165,"PrePTME",26.6440601348877,-3480
"1350","16_36988",16,36988,6,0,-9993959.06221695,-2310560.22478165,2310560.22478165,"PrePTME",26.8068370819092,-3480
"1351","77_7712",77,7712,9,0,-5093959.06221695,6189439.77521835,6189439.77521835,"PostPTME",16.8775291442871,-360
"1352","77_8058",77,8058,7,0,-4993959.06221695,6089439.77521835,6089439.77521835,"PostPTME",17.7617321014404,-520
"1354","26_42552",26,42552,9,0,-5593959.06221695,-3910560.22478165,3910560.22478165,"PrePTME",23.6215343475342,-160
"1355","24_39088",24,39088,0,3,-6993959.06221695,-2910560.22478165,2910560.22478165,"PrePTME",25.8080787658691,-160
"1357","74_9093",74,9093,4,0,-4993959.06221695,5789439.77521835,5789439.77521835,"PostPTME",22.5454063415527,-80
"1358","43_30497",43,30497,0,3,-3593959.06221695,-410560.224781653,410560.224781653,"PrePTME",31.5357322692871,0
"1359","24_34270",24,34270,0,7,-5793959.06221695,-1510560.22478165,1510560.22478165,"PrePTME",26.5979061126709,-200
"1360","24_40795",24,40795,0,7,-8793959.06221695,-3410560.22478165,3410560.22478165,"PrePTME",24.685338973999,-3480
"1361","14_35938",14,35938,0,7,-11493959.0622169,-2010560.22478165,2010560.22478165,"PrePTME",28.2429656982422,-3480
"1362","20_37669",20,37669,0,4,-10893959.0622169,-2510560.22478165,2510560.22478165,"PrePTME",27.7901973724365,-3480
"1363","28_44977",28,44977,0,3,-4593959.06221695,-4610560.22478165,4610560.22478165,"PrePTME",20.522045135498,-160
