"","stage_cell","stage","cell","bivalve","brachiopod","cellPalaeoLng","cellPalaeoLat","cellLith","cellBath","cellReef","cellAbsLat","PTME"
"1","16_38017","16","38017","1","13",-10593959.0622169,-2610560.22478165,"0.96969696969697","0.713717693836978","0",2610560.22478165,"PrePTME"
"2","16_38016","16","38016","1","10",-10693959.0622169,-2610560.22478165,"0.901166781056966","0.762473647224174","0",2610560.22478165,"PrePTME"
"3","16_37671","16","37671","2","9",-10693959.0622169,-2510560.22478165,"1","0","0.193181818181818",2510560.22478165,"PrePTME"
"4","40_28088","40","28088","2","11",-2993959.06221695,289439.775218347,"0.236065573770492","0.810526315789474","0",289439.775218347,"PrePTME"
"5","39_28432","39","28432","2","11",-3093959.06221695,189439.775218347,"0.449532710280374","0.654054054054054","0",189439.775218347,"PrePTME"
"6","39_28433","39","28433","2","10",-2993959.06221695,189439.775218347,"0.839506172839506","0.4","0",189439.775218347,"PrePTME"
"7","39_29121","39","29121","3","11",-3193959.06221695,-10560.2247816529,"0.316901408450704","1","0",10560.2247816529,"PrePTME"
"8","39_30496","39","30496","2","11",-3693959.06221695,-410560.224781653,"0.403846153846154","0","0",410560.224781653,"PrePTME"
"9","78_12534","78","12534","14","0",-5893959.06221695,4789439.77521835,"0.0482758620689655","0","0",4789439.77521835,"PostPTME"
"10","78_13566","78","13566","15","0",-6193959.06221695,4489439.77521835,"0","0","0",4489439.77521835,"PostPTME"
"11","78_13564","78","13564","12","0",-6393959.06221695,4489439.77521835,"0.134275618374558","0","0",4489439.77521835,"PostPTME"
"12","78_13563","78","13563","8","0",-6493959.06221695,4489439.77521835,"0.138576779026217","0","0",4489439.77521835,"PostPTME"
"13","78_12886","78","12886","15","0",-5193959.06221695,4689439.77521835,"0.0247933884297521","0.866666666666667","0",4689439.77521835,"PostPTME"
"14","78_12885","78","12885","14","0",-5293959.06221695,4689439.77521835,"0.367164179104478","0.521739130434783","0",4689439.77521835,"PostPTME"
"15","78_13575","78","13575","14","0",-5293959.06221695,4489439.77521835,"0.738613861386139","1","0",4489439.77521835,"PostPTME"
"16","78_13920","78","13920","14","0",-5293959.06221695,4389439.77521835,"0.497098646034816","0.257575757575758","0",4389439.77521835,"PostPTME"
"17","78_13921","78","13921","15","0",-5193959.06221695,4389439.77521835,"0.0866425992779783","0.685185185185185","0",4389439.77521835,"PostPTME"
"18","78_12211","78","12211","17","0",-3693959.06221695,4889439.77521835,"0","0","0",4889439.77521835,"PostPTME"
"19","78_11921","78","11921","15","0",1806040.93778305,4989439.77521835,"0.957943925233645","0","0",4989439.77521835,"PostPTME"
"20","78_47734","78","47734","7","0",-4893959.06221695,-5410560.22478165,"0.0983606557377049","0","0",5410560.22478165,"PostPTME"
"21","78_12878","78","12878","15","0",-5993959.06221695,4689439.77521835,"0.0962566844919786","0","0",4689439.77521835,"PostPTME"
"22","78_13565","78","13565","14","0",-6293959.06221695,4489439.77521835,"0.0265957446808511","0","0",4489439.77521835,"PostPTME"
"23","64_7077","64","7077","7","0",406040.937783051,6389439.77521835,"0","0.0740740740740741","0",6389439.77521835,"PostPTME"
"24","77_12847","77","12847","11","0",-9093959.06221695,4689439.77521835,"0","1","0",4689439.77521835,"PostPTME"
"25","77_8399","77","8399","8","0",-5393959.06221695,5989439.77521835,"0.0193548387096774","1","0",5989439.77521835,"PostPTME"
"26","72_11858","72","11858","4","1",-4493959.06221695,4989439.77521835,"0","0.252747252747253","0",4989439.77521835,"PostPTME"
"27","72_11515","72","11515","5","1",-4293959.06221695,5089439.77521835,"0","0.17816091954023","0",5089439.77521835,"PostPTME"
"28","73_11504","73","11504","2","0",-5393959.06221695,5089439.77521835,"0.451219512195122","1","0",5089439.77521835,"PostPTME"
"29","79_14264","79","14264","7","0",-5393959.06221695,4289439.77521835,"0.844827586206897","0.3","0",4289439.77521835,"PostPTME"
"30","79_14263","79","14263","5","0",-5493959.06221695,4289439.77521835,"0.517241379310345","0.385416666666667","0",4289439.77521835,"PostPTME"
"31","79_53943","79","53943","7","0",-4993959.06221695,-7210560.22478165,"0","0.876190476190476","0",7210560.22478165,"PostPTME"
"32","74_11497","74","11497","5","0",-6093959.06221695,5089439.77521835,"0","1","0",5089439.77521835,"PostPTME"
"33","81_11213","81","11213","12","0",6040.93778305128,5189439.77521835,"0","0.989010989010989","0",5189439.77521835,"PostPTME"
"34","83_11214","83","11214","19","0",106040.937783051,5189439.77521835,"0","0","0",5189439.77521835,"PostPTME"
"35","83_15287","83","15287","15","0",-6593959.06221695,3989439.77521835,"0","1","0",3989439.77521835,"PostPTME"
"36","83_15632","83","15632","17","0",-6593959.06221695,3889439.77521835,"0.0149253731343284","0","0",3889439.77521835,"PostPTME"
"37","83_14941","83","14941","14","0",-6693959.06221695,4089439.77521835,"0","0","0",4089439.77521835,"PostPTME"
"38","31_43940","31","43940","4","7",-4793959.06221695,-4310560.22478165,"0","0","0",4310560.22478165,"PrePTME"
"39","31_43938","31","43938","11","2",-4993959.06221695,-4310560.22478165,"0","0.223684210526316","0",4310560.22478165,"PrePTME"
"40","15_48064","15","48064","1","14",-6393959.06221695,-5510560.22478165,"0","0.12093023255814","0",5510560.22478165,"PrePTME"
"41","16_46686","16","46686","0","10",-6193959.06221695,-5110560.22478165,"0.0388349514563107","0.295454545454545","0",5110560.22478165,"PrePTME"
"42","14_54698","14","54698","10","2",1506040.93778305,-7410560.22478165,"0","1","0",7410560.22478165,"PrePTME"
"43","15_54007","15","54007","6","9",1406040.93778305,-7210560.22478165,"0.0537634408602151","0.242857142857143","0",7210560.22478165,"PrePTME"
"44","16_53317","16","53317","6","5",1406040.93778305,-7010560.22478165,"0.0441176470588235","0.0327868852459016","0",7010560.22478165,"PrePTME"
"45","78_13230","78","13230","13","0",-5293959.06221695,4589439.77521835,"0.758139534883721","1","0",4589439.77521835,"PostPTME"
"46","78_12535","78","12535","13","0",-5793959.06221695,4789439.77521835,"0.228571428571429","0","0",4789439.77521835,"PostPTME"
"47","78_13221","78","13221","13","0",-6193959.06221695,4589439.77521835,"0.004739336492891","0","0",4589439.77521835,"PostPTME"
"48","78_13908","78","13908","8","0",-6493959.06221695,4389439.77521835,"0","0","0",4389439.77521835,"PostPTME"
"49","73_13923","73","13923","8","1",-4993959.06221695,4389439.77521835,"0.010498687664042","0","0",4389439.77521835,"PostPTME"
"50","72_13926","72","13926","8","0",-4693959.06221695,4389439.77521835,"0.843373493975904","0.270833333333333","0",4389439.77521835,"PostPTME"
"51","16_38361","16","38361","1","9",-10693959.0622169,-2710560.22478165,"0.807400379506641","0.761","0",2710560.22478165,"PrePTME"
"52","83_14952","83","14952","8","4",-5593959.06221695,4089439.77521835,"1","0.974789915966387","0",4089439.77521835,"PostPTME"
"53","64_14333","64","14333","13","1",1506040.93778305,4289439.77521835,"0.933333333333333","0.0963855421686747","0.165413533834586",4289439.77521835,"PostPTME"
"54","64_13986","64","13986","10","0",1306040.93778305,4389439.77521835,"0.801136363636364","0.82051282051282","0",4389439.77521835,"PostPTME"
"55","35_28422","35","28422","2","12",-4093959.06221695,189439.775218347,"0.63013698630137","0.945578231292517","0",189439.775218347,"PrePTME"
"56","64_12257","64","12257","7","0",906040.937783051,4889439.77521835,"0.691588785046729","0.607476635514019","0",4889439.77521835,"PostPTME"
"57","65_13986","65","13986","6","3",1306040.93778305,4389439.77521835,"0.875","1","0",4389439.77521835,"PostPTME"
"58","64_12607","64","12607","5","1",1406040.93778305,4789439.77521835,"0.972602739726027","0","0",4789439.77521835,"PostPTME"
"59","64_12606","64","12606","12","0",1306040.93778305,4789439.77521835,"0.818840579710145","0.176470588235294","0.0291970802919708",4789439.77521835,"PostPTME"
"60","64_12949","64","12949","12","0",1106040.93778305,4689439.77521835,"0.547619047619048","0.619047619047619","0",4689439.77521835,"PostPTME"
"61","85_15628","85","15628","16","0",-6993959.06221695,3889439.77521835,"0.232258064516129","0.8875","0",3889439.77521835,"PostPTME"
"62","64_10877","64","10877","8","1",906040.937783051,5289439.77521835,"0.546961325966851","0.331491712707182","0",5289439.77521835,"PostPTME"
"63","85_15283","85","15283","16","0",-6993959.06221695,3989439.77521835,"0.409090909090909","0.990950226244344","0",3989439.77521835,"PostPTME"
"64","85_15282","85","15282","17","0",-7093959.06221695,3989439.77521835,"0","0.946043165467626","0",3989439.77521835,"PostPTME"
"65","65_15701","65","15701","8","0",306040.937783051,3889439.77521835,"0.374083129584352","0","0.142095914742451",3889439.77521835,"PostPTME"
"66","32_41514","32","41514","2","11",-5893959.06221695,-3610560.22478165,"0.727272727272727","0","0",3610560.22478165,"PrePTME"
"67","34_34323","34","34323","1","14",-493959.062216949,-1510560.22478165,"1","0.0217391304347826","0.692546583850932",1510560.22478165,"PrePTME"
"68","77_12904","77","12904","14","0",-3393959.06221695,4689439.77521835,"0","0","0",4689439.77521835,"PostPTME"
"69","77_12557","77","12557","12","0",-3593959.06221695,4789439.77521835,"0","0","0",4789439.77521835,"PostPTME"
"70","34_25355","34","25355","0","6",-293959.062216949,1089439.77521835,"0","0","0",1089439.77521835,"PrePTME"
"71","77_12890","77","12890","15","0",-4793959.06221695,4689439.77521835,"0","0","0",4689439.77521835,"PostPTME"
"72","3_54964","3","54964","1","4",-6393959.06221695,-7510560.22478165,"0.92156862745098","0","0",7510560.22478165,"PrePTME"
"73","77_13226","77","13226","10","0",-5693959.06221695,4589439.77521835,"0.170940170940171","0","0",4589439.77521835,"PostPTME"
"74","65_16046","65","16046","11","0",306040.937783051,3789439.77521835,"0.311594202898551","0.0754716981132075","0",3789439.77521835,"PostPTME"
"75","82_12853","82","12853","13","1",-8493959.06221695,4689439.77521835,"0","0.433333333333333","0",4689439.77521835,"PostPTME"
"76","81_10869","81","10869","11","1",106040.937783051,5289439.77521835,"0","1","0",5289439.77521835,"PostPTME"
"77","82_10867","82","10867","8","0",-93959.0622169487,5289439.77521835,"0","0","0",5289439.77521835,"PostPTME"
"78","81_11214","81","11214","4","0",106040.937783051,5189439.77521835,"0","1","0",5189439.77521835,"PostPTME"
"79","34_38767","34","38767","3","9",-4593959.06221695,-2810560.22478165,"0.0309278350515464","0","0",2810560.22478165,"PrePTME"
"80","65_17084","65","17084","8","1",606040.937783051,3489439.77521835,"0.471698113207547","0","0.273584905660377",3489439.77521835,"PostPTME"
"81","24_37033","24","37033","1","5",-5493959.06221695,-2310560.22478165,"0","0.995614035087719","0",2310560.22478165,"PrePTME"
"82","65_13641","65","13641","7","3",1306040.93778305,4489439.77521835,"0","1","0",4489439.77521835,"PostPTME"
"83","64_14337","64","14337","12","3",1906040.93778305,4289439.77521835,"1","0","0.0952380952380952",4289439.77521835,"PostPTME"
"84","30_44280","30","44280","1","12",-5293959.06221695,-4410560.22478165,"0.132947976878613","1","0",4410560.22478165,"PrePTME"
"85","30_44282","30","44282","3","10",-5093959.06221695,-4410560.22478165,"0.164490861618799","0.614157527417747","0",4410560.22478165,"PrePTME"
"86","30_44283","30","44283","2","8",-4993959.06221695,-4410560.22478165,"0.160278745644599","0.519721577726218","0",4410560.22478165,"PrePTME"
"87","30_44628","30","44628","4","11",-4993959.06221695,-4510560.22478165,"0.00184842883548983","0.940818584070796","0",4510560.22478165,"PrePTME"
"88","30_44281","30","44281","1","12",-5193959.06221695,-4410560.22478165,"0.141199226305609","0.567857142857143","0.0172827652424388",4410560.22478165,"PrePTME"
"89","85_10869","85","10869","14","0",106040.937783051,5289439.77521835,"0","0","0",5289439.77521835,"PostPTME"
"90","85_10524","85","10524","13","0",106040.937783051,5389439.77521835,"0","0","0",5389439.77521835,"PostPTME"
"91","30_45317","30","45317","2","11",-5093959.06221695,-4710560.22478165,"0","0","0",4710560.22478165,"PrePTME"
"92","30_45316","30","45316","4","10",-5193959.06221695,-4710560.22478165,"0","0.609375","0",4710560.22478165,"PrePTME"
"93","31_44284","31","44284","8","1",-4893959.06221695,-4410560.22478165,"0","0.0554744525547445","0",4410560.22478165,"PrePTME"
"94","31_43939","31","43939","7","0",-4893959.06221695,-4310560.22478165,"0.0153846153846154","0","0",4310560.22478165,"PrePTME"
"95","31_44283","31","44283","7","1",-4993959.06221695,-4410560.22478165,"0","0.438775510204082","0",4410560.22478165,"PrePTME"
"96","58_47420","58","47420","13","0",-1793959.06221695,-5310560.22478165,"0.11","0","0.0582010582010582",5310560.22478165,"PostPTME"
"97","58_45693","58","45693","10","0",-1993959.06221695,-4810560.22478165,"0","0","0.0933333333333333",4810560.22478165,"PostPTME"
"98","39_28776","39","28776","2","8",-3193959.06221695,89439.7752183471,"0.482954545454545","0.333333333333333","0",89439.7752183471,"PrePTME"
"99","39_28088","39","28088","1","8",-2993959.06221695,289439.775218347,"0.557377049180328","1","0",289439.775218347,"PrePTME"
"100","40_28777","40","28777","5","8",-3093959.06221695,89439.7752183471,"0.333333333333333","0.111111111111111","0",89439.7752183471,"PrePTME"
"101","88_12877","88","12877","16","0",-6093959.06221695,4689439.77521835,"0","0.354838709677419","0",4689439.77521835,"PostPTME"
"102","63_21924","63","21924","11","2",1606040.93778305,2089439.77521835,"0.860040567951318","0","0.00484848484848485",2089439.77521835,"PostPTME"
"103","24_32555","24","32555","1","14",-4793959.06221695,-1010560.22478165,"1","0","0.714285714285714",1010560.22478165,"PrePTME"
"104","21_34276","21","34276","0","17",-5193959.06221695,-1510560.22478165,"1","0.242152466367713","0.367713004484305",1510560.22478165,"PrePTME"
"105","24_32900","24","32900","1","15",-4793959.06221695,-1110560.22478165,"0.85625","0","0.769230769230769",1110560.22478165,"PrePTME"
"106","26_40548","26","40548","2","8",1006040.93778305,-3310560.22478165,"1","0.469135802469136","0",3310560.22478165,"PrePTME"
"107","79_12596","79","12596","13","0",306040.937783051,4789439.77521835,"1","0","1",4789439.77521835,"PostPTME"
"108","24_37378","24","37378","2","11",-5493959.06221695,-2410560.22478165,"0","0.789473684210526","0",2410560.22478165,"PrePTME"
"109","58_11922","58","11922","7","1",1906040.93778305,4989439.77521835,"0","1","0",4989439.77521835,"PostPTME"
"110","16_38015","16","38015","1","12",-10793959.0622169,-2610560.22478165,"0.935483870967742","0.631578947368421","0.0207877461706783",2610560.22478165,"PrePTME"
"111","47_19510","47","19510","7","7",1706040.93778305,2789439.77521835,"1","0","0.924812030075188",2789439.77521835,"PrePTME"
"112","91_15281","91","15281","14","0",-7193959.06221695,3989439.77521835,"0","0","0",3989439.77521835,"PostPTME"
"113","59_17090","59","17090","10","4",1206040.93778305,3489439.77521835,"0.644927536231884","1","0",3489439.77521835,"PostPTME"
"114","15_57443","15","57443","2","13",6040.93778305128,-8210560.22478165,"0","0.787234042553192","0",8210560.22478165,"PrePTME"
"115","59_17091","59","17091","8","8",1306040.93778305,3489439.77521835,"0.681286549707602","1","0",3489439.77521835,"PostPTME"
"116","59_16401","59","16401","4","10",1306040.93778305,3689439.77521835,"0.808823529411765","1","0",3689439.77521835,"PostPTME"
"117","59_16050","59","16050","4","10",706040.937783051,3789439.77521835,"0.985074626865672","0.962593516209476","0",3789439.77521835,"PostPTME"
"118","15_36640","15","36640","1","8",-10293959.0622169,-2210560.22478165,"1","0","0",2210560.22478165,"PrePTME"
"119","16_37677","16","37677","3","14",-10093959.0622169,-2510560.22478165,"0.973684210526316","1","0",2510560.22478165,"PrePTME"
"120","16_37676","16","37676","9","7",-10193959.0622169,-2510560.22478165,"0.584615384615385","0","0.027027027027027",2510560.22478165,"PrePTME"
"121","79_11908","79","11908","7","3",506040.937783051,4989439.77521835,"1","0","0",4989439.77521835,"PostPTME"
"122","55_16755","55","16755","7","6",2206040.93778305,3589439.77521835,"1","0.277777777777778","0.0641025641025641",3589439.77521835,"PostPTME"
"123","55_16063","55","16063","8","3",2006040.93778305,3789439.77521835,"0.897058823529412","0.142118863049096","0.0460829493087558",3789439.77521835,"PostPTME"
"124","62_14334","62","14334","7","9",1606040.93778305,4289439.77521835,"1","0","0.862745098039216",4289439.77521835,"PostPTME"
"125","55_16410","55","16410","6","8",2206040.93778305,3689439.77521835,"0.844911147011309","0.494949494949495","0.0462107208872458",3689439.77521835,"PostPTME"
"126","55_16409","55","16409","8","5",2106040.93778305,3689439.77521835,"0.68421052631579","0","0",3689439.77521835,"PostPTME"
"127","56_15029","56","15029","1","8",2106040.93778305,4089439.77521835,"1","0","0",4089439.77521835,"PostPTME"
"128","56_13629","56","13629","10","1",106040.937783051,4489439.77521835,"1","1","0",4489439.77521835,"PostPTME"
"129","56_13978","56","13978","9","1",506040.937783051,4389439.77521835,"1","1","0",4389439.77521835,"PostPTME"
"130","57_13284","57","13284","4","5",106040.937783051,4589439.77521835,"1","1","0",4589439.77521835,"PostPTME"
"131","57_13295","57","13295","1","3",1206040.93778305,4589439.77521835,"1","1","0",4589439.77521835,"PostPTME"
"132","51_25805","51","25805","6","10",10206040.9377831,989439.775218347,"0.0952858575727182","0.0315682281059063","0.0200956937799043",989439.775218347,"PostPTME"
"133","57_43965","57","43965","7","3",-2293959.06221695,-4310560.22478165,"1","0","0",4310560.22478165,"PostPTME"
"134","53_22900","53","22900","2","2",-4293959.06221695,1789439.77521835,"0.792929292929293","0.960199004975124","0.0248756218905473",1789439.77521835,"PostPTME"
"135","88_9158","88","9158","5","9",1506040.93778305,5789439.77521835,"0.952380952380952","0.674603174603175","0.3046875",5789439.77521835,"PostPTME"
"136","51_21524","51","21524","5","0",-3893959.06221695,2189439.77521835,"1","0.931818181818182","0",2189439.77521835,"PostPTME"
"137","58_43275","58","43275","6","2",-2293959.06221695,-4110560.22478165,"0.996726677577741","0","0",4110560.22478165,"PostPTME"
"138","58_42929","58","42929","9","3",-2393959.06221695,-4010560.22478165,"0.238095238095238","0","0",4010560.22478165,"PostPTME"
"139","59_42237","59","42237","9","1",-2593959.06221695,-3810560.22478165,"1","0","0",3810560.22478165,"PostPTME"
"140","58_41894","58","41894","11","1",-2393959.06221695,-3710560.22478165,"1","0","0",3710560.22478165,"PostPTME"
"141","63_31261","63","31261","11","4",3806040.93778305,-610560.224781653,"0.227091633466135","0","0.0677290836653386",610560.224781653,"PostPTME"
"142","16_38360","16","38360","1","12",-10793959.0622169,-2710560.22478165,"0.983818770226537","0.521514629948365","0",2710560.22478165,"PrePTME"
"143","53_22970","53","22970","9","6",2706040.93778305,1789439.77521835,"0.997076023391813","0.0315457413249211","0.649842271293375",1789439.77521835,"PostPTME"
"144","90_14562","90","14562","11","0",-10093959.0622169,4189439.77521835,"0.102564102564103","0","0.00515463917525773",4189439.77521835,"PostPTME"
"145","80_13237","80","13237","9","0",-4593959.06221695,4589439.77521835,"0","0","0",4589439.77521835,"PostPTME"
"146","80_9844","80","9844","7","0",1106040.93778305,5589439.77521835,"0","0","0",5589439.77521835,"PostPTME"
"147","65_44698","65","44698","11","0",2006040.93778305,-4510560.22478165,"0","0","0",4510560.22478165,"PostPTME"
"148","63_27116","63","27116","4","13",3306040.93778305,589439.775218347,"0.915094339622642","0.254237288135593","0.0333333333333333",589439.775218347,"PostPTME"
"149","62_27116","62","27116","6","9",3306040.93778305,589439.775218347,"0.625","0","0",589439.775218347,"PostPTME"
"150","63_27117","63","27117","0","11",3406040.93778305,589439.775218347,"1","0","0",589439.775218347,"PostPTME"
"151","62_13297","62","13297","13","3",1406040.93778305,4589439.77521835,"0.642857142857143","0","0",4589439.77521835,"PostPTME"
"152","89_5920","89","5920","10","0",-11793959.0622169,6689439.77521835,"0","0","0",6689439.77521835,"PostPTME"
"153","89_5919","89","5919","9","0",-11893959.0622169,6689439.77521835,"0","0","0",6689439.77521835,"PostPTME"
"154","86_8365","86","8365","12","0",-8793959.06221695,5989439.77521835,"0","0.782608695652174","0",5989439.77521835,"PostPTME"
"155","86_9054","86","9054","10","0",-8893959.06221695,5789439.77521835,"0.021505376344086","0.77319587628866","0",5789439.77521835,"PostPTME"
"156","85_9056","85","9056","9","0",-8693959.06221695,5789439.77521835,"0","0.380530973451327","0",5789439.77521835,"PostPTME"
"157","63_13297","63","13297","5","2",1406040.93778305,4589439.77521835,"0","0.875","0",4589439.77521835,"PostPTME"
"158","84_9402","84","9402","12","0",-8593959.06221695,5689439.77521835,"0","0","0",5689439.77521835,"PostPTME"
"159","32_40515","32","40515","6","5",-2293959.06221695,-3310560.22478165,"0","0.0333333333333333","0",3310560.22478165,"PrePTME"
"160","43_22217","43","22217","3","2",-3593959.06221695,1989439.77521835,"0.805970149253731","0","0",1989439.77521835,"PrePTME"
"161","31_39824","31","39824","0","9",-2393959.06221695,-3110560.22478165,"0.62962962962963","0","0.133333333333333",3110560.22478165,"PrePTME"
"162","41_27734","41","27734","6","7",-3893959.06221695,389439.775218347,"0.303370786516854","0","0",389439.775218347,"PrePTME"
"163","84_9058","84","9058","10","0",-8493959.06221695,5789439.77521835,"0","0.0298507462686567","0",5789439.77521835,"PostPTME"
"164","56_15366","56","15366","8","3",1306040.93778305,3989439.77521835,"1","1","0",3989439.77521835,"PostPTME"
"165","73_7877","73","7877","9","0",11406040.9377831,6189439.77521835,"0","0","0",6189439.77521835,"PostPTME"
"166","88_9737","88","9737","10","0",-9593959.06221695,5589439.77521835,"0","0","0",5589439.77521835,"PostPTME"
"167","87_9051","87","9051","13","0",-9193959.06221695,5789439.77521835,"0","0","0",5789439.77521835,"PostPTME"
"168","74_7874","74","7874","5","0",11106040.9377831,6189439.77521835,"0","0","0",6189439.77521835,"PostPTME"
"169","42_51004","42","51004","2","12",11606040.9377831,-6310560.22478165,"0.00444444444444444","0.144927536231884","0",6310560.22478165,"PrePTME"
"170","89_47385","89","47385","10","0",-5293959.06221695,-5310560.22478165,"0","0","0",5310560.22478165,"PostPTME"
"171","91_17349","91","17349","7","0",-7393959.06221695,3389439.77521835,"0.258928571428571","0","0",3389439.77521835,"PostPTME"
"172","43_31535","43","31535","1","15",-3293959.06221695,-710560.224781653,"0.902255639097744","0.150375939849624","0",710560.224781653,"PrePTME"
"173","45_30895","45","30895","5","7",1706040.93778305,-510560.224781653,"0.523809523809524","0","0.178082191780822",510560.224781653,"PrePTME"
"174","46_30206","46","30206","4","8",1806040.93778305,-310560.224781653,"0.944444444444444","0","0.176470588235294",310560.224781653,"PrePTME"
"175","91_17539","91","17539","0","9",11606040.9377831,3389439.77521835,"0.894736842105263","0.0990990990990991","0.0892857142857143",3389439.77521835,"PostPTME"
"176","38_30499","38","30499","1","6",-3393959.06221695,-410560.224781653,"0","1","0",410560.224781653,"PrePTME"
"177","44_27395","44","27395","1","18",-3293959.06221695,489439.775218347,"1","0.804399524375743","0.0755053507728894",489439.775218347,"PrePTME"
"178","43_28084","43","28084","1","18",-3393959.06221695,289439.775218347,"0.991436464088398","0.38125","0.637726098191215",289439.775218347,"PrePTME"
"179","91_36676","91","36676","12","0",-6693959.06221695,-2210560.22478165,"0","0","0",2210560.22478165,"PostPTME"
"180","40_29804","40","29804","0","17",-3893959.06221695,-210560.224781653,"0.958333333333333","0","0.903881700554529",210560.224781653,"PrePTME"
"181","39_30148","39","30148","0","16",-3993959.06221695,-310560.224781653,"0.735368956743003","0","0.402298850574713",310560.224781653,"PrePTME"
"182","51_22283","51","22283","4","11",3006040.93778305,1989439.77521835,"1","0.65359477124183","0.0065359477124183",1989439.77521835,"PostPTME"
"183","42_29117","42","29117","0","18",-3593959.06221695,-10560.2247816529,"0.935087719298246","0.522875816993464","0.435064935064935",10560.2247816529,"PrePTME"
"184","45_26706","45","26706","1","17",-3193959.06221695,689439.775218347,"0.998601398601399","0.372413793103448","0",689439.775218347,"PrePTME"
"185","74_9421","74","9421","11","0",-6693959.06221695,5689439.77521835,"0","0","0",5689439.77521835,"PostPTME"
"186","73_11854","73","11854","6","0",-4893959.06221695,4989439.77521835,"0","1","0",4989439.77521835,"PostPTME"
"187","48_27540","48","27540","9","8",11206040.9377831,489439.775218347,"0.0118577075098814","0.09","0",489439.775218347,"PrePTME"
"188","48_25387","48","25387","11","4",2906040.93778305,1089439.77521835,"0.995850622406639","0.00440528634361234","0",1089439.77521835,"PrePTME"
"189","49_25042","49","25042","8","1",2906040.93778305,1189439.77521835,"0.963592233009709","0.520376175548589","0",1189439.77521835,"PostPTME"
"190","53_57511","53","57511","1","6",6806040.93778305,-8210560.22478165,"0","1","0",8210560.22478165,"PostPTME"
"191","49_19116","49","19116","8","2",-3193959.06221695,2889439.77521835,"0.933333333333333","0","0",2889439.77521835,"PostPTME"
"192","49_19807","49","19807","10","1",-3093959.06221695,2689439.77521835,"0.647058823529412","0.1","0",2689439.77521835,"PostPTME"
"193","52_24681","52","24681","6","0",1306040.93778305,1289439.77521835,"1","0","0",1289439.77521835,"PostPTME"
"194","88_12840","88","12840","13","0",-9793959.06221695,4689439.77521835,"0","0","0",4689439.77521835,"PostPTME"
"195","87_46823","87","46823","2","3",7506040.93778305,-5110560.22478165,"0","0","0",5110560.22478165,"PostPTME"
"196","62_31951","62","31951","6","9",3806040.93778305,-810560.224781653,"1","0","0",810560.224781653,"PostPTME"
"197","84_15282","84","15282","15","0",-7093959.06221695,3989439.77521835,"0","1","0",3989439.77521835,"PostPTME"
"198","63_40920","63","40920","12","3",3706040.93778305,-3410560.22478165,"0","1","0",3410560.22478165,"PostPTME"
"199","50_16159","50","16159","10","4",11606040.9377831,3789439.77521835,"0","0.333333333333333","0",3789439.77521835,"PostPTME"
"200","63_31606","63","31606","9","7",3806040.93778305,-710560.224781653,"0.939546599496222","0","0",710560.224781653,"PostPTME"
"201","49_13298","49","13298","6","0",1506040.93778305,4589439.77521835,"0.0170454545454545","0","0",4589439.77521835,"PostPTME"
"202","62_31606","62","31606","6","9",3806040.93778305,-710560.224781653,"1","0","0",710560.224781653,"PostPTME"
"203","62_31261","62","31261","4","10",3806040.93778305,-610560.224781653,"1","0","0",610560.224781653,"PostPTME"
"204","63_32641","63","32641","13","0",3806040.93778305,-1010560.22478165,"1","0","0",1010560.22478165,"PostPTME"
"205","63_32984","63","32984","11","3",3606040.93778305,-1110560.22478165,"0.925373134328358","0","0",1110560.22478165,"PostPTME"
"206","63_30916","63","30916","9","8",3806040.93778305,-510560.224781653,"0.953488372093023","0","0",510560.224781653,"PostPTME"
"207","84_27009","84","27009","11","0",-7393959.06221695,589439.775218347,"0.296296296296296","0","0.0379746835443038",589439.775218347,"PostPTME"
"208","86_26319","86","26319","15","0",-7393959.06221695,789439.775218347,"0.375","0","0",789439.775218347,"PostPTME"
"209","87_26319","87","26319","15","0",-7393959.06221695,789439.775218347,"0.216763005780347","0","0",789439.775218347,"PostPTME"
"210","84_19864","84","19864","6","0",2606040.93778305,2689439.77521835,"0.421052631578947","0.228070175438596","0.31578947368421",2689439.77521835,"PostPTME"
"211","49_24778","49","24778","5","10",11006040.9377831,1289439.77521835,"0.728915662650602","1","0",1289439.77521835,"PostPTME"
"212","72_24701","72","24701","16","0",3306040.93778305,1289439.77521835,"1","0.228915662650602","0.518072289156627",1289439.77521835,"PostPTME"
"213","56_55424","56","55424","2","6",5106040.93778305,-7610560.22478165,"0","0","0",7610560.22478165,"PostPTME"
"214","86_48677","86","48677","9","0",-14093959.062217,-5710560.22478165,"0.409937888198758","0.0445859872611465","0",5710560.22478165,"PostPTME"
"215","55_47419","55","47419","9","2",-1893959.06221695,-5310560.22478165,"0","0.2","0",5310560.22478165,"PostPTME"
"216","88_25973","88","25973","16","0",-7493959.06221695,889439.775218347,"0","0","0",889439.775218347,"PostPTME"
"217","86_13048","86","13048","8","0",11006040.9377831,4689439.77521835,"0","0","0",4689439.77521835,"PostPTME"
"218","82_30884","82","30884","13","0",606040.937783051,-510560.224781653,"0","0","0",510560.224781653,"PostPTME"
"219","59_16400","59","16400","2","5",1206040.93778305,3689439.77521835,"1","0.98","0",3689439.77521835,"PostPTME"
"220","59_16746","59","16746","5","9",1306040.93778305,3589439.77521835,"1","0.166051660516605","0",3589439.77521835,"PostPTME"
"221","88_9159","88","9159","9","5",1606040.93778305,5789439.77521835,"0.992156862745098","0","0.360294117647059",5789439.77521835,"PostPTME"
"222","89_25628","89","25628","15","0",-7493959.06221695,989439.775218347,"0.0168855534709193","0","0",989439.775218347,"PostPTME"
"223","81_8375","81","8375","12","0",-7793959.06221695,5989439.77521835,"0","0.360655737704918","0",5989439.77521835,"PostPTME"
"224","87_13877","87","13877","16","0",-9593959.06221695,4389439.77521835,"0.16243654822335","0.0248756218905473","0",4389439.77521835,"PostPTME"
"225","81_10442","81","10442","14","0",-8093959.06221695,5389439.77521835,"0","0","0",5389439.77521835,"PostPTME"
"226","80_11824","80","11824","13","0",-7893959.06221695,4989439.77521835,"0","0.024390243902439","0",4989439.77521835,"PostPTME"
"227","80_9754","80","9754","11","0",-7893959.06221695,5589439.77521835,"0","0.962962962962963","0",5589439.77521835,"PostPTME"
"228","84_13193","84","13193","11","0",-8993959.06221695,4589439.77521835,"0","0.04","0",4589439.77521835,"PostPTME"
"229","58_13920","58","13920","8","1",-5293959.06221695,4389439.77521835,"0","0","0",4389439.77521835,"PostPTME"
"230","73_11842","73","11842","14","0",-6093959.06221695,4989439.77521835,"0","0.642201834862385","0",4989439.77521835,"PostPTME"
"231","31_41511","31","41511","2","8",-6193959.06221695,-3610560.22478165,"0.194312796208531","0","0.0633608815426997",3610560.22478165,"PrePTME"
"232","90_8109","90","8109","5","5",106040.937783051,6089439.77521835,"0.606060606060606","0.393939393939394","0",6089439.77521835,"PostPTME"
"233","35_37057","35","37057","16","0",-3093959.06221695,-2310560.22478165,"0.16025641025641","0.25","0",2310560.22478165,"PrePTME"
"234","53_23660","53","23660","10","0",2706040.93778305,1589439.77521835,"0.947368421052632","0","0",1589439.77521835,"PostPTME"
"235","91_13217","91","13217","11","0",-6593959.06221695,4589439.77521835,"0","0","0",4589439.77521835,"PostPTME"
"236","89_20808","89","20808","16","0",-6493959.06221695,2389439.77521835,"0.0425963488843813","0.405339805825243","0.0658385093167702",2389439.77521835,"PostPTME"
"237","90_20462","90","20462","13","2",-6593959.06221695,2489439.77521835,"0.301470588235294","0.412587412587413","0.263157894736842",2489439.77521835,"PostPTME"
"238","72_12955","72","12955","6","1",1706040.93778305,4689439.77521835,"0","1","0",4689439.77521835,"PostPTME"
"239","90_13907","90","13907","16","0",-6593959.06221695,4389439.77521835,"0.087719298245614","0","0",4389439.77521835,"PostPTME"
"240","87_13876","87","13876","15","0",-9693959.06221695,4389439.77521835,"0","0","0",4389439.77521835,"PostPTME"
"241","90_13218","90","13218","16","0",-6493959.06221695,4589439.77521835,"0","0.0186335403726708","0",4589439.77521835,"PostPTME"
"242","87_12880","87","12880","14","0",-5793959.06221695,4689439.77521835,"0","0","0",4689439.77521835,"PostPTME"
"243","73_12254","73","12254","14","1",606040.937783051,4889439.77521835,"0.736842105263158","0.578947368421053","0",4889439.77521835,"PostPTME"
"244","88_11922","88","11922","14","2",1906040.93778305,4989439.77521835,"0.0346320346320346","0","0.0346320346320346",4989439.77521835,"PostPTME"
"245","90_24611","90","24611","14","0",-5693959.06221695,1289439.77521835,"0","0","0",1289439.77521835,"PostPTME"
"246","90_24610","90","24610","14","0",-5793959.06221695,1289439.77521835,"0","0","0",1289439.77521835,"PostPTME"
"247","48_19193","48","19193","0","16",4506040.93778305,2889439.77521835,"0.72","0.111111111111111","0.533333333333333",2889439.77521835,"PrePTME"
"248","90_14595","90","14595","8","0",-6793959.06221695,4189439.77521835,"0","0","0",4189439.77521835,"PostPTME"
"249","91_14594","91","14594","16","0",-6893959.06221695,4189439.77521835,"1","0","0.000400801603206413",4189439.77521835,"PostPTME"
"250","87_15973","87","15973","14","0",-6993959.06221695,3789439.77521835,"0.962962962962963","0","0",3789439.77521835,"PostPTME"
"251","89_25283","89","25283","8","0",-7493959.06221695,1089439.77521835,"0.769230769230769","0","0",1089439.77521835,"PostPTME"
"252","50_22630","50","22630","7","0",3206040.93778305,1889439.77521835,"0.0476190476190476","0.0697674418604651","0",1889439.77521835,"PostPTME"
"253","53_57508","53","57508","1","4",6506040.93778305,-8210560.22478165,"0","0","0",8210560.22478165,"PostPTME"
"254","63_40921","63","40921","12","2",3806040.93778305,-3410560.22478165,"0.432258064516129","1","0",3410560.22478165,"PostPTME"
"255","90_13562","90","13562","14","0",-6593959.06221695,4489439.77521835,"0","0","0",4489439.77521835,"PostPTME"
"256","48_49212","48","49212","1","15",4906040.93778305,-5810560.22478165,"0","0","0",5810560.22478165,"PrePTME"
"257","55_14322","55","14322","7","0",406040.937783051,4289439.77521835,"0.43010752688172","0","0",4289439.77521835,"PostPTME"
"258","50_22216","50","22216","10","2",-3693959.06221695,1989439.77521835,"0.650793650793651","0","0",1989439.77521835,"PostPTME"
"259","50_22217","50","22217","8","3",-3593959.06221695,1989439.77521835,"0.671875","0","0",1989439.77521835,"PostPTME"
"260","50_22562","50","22562","8","2",-3593959.06221695,1889439.77521835,"0.830188679245283","0","0",1889439.77521835,"PostPTME"
"261","62_40576","62","40576","11","2",3806040.93778305,-3310560.22478165,"0.870967741935484","1","0",3310560.22478165,"PostPTME"
"262","84_54639","84","54639","10","3",-4393959.06221695,-7410560.22478165,"0","0","0",7410560.22478165,"PostPTME"
"263","56_55767","56","55767","2","6",4906040.93778305,-7710560.22478165,"0","0","0",7710560.22478165,"PostPTME"
"264","47_26765","47","26765","0","15",2706040.93778305,689439.775218347,"1","0.659340659340659","0.32967032967033",689439.775218347,"PrePTME"
"265","16_38705","16","38705","1","7",-10793959.0622169,-2810560.22478165,"1","0.0654205607476635","0",2810560.22478165,"PrePTME"
"266","73_12946","73","12946","9","2",806040.937783051,4689439.77521835,"0.45","0","0.55",4689439.77521835,"PostPTME"
"267","87_49453","87","49453","13","3",-5493959.06221695,-5910560.22478165,"0","0.988888888888889","0",5910560.22478165,"PostPTME"
"268","72_13581","72","13581","10","0",-4693959.06221695,4489439.77521835,"1","0","0",4489439.77521835,"PostPTME"
"269","41_51696","41","51696","2","12",11806040.9377831,-6510560.22478165,"0.304347826086957","0","0",6510560.22478165,"PrePTME"
"270","42_52040","42","52040","2","11",11706040.9377831,-6610560.22478165,"0.0778032036613272","0.209302325581395","0",6610560.22478165,"PrePTME"
"271","44_53413","44","53413","5","8",11006040.9377831,-7010560.22478165,"0","0","0",7010560.22478165,"PrePTME"
"272","78_46008","78","46008","8","0",-4993959.06221695,-4910560.22478165,"0.101092896174863","0","0",4910560.22478165,"PostPTME"
"273","91_15296","91","15296","14","0",-5693959.06221695,3989439.77521835,"0","0","0",3989439.77521835,"PostPTME"
"274","85_9258","85","9258","7","0",11506040.9377831,5789439.77521835,"0","0","0",5789439.77521835,"PostPTME"
"275","35_35669","35","35669","15","0",-3893959.06221695,-1910560.22478165,"1","1","0",1910560.22478165,"PrePTME"
"276","53_22279","53","22279","13","2",2606040.93778305,1989439.77521835,"1","0.727272727272727","0",1989439.77521835,"PostPTME"
"277","89_14662","89","14662","15","0",-93959.0622169487,4189439.77521835,"1","0","1",4189439.77521835,"PostPTME"
"278","84_49953","84","49953","1","9",10006040.9377831,-6010560.22478165,"0.588235294117647","0.588235294117647","0",6010560.22478165,"PostPTME"
"279","89_14317","89","14317","14","0",-93959.0622169487,4289439.77521835,"1","0","1",4289439.77521835,"PostPTME"
"280","85_12701","85","12701","7","0",10806040.9377831,4789439.77521835,"0","0.247524752475248","0",4789439.77521835,"PostPTME"
"281","53_21244","53","21244","12","7",2606040.93778305,2289439.77521835,"1","0","0",2289439.77521835,"PostPTME"
"282","85_13535","85","13535","11","0",-9293959.06221695,4489439.77521835,"0","0","0",4489439.77521835,"PostPTME"
"283","87_50492","87","50492","11","1",-5093959.06221695,-6210560.22478165,"0","0.31578947368421","0",6210560.22478165,"PostPTME"
"284","91_47729","91","47729","7","0",-5393959.06221695,-5410560.22478165,"0","0","0",5410560.22478165,"PostPTME"
"285","89_13220","89","13220","16","0",-6293959.06221695,4589439.77521835,"0","0","0",4589439.77521835,"PostPTME"
"286","89_13219","89","13219","16","0",-6393959.06221695,4589439.77521835,"0","1","0",4589439.77521835,"PostPTME"
"287","89_12875","89","12875","14","0",-6293959.06221695,4689439.77521835,"0","0.4","0",4689439.77521835,"PostPTME"
"288","88_10199","88","10199","9","0",2106040.93778305,5489439.77521835,"1","0","0.955223880597015",5489439.77521835,"PostPTME"
"289","16_38362","16","38362","1","14",-10593959.0622169,-2710560.22478165,"0.984848484848485","0.306122448979592","0",2710560.22478165,"PrePTME"
"290","34_33289","34","33289","2","13",-393959.062216949,-1210560.22478165,"0.507122507122507","0.00285714285714286","0.234285714285714",1210560.22478165,"PrePTME"
"291","78_46354","78","46354","5","0",-4893959.06221695,-5010560.22478165,"0","0.9875","0",5010560.22478165,"PostPTME"
"292","79_46699","79","46699","3","0",-4893959.06221695,-5110560.22478165,"0","1","0",5110560.22478165,"PostPTME"
"293","74_13290","74","13290","9","0",706040.937783051,4589439.77521835,"1","0","0.7",4589439.77521835,"PostPTME"
"294","91_17695","91","17695","1","0",-7293959.06221695,3289439.77521835,"1","0","0",3289439.77521835,"PostPTME"
"295","29_44972","29","44972","9","4",-5093959.06221695,-4610560.22478165,"0.984251968503937","0.832","0",4610560.22478165,"PrePTME"
"296","15_38705","15","38705","0","14",-10793959.0622169,-2810560.22478165,"0.710310965630115","0.98828125","0.00380228136882129",2810560.22478165,"PrePTME"
"297","20_39415","20","39415","1","11",-8793959.06221695,-3010560.22478165,"0.0588235294117647","0.0630630630630631","0",3010560.22478165,"PrePTME"
"298","14_22358","14","22358","7","0",10506040.9377831,1989439.77521835,"1","0","0",1989439.77521835,"PrePTME"
"299","90_8111","90","8111","15","0",306040.937783051,6089439.77521835,"0","0","0",6089439.77521835,"PostPTME"
"300","90_8456","90","8456","18","0",306040.937783051,5989439.77521835,"0","0","0",5989439.77521835,"PostPTME"
"301","56_13977","56","13977","9","0",406040.937783051,4389439.77521835,"0.196078431372549","0.956521739130435","0",4389439.77521835,"PostPTME"
"302","87_25750","87","25750","9","0",4706040.93778305,989439.775218347,"0.680851063829787","0","0",989439.775218347,"PostPTME"
"303","91_17005","91","17005","9","0",-7293959.06221695,3489439.77521835,"1","0","0",3489439.77521835,"PostPTME"
"304","91_3611","91","3611","10","0",-1193959.06221695,7389439.77521835,"0","0","0",7389439.77521835,"PostPTME"
"305","87_11902","87","11902","18","0",-93959.0622169487,4989439.77521835,"0.8","0","0.8",4989439.77521835,"PostPTME"
"306","87_11557","87","11557","17","0",-93959.0622169487,5089439.77521835,"0","0","0",5089439.77521835,"PostPTME"
"307","91_18390","91","18390","14","0",-6793959.06221695,3089439.77521835,"1","0","0.529411764705882",3089439.77521835,"PostPTME"
"308","91_20452","91","20452","16","0",-7593959.06221695,2489439.77521835,"1","0","0.65",2489439.77521835,"PostPTME"
"309","74_12525","74","12525","14","0",-6793959.06221695,4789439.77521835,"0","0.222222222222222","0",4789439.77521835,"PostPTME"
"310","77_11142","77","11142","13","0",-7093959.06221695,5189439.77521835,"0","0.00520833333333333","0",5189439.77521835,"PostPTME"
"311","91_33337","91","33337","11","0",4406040.93778305,-1210560.22478165,"1","0","0.75",1210560.22478165,"PostPTME"
"312","91_30916","91","30916","10","0",3806040.93778305,-510560.224781653,"1","0","1",510560.224781653,"PostPTME"
"313","44_25739","44","25739","1","8",3606040.93778305,989439.775218347,"1","0","0.0072992700729927",989439.775218347,"PrePTME"
"314","45_47139","45","47139","0","14",4606040.93778305,-5210560.22478165,"0.147286821705426","0","0",5210560.22478165,"PrePTME"
"315","21_38726","21","38726","1","11",-8693959.06221695,-2810560.22478165,"0.428571428571429","0.605442176870748","0.2",2810560.22478165,"PrePTME"
"316","21_39072","21","39072","0","9",-8593959.06221695,-2910560.22478165,"0.357142857142857","0.753086419753086","0.233236151603499",2910560.22478165,"PrePTME"
"317","46_24986","46","24986","8","1",-2693959.06221695,1189439.77521835,"0.6","0","0",1189439.77521835,"PrePTME"
"318","45_53410","45","53410","11","2",10706040.9377831,-7010560.22478165,"0","0.0533980582524272","0",7010560.22478165,"PrePTME"
"319","41_53715","41","53715","10","5",6706040.93778305,-7110560.22478165,"0.10377358490566","0","0",7110560.22478165,"PrePTME"
"320","77_18821","77","18821","10","1",1806040.93778305,2989439.77521835,"0.952380952380952","0.115384615384615","0.884615384615385",2989439.77521835,"PostPTME"
"321","19_39065","19","39065","1","7",-9293959.06221695,-2910560.22478165,"0.521367521367521","0.87012987012987","0",2910560.22478165,"PrePTME"
"322","20_39069","20","39069","1","11",-8893959.06221695,-2910560.22478165,"0.151260504201681","0.685393258426966","0",2910560.22478165,"PrePTME"
"323","21_39073","21","39073","3","7",-8493959.06221695,-2910560.22478165,"0.24375","0","0",2910560.22478165,"PrePTME"
"324","77_6330","77","6330","13","0",-5293959.06221695,6589439.77521835,"0","0.666666666666667","0",6589439.77521835,"PostPTME"
"325","77_6329","77","6329","7","0",-5393959.06221695,6589439.77521835,"0","1","0",6589439.77521835,"PostPTME"
"326","47_16056","47","16056","9","1",1306040.93778305,3789439.77521835,"1","0","1",3789439.77521835,"PrePTME"
"327","43_51347","43","51347","6","3",11406040.9377831,-6410560.22478165,"0","0","0",6410560.22478165,"PrePTME"
"328","47_57518","47","57518","5","6",7506040.93778305,-8210560.22478165,"0","0.274509803921569","0",8210560.22478165,"PrePTME"
"329","44_51646","44","51646","6","7",6806040.93778305,-6510560.22478165,"0","0","0",6510560.22478165,"PrePTME"
"330","43_51993","43","51993","2","13",7006040.93778305,-6610560.22478165,"0.0597014925373134","0.0277777777777778","0",6610560.22478165,"PrePTME"
"331","41_52683","41","52683","1","12",7006040.93778305,-6810560.22478165,"0.016025641025641","0.0954063604240283","0",6810560.22478165,"PrePTME"
"332","80_14252","80","14252","4","0",-6593959.06221695,4289439.77521835,"0","0","0",4289439.77521835,"PostPTME"
"333","78_20808","78","20808","4","0",-6493959.06221695,2389439.77521835,"0.696875","0","0",2389439.77521835,"PostPTME"
"334","53_21934","53","21934","16","1",2606040.93778305,2089439.77521835,"1","0","0",2089439.77521835,"PostPTME"
"335","53_22623","53","22623","14","0",2506040.93778305,1889439.77521835,"0.912280701754386","0.0630630630630631","0",1889439.77521835,"PostPTME"
"336","42_52037","42","52037","0","8",11406040.9377831,-6610560.22478165,"0.151515151515152","0.12","0",6610560.22478165,"PrePTME"
"337","47_13989","47","13989","1","13",1606040.93778305,4389439.77521835,"0.953678474114441","0.416666666666667","0",4389439.77521835,"PrePTME"
"338","30_44629","30","44629","5","9",-4893959.06221695,-4510560.22478165,"0","1","0",4510560.22478165,"PrePTME"
"339","74_35355","74","35355","6","0",-793959.062216949,-1810560.22478165,"1","0","0",1810560.22478165,"PostPTME"
"340","44_21186","44","21186","6","5",-3193959.06221695,2289439.77521835,"0.574468085106383","1","0",2289439.77521835,"PrePTME"
"341","91_17667","91","17667","15","0",-10093959.0622169,3289439.77521835,"1","0","1",3289439.77521835,"PostPTME"
"342","47_45761","47","45761","0","17",4806040.93778305,-4810560.22478165,"0.850806451612903","0","0",4810560.22478165,"PrePTME"
"343","91_13261","91","13261","11","0",-2193959.06221695,4589439.77521835,"0.272727272727273","0","0.272727272727273",4589439.77521835,"PostPTME"
"344","30_44627","30","44627","5","11",-5093959.06221695,-4510560.22478165,"0.750415973377704","0.378704720087816","0",4510560.22478165,"PrePTME"
"345","79_10190","79","10190","0","9",1206040.93778305,5489439.77521835,"0.102040816326531","0.04","0.00380228136882129",5489439.77521835,"PostPTME"
"346","80_11480","80","11480","10","1",-7793959.06221695,5089439.77521835,"0","0","0",5089439.77521835,"PostPTME"
"347","74_11231","74","11231","4","3",1806040.93778305,5189439.77521835,"0.348484848484849","0","0",5189439.77521835,"PostPTME"
"348","44_26709","44","26709","12","0",-2893959.06221695,689439.775218347,"1","0","0",689439.775218347,"PrePTME"
"349","43_27398","43","27398","11","0",-2993959.06221695,489439.775218347,"1","0","0",489439.775218347,"PrePTME"
"350","87_13532","87","13532","15","0",-9593959.06221695,4489439.77521835,"0","0","0",4489439.77521835,"PostPTME"
"351","91_13906","91","13906","14","0",-6693959.06221695,4389439.77521835,"0","0","0",4389439.77521835,"PostPTME"
"352","64_35049","64","35049","9","1",3106040.93778305,-1710560.22478165,"1","0","0.0130718954248366",1710560.22478165,"PostPTME"
"353","82_11559","82","11559","20","0",106040.937783051,5089439.77521835,"0.875","0","0",5089439.77521835,"PostPTME"
"354","82_13197","82","13197","8","0",-8593959.06221695,4589439.77521835,"0","0.259259259259259","0",4589439.77521835,"PostPTME"
"355","48_28221","48","28221","1","17",10306040.9377831,289439.775218347,"0.826161790017212","0","0",289439.775218347,"PrePTME"
"356","88_9146","88","9146","17","0",306040.937783051,5789439.77521835,"0","0","0",5789439.77521835,"PostPTME"
"357","43_25321","43","25321","9","1",-3693959.06221695,1089439.77521835,"1","0","0",1089439.77521835,"PrePTME"
"358","48_28220","48","28220","0","17",10206040.9377831,289439.775218347,"0.976331360946746","0","0.0476190476190476",289439.775218347,"PrePTME"
"359","90_16975","90","16975","15","0",-10293959.0622169,3489439.77521835,"0","0","0",3489439.77521835,"PostPTME"
"360","91_14904","91","14904","17","0",-10393959.0622169,4089439.77521835,"0","0","0",4089439.77521835,"PostPTME"
"361","91_43400","91","43400","3","5",10206040.9377831,-4110560.22478165,"0.406779661016949","0","0",4110560.22478165,"PostPTME"
"362","91_11798","91","11798","12","0",-10493959.0622169,4989439.77521835,"0","0","0",4989439.77521835,"PostPTME"
"363","90_14216","90","14216","16","1",-10193959.0622169,4289439.77521835,"0","0","0",4289439.77521835,"PostPTME"
"364","48_30985","48","30985","3","9",10706040.9377831,-510560.224781653,"0","1","0",510560.224781653,"PrePTME"
"365","47_30637","47","30637","4","14",10406040.9377831,-410560.224781653,"0.434931506849315","0.167630057803468","0",410560.224781653,"PrePTME"
"366","45_53752","45","53752","3","5",10406040.9377831,-7110560.22478165,"0","0.129032258064516","0",7110560.22478165,"PrePTME"
"367","62_13991","62","13991","16","0",1806040.93778305,4389439.77521835,"1","0","0.383211678832117",4389439.77521835,"PostPTME"
"368","62_13992","62","13992","14","1",1906040.93778305,4389439.77521835,"1","0","0.383606557377049",4389439.77521835,"PostPTME"
"369","90_23911","90","23911","13","0",-6693959.06221695,1489439.77521835,"0","0","0",1489439.77521835,"PostPTME"
"370","3_27798","3","27798","1","6",2506040.93778305,389439.775218347,"1","0","0.2",389439.775218347,"PrePTME"
"371","3_26415","3","26415","1","5",2206040.93778305,789439.775218347,"1","0","1",789439.775218347,"PrePTME"
"372","49_29256","49","29256","11","2",10306040.9377831,-10560.2247816529,"0.0707964601769911","0.454545454545455","0",10560.2247816529,"PostPTME"
"373","48_29946","48","29946","4","13",10306040.9377831,-210560.224781653,"0.111842105263158","0.527835051546392","0",210560.224781653,"PrePTME"
"374","47_28911","47","28911","0","16",10306040.9377831,89439.7752183471,"0.657836644591612","0","0",89439.7752183471,"PrePTME"
"375","77_11143","77","11143","13","0",-6993959.06221695,5189439.77521835,"0","0.44","0",5189439.77521835,"PostPTME"
"376","84_15283","84","15283","17","0",-6993959.06221695,3989439.77521835,"0","0","0",3989439.77521835,"PostPTME"
"377","82_15281","82","15281","15","0",-7193959.06221695,3989439.77521835,"0.0188679245283019","0","0",3989439.77521835,"PostPTME"
"378","83_15280","83","15280","13","0",-7293959.06221695,3989439.77521835,"0","0","0",3989439.77521835,"PostPTME"
"379","83_15624","83","15624","13","0",-7393959.06221695,3889439.77521835,"0","0","0",3889439.77521835,"PostPTME"
"380","83_15279","83","15279","15","0",-7393959.06221695,3989439.77521835,"0","0","0",3989439.77521835,"PostPTME"
"381","82_14937","82","14937","13","0",-7093959.06221695,4089439.77521835,"0","0","0",4089439.77521835,"PostPTME"
"382","81_13235","81","13235","11","0",-4793959.06221695,4589439.77521835,"0","0","0",4589439.77521835,"PostPTME"
"383","80_12893","80","12893","8","1",-4493959.06221695,4689439.77521835,"0","0","0",4689439.77521835,"PostPTME"
"384","82_16312","82","16312","4","0",-7593959.06221695,3689439.77521835,"0","0","0",3689439.77521835,"PostPTME"
"385","51_12329","51","12329","4.5","11",8106040.93778305,4889439.77521835,"1","0","0",4889439.77521835,"PostPTME"
"386","49_29603","49","29603","10","1",10506040.9377831,-110560.224781653,"1","0","0",110560.224781653,"PostPTME"
"387","47_25814","47","25814","1","11",11106040.9377831,989439.775218347,"0.368","0.284313725490196","0",989439.775218347,"PrePTME"
"388","42_52382","42","52382","1","7",11406040.9377831,-6710560.22478165,"0","0.803030303030303","0",6710560.22478165,"PrePTME"
"389","42_52038","42","52038","1","9",11506040.9377831,-6610560.22478165,"0","0.977777777777778","0",6610560.22478165,"PrePTME"
"390","45_53755","45","53755","3","8",10706040.9377831,-7110560.22478165,"0.0319148936170213","0.0289855072463768","0",7110560.22478165,"PrePTME"
"391","49_29601","49","29601","11","3",10306040.9377831,-110560.224781653,"0.0672268907563025","0.0434782608695652","0",110560.224781653,"PostPTME"
"392","49_29255","49","29255","8","0",10206040.9377831,-10560.2247816529,"0.05","0","0",10560.2247816529,"PostPTME"
"393","50_20496","50","20496","6","5",-3193959.06221695,2489439.77521835,"0.827586206896552","0.0833333333333333","0",2489439.77521835,"PostPTME"
"394","78_45318","78","45318","8","0",-4993959.06221695,-4710560.22478165,"0.63855421686747","0.354430379746835","0",4710560.22478165,"PostPTME"
"395","45_44033","45","44033","1","9",4506040.93778305,-4310560.22478165,"0.835","0.33502538071066","0",4310560.22478165,"PrePTME"
"396","46_25671","46","25671","1","18",-3193959.06221695,989439.775218347,"1","0.684673366834171","0.315326633165829",989439.775218347,"PrePTME"
"397","45_26016","45","26016","0","18",-3193959.06221695,889439.775218347,"1","0.942176870748299","0.0578231292517007",889439.775218347,"PrePTME"
"398","41_47134","41","47134","3","6",4106040.93778305,-5210560.22478165,"0.181034482758621","0","0",5210560.22478165,"PrePTME"
"399","81_12167","81","12167","13","0",-8093959.06221695,4889439.77521835,"0","0.607594936708861","0",4889439.77521835,"PostPTME"
"400","48_22712","48","22712","1","12",11406040.9377831,1889439.77521835,"0","1","0",1889439.77521835,"PrePTME"
"401","48_29602","48","29602","1","13",10406040.9377831,-110560.224781653,"0.378676470588235","1","0",110560.224781653,"PrePTME"
"402","73_24354","73","24354","10.5","0",3106040.93778305,1389439.77521835,"1","0","0",1389439.77521835,"PostPTME"
"403","73_25044","73","25044","13","0",3106040.93778305,1189439.77521835,"0.150684931506849","0","0",1189439.77521835,"PostPTME"
"404","73_24700","73","24700","14","0",3206040.93778305,1289439.77521835,"0.872549019607843","0","0",1289439.77521835,"PostPTME"
"405","74_24700","74","24700","11","0",3206040.93778305,1289439.77521835,"0.617021276595745","0","0",1289439.77521835,"PostPTME"
"406","58_23242","58","23242","15","0",-4593959.06221695,1689439.77521835,"0","0.280701754385965","0",1689439.77521835,"PostPTME"
"407","50_24697","50","24697","13","0",2906040.93778305,1289439.77521835,"0.8","0.136363636363636","0",1289439.77521835,"PostPTME"
"408","43_27394","43","27394","1","18",-3393959.06221695,489439.775218347,"0.989539748953975","0.112462006079027","0",489439.775218347,"PrePTME"
"409","43_24631","43","24631","2","4",-3693959.06221695,1289439.77521835,"0.966666666666667","0","0",1289439.77521835,"PrePTME"
"410","42_27736","42","27736","0","12",-3693959.06221695,389439.775218347,"1","0","0",389439.775218347,"PrePTME"
"411","43_23941","43","23941","0","5",-3693959.06221695,1489439.77521835,"0.977272727272727","0","0",1489439.77521835,"PrePTME"
"412","47_20200","47","20200","6","2",1706040.93778305,2589439.77521835,"0.925925925925926","0","0.032258064516129",2589439.77521835,"PrePTME"
"413","46_25331","46","25331","10","3",-2693959.06221695,1089439.77521835,"1","0","0",1089439.77521835,"PrePTME"
"414","48_29257","48","29257","1","17",10406040.9377831,-10560.2247816529,"0.596363636363636","0.978947368421053","0",10560.2247816529,"PrePTME"
"415","47_20209","47","20209","4","6",2606040.93778305,2589439.77521835,"0.96969696969697","0","0",2589439.77521835,"PrePTME"
"416","47_46106","47","46106","0","18",4806040.93778305,-4910560.22478165,"0.49792531120332","0","0",4910560.22478165,"PrePTME"
"417","47_45760","47","45760","0","17",4706040.93778305,-4810560.22478165,"0.908523908523909","0","0",4810560.22478165,"PrePTME"
"418","44_55135","44","55135","1","12",10706040.9377831,-7510560.22478165,"0","0.72972972972973","0",7510560.22478165,"PrePTME"
"419","43_22561","43","22561","3","6",-3693959.06221695,1889439.77521835,"0.476190476190476","0","0",1889439.77521835,"PrePTME"
"420","49_29604","49","29604","11","1",10606040.9377831,-110560.224781653,"1","0","0",110560.224781653,"PostPTME"
"421","50_29259","50","29259","5","0",10606040.9377831,-10560.2247816529,"0.407407407407407","1","0",10560.2247816529,"PostPTME"
"422","48_28566","48","28566","1","16",10306040.9377831,189439.775218347,"0.661904761904762","0","0",189439.775218347,"PrePTME"
"423","73_12705","73","12705","4","0",11206040.9377831,4789439.77521835,"0","0","0",4789439.77521835,"PostPTME"
"424","48_29950","48","29950","1","15",10706040.9377831,-210560.224781653,"0.421641791044776","0.288135593220339","0",210560.224781653,"PrePTME"
"425","47_29953","47","29953","0","18",11006040.9377831,-210560.224781653,"0","0","0",210560.224781653,"PrePTME"
"426","52_26115","52","26115","8","0",6706040.93778305,889439.775218347,"0","1","0",889439.775218347,"PostPTME"
"427","74_35699","74","35699","7","0",-893959.062216949,-1910560.22478165,"1","0","0",1910560.22478165,"PostPTME"
"428","49_27187","49","27187","4","1",10406040.9377831,589439.775218347,"0.67741935483871","0.95","0",589439.775218347,"PostPTME"
"429","73_25045","73","25045","14","0",3206040.93778305,1189439.77521835,"0.788617886178862","0","0",1189439.77521835,"PostPTME"
"430","42_53764","42","53764","5","8",11606040.9377831,-7110560.22478165,"0","0","0",7110560.22478165,"PrePTME"
"431","41_54452","41","54452","5","5",11406040.9377831,-7310560.22478165,"0","0","0",7310560.22478165,"PrePTME"
"432","45_55476","45","55476","3","8",10306040.9377831,-7610560.22478165,"0","0","0",7610560.22478165,"PrePTME"
"433","47_53749","47","53749","0","12",10106040.9377831,-7110560.22478165,"0","0","0",7110560.22478165,"PrePTME"
"434","52_57518","52","57518","1","4",7506040.93778305,-8210560.22478165,"0","1","0",8210560.22478165,"PostPTME"
"435","50_22628","50","22628","7","0",3006040.93778305,1889439.77521835,"0.528846153846154","0","0",1889439.77521835,"PostPTME"
"436","73_35356","73","35356","6","0",-693959.062216949,-1810560.22478165,"1","0","0",1810560.22478165,"PostPTME"
"437","50_29949","50","29949","4","0",10606040.9377831,-210560.224781653,"0.518518518518518","1","0",210560.224781653,"PostPTME"
"438","41_53419","41","53419","3","5",11606040.9377831,-7010560.22478165,"0","0","0",7010560.22478165,"PrePTME"
"439","42_53421","42","53421","2","8",11806040.9377831,-7010560.22478165,"0.375","0.68421052631579","0",7010560.22478165,"PrePTME"
"440","42_54108","42","54108","0","7",11506040.9377831,-7210560.22478165,"0","0","0",7210560.22478165,"PrePTME"
"441","42_51350","42","51350","1","9",11706040.9377831,-6410560.22478165,"0","0","0",6410560.22478165,"PrePTME"
"442","91_17321","91","17321","18","0",-10193959.0622169,3389439.77521835,"0","0","0",3389439.77521835,"PostPTME"
"443","87_45788","87","45788","3","3",7506040.93778305,-4810560.22478165,"0","0.0645161290322581","0",4810560.22478165,"PostPTME"
"444","58_16399","58","16399","2","7",1106040.93778305,3689439.77521835,"1","1","0",3689439.77521835,"PostPTME"
"445","58_16400","58","16400","1","8",1206040.93778305,3689439.77521835,"1","0.693617021276596","0",3689439.77521835,"PostPTME"
"446","65_14684","65","14684","8","4",2106040.93778305,4189439.77521835,"1","0","0",4189439.77521835,"PostPTME"
"447","50_21874","50","21874","8","0",-3393959.06221695,2089439.77521835,"0.946428571428571","0.256410256410256","0",2089439.77521835,"PostPTME"
"448","50_21183","50","21183","4","2",-3493959.06221695,2289439.77521835,"0.88235294117647","0.970588235294118","0",2289439.77521835,"PostPTME"
"449","87_24948","87","24948","10","0",-6493959.06221695,1189439.77521835,"0","0.0357142857142857","0",1189439.77521835,"PostPTME"
"450","57_13289","57","13289","5","8",606040.937783051,4589439.77521835,"0.481481481481481","1","0",4589439.77521835,"PostPTME"
"451","38_30842","38","30842","3","11",-3593959.06221695,-510560.224781653,"0.410714285714286","0","0",510560.224781653,"PrePTME"
"452","38_29467","38","29467","5","7",-3093959.06221695,-110560.224781653,"0.762452107279693","0.103448275862069","0.000347415230683713",110560.224781653,"PrePTME"
"453","38_29122","38","29122","7","8",-3093959.06221695,-10560.2247816529,"0.929292929292929","0","0",10560.2247816529,"PrePTME"
"454","72_14616","72","14616","10","0",-4693959.06221695,4189439.77521835,"1","0","0",4189439.77521835,"PostPTME"
"455","47_54784","47","54784","1","8",10106040.9377831,-7410560.22478165,"0","0","0",7410560.22478165,"PrePTME"
"456","78_24711","78","24711","7","0",4306040.93778305,1289439.77521835,"1","0","0",1289439.77521835,"PostPTME"
"457","77_17786","77","17786","8","0",1806040.93778305,3289439.77521835,"1","0.530612244897959","0.255102040816327",3289439.77521835,"PostPTME"
"458","16_34630","16","34630","1","10",-4293959.06221695,-1610560.22478165,"0.311688311688312","1","0",1610560.22478165,"PrePTME"
"459","16_40832","16","40832","0","15",-5093959.06221695,-3410560.22478165,"1","0","0",3410560.22478165,"PrePTME"
"460","17_38763","17","38763","0","10",-4993959.06221695,-2810560.22478165,"1","0","0.68",2810560.22478165,"PrePTME"
"461","84_8025","84","8025","13","1",-8293959.06221695,6089439.77521835,"0.118421052631579","1","0",6089439.77521835,"PostPTME"
"462","15_37678","15","37678","3","11",-9993959.06221695,-2510560.22478165,"0.988505747126437","0","0.701754385964912",2510560.22478165,"PrePTME"
"463","15_38023","15","38023","2","11",-9993959.06221695,-2610560.22478165,"1","0","1",2610560.22478165,"PrePTME"
"464","3_26416","3","26416","1","6",2306040.93778305,789439.775218347,"0.96969696969697","0.0833333333333333","0",789439.775218347,"PrePTME"
"465","88_10190","88","10190","7","0",1206040.93778305,5489439.77521835,"0.105263157894737","0","0",5489439.77521835,"PostPTME"
"466","49_22976","49","22976","5","0",3306040.93778305,1789439.77521835,"0","0","0",1789439.77521835,"PostPTME"
"467","49_22631","49","22631","5","0",3306040.93778305,1889439.77521835,"0","0","0",1889439.77521835,"PostPTME"
"468","50_22285","50","22285","4","0",3206040.93778305,1989439.77521835,"0.685185185185185","0.277777777777778","0",1989439.77521835,"PostPTME"
"469","82_11560","82","11560","19","0",206040.937783051,5089439.77521835,"0","0","0",5089439.77521835,"PostPTME"
"470","77_11487","77","11487","12","0",-7093959.06221695,5089439.77521835,"0","0.238095238095238","0",5089439.77521835,"PostPTME"
"471","82_48906","82","48906","5","0",8806040.93778305,-5710560.22478165,"0","0","0",5710560.22478165,"PostPTME"
"472","51_22627","51","22627","8","2",2906040.93778305,1889439.77521835,"1","0","0",1889439.77521835,"PostPTME"
"473","88_8802","88","8802","18","0",406040.937783051,5889439.77521835,"0","1","0",5889439.77521835,"PostPTME"
"474","91_14214","91","14214","18","0",-10393959.0622169,4289439.77521835,"0","0.371012482662968","0",4289439.77521835,"PostPTME"
"475","90_14214","90","14214","14","1",-10393959.0622169,4289439.77521835,"0","0.14745308310992","0",4289439.77521835,"PostPTME"
"476","72_14265","72","14265","5","0",-5293959.06221695,4289439.77521835,"1","0","0",4289439.77521835,"PostPTME"
"477","77_14278","77","14278","12","0",-3993959.06221695,4289439.77521835,"0.225806451612903","0","0",4289439.77521835,"PostPTME"
"478","84_8713","84","8713","14","0",-8493959.06221695,5889439.77521835,"0.0602409638554217","0.707509881422925","0",5889439.77521835,"PostPTME"
"479","90_14215","90","14215","17","0",-10293959.0622169,4289439.77521835,"0","0.103235747303544","0",4289439.77521835,"PostPTME"
"480","79_11137","79","11137","11","0",-7593959.06221695,5189439.77521835,"0","0.0588235294117647","0",5189439.77521835,"PostPTME"
"481","90_13525","90","13525","12","0",-10293959.0622169,4489439.77521835,"0","0","0",4489439.77521835,"PostPTME"
"482","91_14559","91","14559","18","0",-10393959.0622169,4189439.77521835,"0.0227790432801822","0.141630901287554","0.00250375563345018",4189439.77521835,"PostPTME"
"483","82_14910","82","14910","16","0",-9793959.06221695,4089439.77521835,"0","0.0529715762273902","0",4089439.77521835,"PostPTME"
"484","82_14565","82","14565","7","0",-9793959.06221695,4189439.77521835,"0","0.0620525059665871","0",4189439.77521835,"PostPTME"
"485","82_14566","82","14566","14","0",-9693959.06221695,4189439.77521835,"0","0.00205128205128205","0",4189439.77521835,"PostPTME"
"486","49_29258","49","29258","6","2",10506040.9377831,-10560.2247816529,"1","0.00411522633744856","0",10560.2247816529,"PostPTME"
"487","57_46383","57","46383","12","2",-1993959.06221695,-5010560.22478165,"0","0","0",5010560.22478165,"PostPTME"
"488","91_14560","91","14560","18","0",-10293959.0622169,4189439.77521835,"0","0","0",4189439.77521835,"PostPTME"
"489","52_23660","52","23660","13","0",2706040.93778305,1589439.77521835,"1","0","0.317365269461078",1589439.77521835,"PostPTME"
"490","58_14344","58","14344","0","16",2606040.93778305,4289439.77521835,"1","0.826923076923077","0",4289439.77521835,"PostPTME"
"491","16_52971","16","52971","3","9",1306040.93778305,-6910560.22478165,"0.114035087719298","1","0",6910560.22478165,"PrePTME"
"492","52_23659","52","23659","1","10",2606040.93778305,1589439.77521835,"1","0","1",1589439.77521835,"PostPTME"
"493","16_39397","16","39397","2","4",-10593959.0622169,-3010560.22478165,"0.0934579439252336","0.019047619047619","0",3010560.22478165,"PrePTME"
"494","90_13180","90","13180","15","0",-10293959.0622169,4589439.77521835,"0","0","0",4589439.77521835,"PostPTME"
"495","77_11141","77","11141","13","0",-7193959.06221695,5189439.77521835,"0","0","0",5189439.77521835,"PostPTME"
"496","77_11833","77","11833","10","0",-6993959.06221695,4989439.77521835,"0","0.678571428571429","0",4989439.77521835,"PostPTME"
"497","91_14213","91","14213","17","0",-10493959.0622169,4289439.77521835,"0","0.0325732899022801","0",4289439.77521835,"PostPTME"
"498","87_13187","87","13187","8","0",-9593959.06221695,4589439.77521835,"0","0","0",4589439.77521835,"PostPTME"
"499","59_16745","59","16745","10","5",1206040.93778305,3589439.77521835,"1","0.839142091152815","0",3589439.77521835,"PostPTME"
"500","59_16054","59","16054","6","5",1106040.93778305,3789439.77521835,"1","0","0",3789439.77521835,"PostPTME"
"501","59_16055","59","16055","7","5",1206040.93778305,3789439.77521835,"1","0","0",3789439.77521835,"PostPTME"
"502","49_6739","49","6739","9","2",1106040.93778305,6489439.77521835,"0","1","0",6489439.77521835,"PostPTME"
"503","59_11568","59","11568","9","2",1006040.93778305,5089439.77521835,"0","1","0",5089439.77521835,"PostPTME"
"504","77_14666","77","14666","5","7",306040.937783051,4189439.77521835,"1","1","0",4189439.77521835,"PostPTME"
"505","59_11569","59","11569","3","0",1106040.93778305,5089439.77521835,"0","0.553763440860215","0",5089439.77521835,"PostPTME"
"506","74_9420","74","9420","8","0",-6793959.06221695,5689439.77521835,"0","0","0",5689439.77521835,"PostPTME"
"507","86_13188","86","13188","8","0",-9493959.06221695,4589439.77521835,"0","0","0",4589439.77521835,"PostPTME"
"508","87_14222","87","14222","14","0",-9593959.06221695,4289439.77521835,"0.103448275862069","0","0",4289439.77521835,"PostPTME"
"509","87_13531","87","13531","14","0",-9693959.06221695,4489439.77521835,"0","0","0",4489439.77521835,"PostPTME"
"510","80_11481","80","11481","8","0",-7693959.06221695,5089439.77521835,"0","0","0",5089439.77521835,"PostPTME"
"511","91_40819","91","40819","11","0",-6393959.06221695,-3410560.22478165,"0","0","0",3410560.22478165,"PostPTME"
"512","77_8728","77","8728","12","0",-6993959.06221695,5889439.77521835,"0","0","0",5889439.77521835,"PostPTME"
"513","58_16049","58","16049","11","0",606040.937783051,3789439.77521835,"1","0","0",3789439.77521835,"PostPTME"
"514","58_11228","58","11228","11","0",1506040.93778305,5189439.77521835,"0","0","0",5189439.77521835,"PostPTME"
"515","91_15249","91","15249","15","0",-10393959.0622169,3989439.77521835,"0","0","0",3989439.77521835,"PostPTME"
"516","58_14680","58","14680","2","9",1706040.93778305,4189439.77521835,"1","0","0",4189439.77521835,"PostPTME"
"517","20_38044","20","38044","0","12",-7893959.06221695,-2610560.22478165,"1","0","0.777777777777778",2610560.22478165,"PrePTME"
"518","35_25657","35","25657","2","4",-4593959.06221695,989439.775218347,"0","0.0638297872340425","0",989439.775218347,"PrePTME"
"519","48_25388","48","25388","8","6",3006040.93778305,1089439.77521835,"1","0.0689655172413793","0",1089439.77521835,"PrePTME"
"520","33_40482","33","40482","2","7",-5593959.06221695,-3310560.22478165,"0.971428571428571","0.0294117647058824","0",3310560.22478165,"PrePTME"
"521","34_36049","34","36049","4","10",-393959.062216949,-2010560.22478165,"1","0","1",2010560.22478165,"PrePTME"
"522","77_8398","77","8398","5","0",-5493959.06221695,5989439.77521835,"0","1","0",5989439.77521835,"PostPTME"
"523","89_12712","89","12712","7","2",11906040.9377831,4789439.77521835,"0","0","0",4789439.77521835,"PostPTME"
"524","91_14905","91","14905","16","0",-10293959.0622169,4089439.77521835,"0","0","0",4089439.77521835,"PostPTME"
"525","91_13867","91","13867","15","0",-10593959.0622169,4389439.77521835,"0","0","0",4389439.77521835,"PostPTME"
"526","13_25249","13","25249","0","11",-10893959.0622169,1089439.77521835,"1","0.72972972972973","0",1089439.77521835,"PrePTME"
"527","19_38067","19","38067","0","9",-5593959.06221695,-2610560.22478165,"0.024","1","0",2610560.22478165,"PrePTME"
"528","16_37670","16","37670","1","11",-10793959.0622169,-2510560.22478165,"1","0","0",2510560.22478165,"PrePTME"
"529","26_36314","26","36314","0","13",-8393959.06221695,-2110560.22478165,"1","1","0",2110560.22478165,"PrePTME"
"530","34_39801","34","39801","0","7",-4693959.06221695,-3110560.22478165,"0.0964912280701754","0","0.094017094017094",3110560.22478165,"PrePTME"
"531","16_22037","16","22037","0","13",12906040.9377831,2089439.77521835,"0.885167464114832","0.497607655502392","0",2089439.77521835,"PrePTME"
"532","34_39115","34","39115","0","8",-4293959.06221695,-2910560.22478165,"0.333333333333333","0.320388349514563","0",2910560.22478165,"PrePTME"
"533","29_38053","29","38053","0","7",-6993959.06221695,-2610560.22478165,"0.263157894736842","1","0",2610560.22478165,"PrePTME"
"534","34_38770","34","38770","0","9",-4293959.06221695,-2810560.22478165,"0.133333333333333","0","0",2810560.22478165,"PrePTME"
"535","18_44606","18","44606","0","3",-7193959.06221695,-4510560.22478165,"0","1","0",4510560.22478165,"PrePTME"
"536","18_42892","18","42892","0","13",-6093959.06221695,-4010560.22478165,"0","1","0",4010560.22478165,"PrePTME"
"537","26_29082","26","29082","0","7",-7093959.06221695,-10560.2247816529,"0.986813186813187","0.147252747252747","0.0681318681318681",10560.2247816529,"PrePTME"
"538","26_28741","26","28741","0","9",-6693959.06221695,89439.7752183471,"0.4375","0.142857142857143","0",89439.7752183471,"PrePTME"
"539","29_43932","29","43932","0","7",-5593959.06221695,-4310560.22478165,"1","0","1",4310560.22478165,"PrePTME"
"540","34_45505","34","45505","0","4",13706040.9377831,-4710560.22478165,"0","1","0",4710560.22478165,"PrePTME"
"541","19_38041","19","38041","0","12",-8193959.06221695,-2610560.22478165,"0.945578231292517","0.478723404255319","0.521276595744681",2610560.22478165,"PrePTME"
"542","34_35699","34","35699","0","13",-893959.062216949,-1910560.22478165,"1","0","0",1910560.22478165,"PrePTME"
"543","34_38425","34","38425","4","3",-4293959.06221695,-2710560.22478165,"1","0","0",2710560.22478165,"PrePTME"
"544","35_36018","35","36018","0","8",-3493959.06221695,-2010560.22478165,"1","0","0",2010560.22478165,"PrePTME"
"545","35_36363","35","36363","0","9",-3493959.06221695,-2110560.22478165,"1","0","0",2110560.22478165,"PrePTME"
"546","35_37054","35","37054","0","7",-3393959.06221695,-2310560.22478165,"1","0.333333333333333","0",2310560.22478165,"PrePTME"
"547","32_34603","32","34603","0","10",-6993959.06221695,-1610560.22478165,"0.222996515679443","0.951690821256039","0",1610560.22478165,"PrePTME"
"548","32_34260","32","34260","0","5",-6793959.06221695,-1510560.22478165,"0.794117647058823","0.0895522388059701","0.782608695652174",1510560.22478165,"PrePTME"
"549","33_33229","33","33229","0","9",-6393959.06221695,-1210560.22478165,"0.47887323943662","0.169014084507042","0",1210560.22478165,"PrePTME"
"550","16_45996","16","45996","0","8",-6193959.06221695,-4910560.22478165,"0","1","0",4910560.22478165,"PrePTME"
"551","17_43927","17","43927","0","8",-6093959.06221695,-4310560.22478165,"0","1","0",4310560.22478165,"PrePTME"
"552","33_39485","33","39485","0","7",-1793959.06221695,-3010560.22478165,"1","0","0",3010560.22478165,"PrePTME"
"553","29_44971","29","44971","1","12",-5193959.06221695,-4610560.22478165,"1","0.931034482758621","0.0636363636363636",4610560.22478165,"PrePTME"
"554","29_44625","29","44625","2","13",-5293959.06221695,-4510560.22478165,"1","0.857142857142857","0.0445344129554656",4510560.22478165,"PrePTME"
"555","29_45318","29","45318","0","9",-4993959.06221695,-4710560.22478165,"1","0.894409937888199","0",4710560.22478165,"PrePTME"
"556","3_29573","3","29573","0","6",7506040.93778305,-110560.224781653,"0.00840336134453781","0.65","0",110560.224781653,"PrePTME"
"557","16_36280","16","36280","0","13",-11793959.0622169,-2110560.22478165,"0.818181818181818","1","0",2110560.22478165,"PrePTME"
"558","18_35639","18","35639","0","10",-6893959.06221695,-1910560.22478165,"0.377551020408163","0.448979591836735","0",1910560.22478165,"PrePTME"
"559","21_38727","21","38727","0","10",-8593959.06221695,-2810560.22478165,"0.0925925925925926","0.880952380952381","0",2810560.22478165,"PrePTME"
"560","21_38725","21","38725","0","12",-8793959.06221695,-2810560.22478165,"0.072992700729927","1","0",2810560.22478165,"PrePTME"
"561","16_38358","16","38358","0","14",-10993959.0622169,-2710560.22478165,"1","0.635714285714286","0",2710560.22478165,"PrePTME"
"562","46_25672","46","25672","0","17",-3093959.06221695,989439.775218347,"0.984732824427481","0.198473282442748","0.786259541984733",989439.775218347,"PrePTME"
"563","17_37691","17","37691","0","11",-8693959.06221695,-2510560.22478165,"0.709090909090909","0","1",2510560.22478165,"PrePTME"
"564","20_38043","20","38043","0","12",-7993959.06221695,-2610560.22478165,"1","0","0.6",2610560.22478165,"PrePTME"
"565","17_38038","17","38038","0","15",-8493959.06221695,-2610560.22478165,"0.590909090909091","0.352941176470588","0.647058823529412",2610560.22478165,"PrePTME"
"566","20_38733","20","38733","0","13",-7993959.06221695,-2810560.22478165,"0.535714285714286","0.0769230769230769","0",2810560.22478165,"PrePTME"
"567","16_38034","16","38034","0","15",-8893959.06221695,-2610560.22478165,"0.743119266055046","1","0",2610560.22478165,"PrePTME"
"568","21_36992","21","36992","0","6",-9593959.06221695,-2310560.22478165,"1","1","0",2310560.22478165,"PrePTME"
"569","15_57106","15","57106","0","11",806040.937783051,-8110560.22478165,"0.3","0.217391304347826","0",8110560.22478165,"PrePTME"
"570","17_28540","17","28540","0","10",7706040.93778305,189439.775218347,"0.411764705882353","0","0",189439.775218347,"PrePTME"
"571","22_39067","22","39067","0","10",-9093959.06221695,-2910560.22478165,"0.425","1","0",2910560.22478165,"PrePTME"
"572","21_25625","21","25625","0","16",-7793959.06221695,989439.775218347,"1","1","0",989439.775218347,"PrePTME"
"573","22_24919","22","24919","0","17",-9393959.06221695,1189439.77521835,"1","1","0",1189439.77521835,"PrePTME"
"574","21_34280","21","34280","0","15",-4793959.06221695,-1510560.22478165,"1","1","0",1510560.22478165,"PrePTME"
"575","26_28396","26","28396","0","3",-6693959.06221695,189439.775218347,"0.96078431372549","0.990196078431373","0",189439.775218347,"PrePTME"
"576","26_43233","26","43233","1","9",-6493959.06221695,-4110560.22478165,"0.121212121212121","0.5","0",4110560.22478165,"PrePTME"
"577","26_42887","26","42887","0","9",-6593959.06221695,-4010560.22478165,"0.907608695652174","0.173913043478261","0",4010560.22478165,"PrePTME"
"578","22_39068","22","39068","0","11",-8993959.06221695,-2910560.22478165,"0.677685950413223","1","0",2910560.22478165,"PrePTME"
"579","18_28195","18","28195","0","8",7706040.93778305,289439.775218347,"0.372549019607843","0","0",289439.775218347,"PrePTME"
"580","16_32150","16","32150","0","12",-10793959.0622169,-910560.224781653,"0.973451327433628","1","0",910560.224781653,"PrePTME"
"581","15_23523","15","23523","0","10",-10993959.0622169,1589439.77521835,"1","1","0",1589439.77521835,"PrePTME"
"582","40_16450","40","16450","0","15",6206040.93778305,3689439.77521835,"1","0","0.283582089552239",3689439.77521835,"PrePTME"
"583","16_41179","16","41179","0","13",-4893959.06221695,-3510560.22478165,"0.681818181818182","0","0",3510560.22478165,"PrePTME"
"584","57_16065","57","16065","0","16",2206040.93778305,3789439.77521835,"1","1","0",3789439.77521835,"PostPTME"
"585","44_45109","44","45109","0","14",8606040.93778305,-4610560.22478165,"0.935185185185185","0.861702127659574","0",4610560.22478165,"PrePTME"
"586","44_40977","44","40977","0","16",9406040.93778305,-3410560.22478165,"1","1","0",3410560.22478165,"PrePTME"
"587","15_47719","15","47719","0","11",-6393959.06221695,-5410560.22478165,"0.25","1","0",5410560.22478165,"PrePTME"
"588","16_44961","16","44961","0","3",-6193959.06221695,-4610560.22478165,"0.0240963855421687","0.975903614457831","0.0240963855421687",4610560.22478165,"PrePTME"
"589","41_29460","41","29460","0","16",-3793959.06221695,-110560.224781653,"0.86","0","0.714285714285714",110560.224781653,"PrePTME"
"590","14_49445","14","49445","0","4",-6293959.06221695,-5910560.22478165,"0","1","0",5910560.22478165,"PrePTME"
"591","14_50135","14","50135","0","6",-6293959.06221695,-6110560.22478165,"0","1","0",6110560.22478165,"PrePTME"
"592","15_48065","15","48065","0","13",-6293959.06221695,-5510560.22478165,"0","0.608695652173913","0",5510560.22478165,"PrePTME"
"593","48_49558","48","49558","0","15",5006040.93778305,-5910560.22478165,"0.72972972972973","0","0",5910560.22478165,"PrePTME"
"594","41_37500","41","37500","0","7",6706040.93778305,-2410560.22478165,"1","0","0",2410560.22478165,"PrePTME"
"595","43_35427","43","35427","0","9",6406040.93778305,-1810560.22478165,"1","0","0",1810560.22478165,"PrePTME"
"596","45_32670","45","32670","0","10",6706040.93778305,-1010560.22478165,"1","0","0",1010560.22478165,"PrePTME"
"597","42_52683","42","52683","0","14",7006040.93778305,-6810560.22478165,"0.402298850574713","0","0",6810560.22478165,"PrePTME"
"598","48_28912","48","28912","0","12",10406040.9377831,89439.7752183471,"0.577981651376147","0","0",89439.7752183471,"PrePTME"
"599","47_27821","47","27821","0","13",4806040.93778305,389439.775218347,"0.764705882352941","1","0",389439.775218347,"PrePTME"
"600","32_43249","32","43249","1","9",-4893959.06221695,-4110560.22478165,"0","0","0",4110560.22478165,"PrePTME"
"601","31_43937","31","43937","0","8",-5093959.06221695,-4310560.22478165,"0","0.0476190476190476","0",4310560.22478165,"PrePTME"
"602","31_39482","31","39482","0","6",-2093959.06221695,-3010560.22478165,"0","0","0",3010560.22478165,"PrePTME"
"603","31_39481","31","39481","0","7",-2193959.06221695,-3010560.22478165,"0.837209302325581","0","0.268292682926829",3010560.22478165,"PrePTME"
"604","17_36980","17","36980","0","12",-10793959.0622169,-2310560.22478165,"1","0","0",2310560.22478165,"PrePTME"
"605","30_44275","30","44275","0","8",-5793959.06221695,-4410560.22478165,"0","1","0",4410560.22478165,"PrePTME"
"606","14_37352","14","37352","0","7",-8093959.06221695,-2410560.22478165,"0","0.178082191780822","0",2410560.22478165,"PrePTME"
"607","13_45324","13","45324","0","12",-4393959.06221695,-4710560.22478165,"0.819148936170213","0","0",4710560.22478165,"PrePTME"
"608","63_15028","63","15028","0","14",2006040.93778305,4089439.77521835,"1","0.666666666666667","0",4089439.77521835,"PostPTME"
"609","47_49902","47","49902","0","14",4906040.93778305,-6010560.22478165,"0.577319587628866","0","0",6010560.22478165,"PrePTME"
"610","13_45672","13","45672","0","12",-4093959.06221695,-4810560.22478165,"0.511111111111111","0","0.433628318584071",4810560.22478165,"PrePTME"
"611","13_45673","13","45673","0","15",-3993959.06221695,-4810560.22478165,"0.634730538922156","0","0.032967032967033",4810560.22478165,"PrePTME"
"612","33_39447","33","39447","3","10",-5593959.06221695,-3010560.22478165,"1","0","0",3010560.22478165,"PrePTME"
"613","33_40816","33","40816","0","17",-6693959.06221695,-3410560.22478165,"1","0","0",3410560.22478165,"PrePTME"
"614","14_31651","14","31651","0","6",8306040.93778305,-710560.224781653,"0","0","0",710560.224781653,"PrePTME"
"615","31_42259","31","42259","0","6",-393959.062216949,-3810560.22478165,"0.83625730994152","0","0",3810560.22478165,"PrePTME"
"616","33_31163","33","31163","0","8",-5993959.06221695,-610560.224781653,"1","0","0",610560.224781653,"PrePTME"
"617","14_49443","14","49443","0","5",-6493959.06221695,-5910560.22478165,"0.0918367346938776","0.0586206896551724","0",5910560.22478165,"PrePTME"
"618","20_40133","20","40133","0","8",-5993959.06221695,-3210560.22478165,"0","1","0",3210560.22478165,"PrePTME"
"619","15_36664","15","36664","0","17",-7893959.06221695,-2210560.22478165,"0.0289256198347107","0.497872340425532","0",2210560.22478165,"PrePTME"
"620","20_39068","20","39068","0","11",-8993959.06221695,-2910560.22478165,"0.273885350318471","1","0",2910560.22478165,"PrePTME"
"621","20_34582","20","34582","0","11",-9093959.06221695,-1610560.22478165,"1","0","0.970588235294118",1610560.22478165,"PrePTME"
"622","20_34928","20","34928","0","9",-8993959.06221695,-1710560.22478165,"1","0","1",1710560.22478165,"PrePTME"
"623","21_34587","21","34587","0","11",-8593959.06221695,-1610560.22478165,"1","0","1",1610560.22478165,"PrePTME"
"624","18_38418","18","38418","0","12",-4993959.06221695,-2710560.22478165,"1","0","0.2",2710560.22478165,"PrePTME"
"625","18_38417","18","38417","0","10",-5093959.06221695,-2710560.22478165,"1","0","1",2710560.22478165,"PrePTME"
"626","16_40488","16","40488","0","16",-4993959.06221695,-3310560.22478165,"1","0","0.4",3310560.22478165,"PrePTME"
"627","16_40144","16","40144","0","14",-4893959.06221695,-3210560.22478165,"1","0","0.846153846153846",3210560.22478165,"PrePTME"
"628","15_35392","15","35392","0","15",2906040.93778305,-1810560.22478165,"0.654901960784314","0.0392156862745098","0.654901960784314",1810560.22478165,"PrePTME"
"629","16_35599","16","35599","0","13",-10893959.0622169,-1910560.22478165,"0.5","0.555555555555556","0",1910560.22478165,"PrePTME"
"630","48_21633","48","21633","0","15",7006040.93778305,2189439.77521835,"1","0","1",2189439.77521835,"PrePTME"
"631","19_38720","19","38720","0","8",-9293959.06221695,-2810560.22478165,"0.888888888888889","0.878048780487805","0",2810560.22478165,"PrePTME"
"632","44_15390","44","15390","0","7",3706040.93778305,3989439.77521835,"0.214285714285714","0","0",3989439.77521835,"PrePTME"
"633","45_30579","45","30579","0","14",4606040.93778305,-410560.224781653,"1","0","0",410560.224781653,"PrePTME"
"634","46_29200","46","29200","0","15",4706040.93778305,-10560.2247816529,"1","0","0",10560.2247816529,"PrePTME"
"635","47_53750","47","53750","0","12",10206040.9377831,-7110560.22478165,"0","0","0",7110560.22478165,"PrePTME"
"636","47_52715","47","52715","0","11",10206040.9377831,-6810560.22478165,"0","0","0",6810560.22478165,"PrePTME"
"637","47_52716","47","52716","0","11",10306040.9377831,-6810560.22478165,"0","0","0",6810560.22478165,"PrePTME"
"638","47_53747","47","53747","0","9",9906040.93778305,-7110560.22478165,"0","0.0352941176470588","0",7110560.22478165,"PrePTME"
"639","30_42256","30","42256","1","7",-693959.062216949,-3810560.22478165,"0","0","0",3810560.22478165,"PrePTME"
"640","16_39398","16","39398","1","6",-10493959.0622169,-3010560.22478165,"0.844086021505376","0.403225806451613","0",3010560.22478165,"PrePTME"
"641","47_53746","47","53746","0","7",9806040.93778305,-7110560.22478165,"0.0434782608695652","0.105263157894737","0",7110560.22478165,"PrePTME"
"642","48_29255","48","29255","4","11",10206040.9377831,-10560.2247816529,"0.571984435797665","0","0",10560.2247816529,"PrePTME"
"643","45_56163","45","56163","0","7",10006040.9377831,-7810560.22478165,"0","0","0",7810560.22478165,"PrePTME"
"644","47_54091","47","54091","0","8",9806040.93778305,-7210560.22478165,"0","0.194444444444444","0",7210560.22478165,"PrePTME"
"645","43_54451","43","54451","0","8",11306040.9377831,-7310560.22478165,"0","0.153846153846154","0",7310560.22478165,"PrePTME"
"646","15_37677","15","37677","0","5",-10093959.0622169,-2510560.22478165,"1","0.05","0",2510560.22478165,"PrePTME"
"647","47_54094","47","54094","0","10",10106040.9377831,-7210560.22478165,"0","0","0",7210560.22478165,"PrePTME"
"648","45_34015","45","34015","0","13",3206040.93778305,-1410560.22478165,"1","0","0",1410560.22478165,"PrePTME"
"649","46_32980","46","32980","0","10",3206040.93778305,-1110560.22478165,"1","0","0",1110560.22478165,"PrePTME"
"650","47_15024","47","15024","0","14",1606040.93778305,4089439.77521835,"0.733333333333333","1","0",4089439.77521835,"PrePTME"
"651","58_14342","58","14342","0","12",2406040.93778305,4289439.77521835,"1","0.826923076923077","0",4289439.77521835,"PostPTME"
"652","58_14343","58","14343","0","15",2506040.93778305,4289439.77521835,"1","0.516666666666667","0",4289439.77521835,"PostPTME"
"653","58_15018","58","15018","0","5",1006040.93778305,4089439.77521835,"1","1","0",4089439.77521835,"PostPTME"
"654","16_29571","16","29571","0","12",7306040.93778305,-110560.224781653,"0","0.98876404494382","0",110560.224781653,"PrePTME"
"655","58_16401","58","16401","0","11",1306040.93778305,3689439.77521835,"1","1","0",3689439.77521835,"PostPTME"
"656","58_15709","58","15709","0","9",1106040.93778305,3889439.77521835,"1","0.954545454545455","0",3889439.77521835,"PostPTME"
"657","40_22975","40","22975","0","13",3206040.93778305,1789439.77521835,"1","0","0",1789439.77521835,"PrePTME"
"658","57_14684","57","14684","0","16",2106040.93778305,4189439.77521835,"1","0.96969696969697","1",4189439.77521835,"PostPTME"
"659","40_42217","40","42217","0","11",-4593959.06221695,-3810560.22478165,"0.723021582733813","1","0",3810560.22478165,"PrePTME"
"660","22_37375","22","37375","0","7",-5793959.06221695,-2410560.22478165,"1","0","0",2410560.22478165,"PrePTME"
"661","59_54402","59","54402","0","5",6406040.93778305,-7310560.22478165,"0","0","0",7310560.22478165,"PostPTME"
"662","64_15025","64","15025","6","6",1706040.93778305,4089439.77521835,"1","0","1",4089439.77521835,"PostPTME"
"663","65_12959","65","12959","1","1",2106040.93778305,4689439.77521835,"1","0","1",4689439.77521835,"PostPTME"
"664","59_17094","59","17094","0","7",1606040.93778305,3489439.77521835,"1","1","0",3489439.77521835,"PostPTME"
"665","33_38413","33","38413","0","7",-5493959.06221695,-2710560.22478165,"1","0","0",2710560.22478165,"PrePTME"
"666","82_14954","82","14954","6","4",-5393959.06221695,4089439.77521835,"1","1","0",4089439.77521835,"PostPTME"
"667","59_16396","59","16396","0","9",806040.937783051,3689439.77521835,"1","1","0",3689439.77521835,"PostPTME"
"668","18_29867","18","29867","0","8",2406040.93778305,-210560.224781653,"1","0","0",210560.224781653,"PrePTME"
"669","88_10193","88","10193","0","8",1506040.93778305,5489439.77521835,"0.5","0","0",5489439.77521835,"PostPTME"
"670","86_12246","86","12246","1","7",-193959.062216949,4889439.77521835,"0.636363636363636","0.0357142857142857","0.392857142857143",4889439.77521835,"PostPTME"
"671","64_15026","64","15026","10","7",1806040.93778305,4089439.77521835,"1","0.545454545454545","0.151515151515152",4089439.77521835,"PostPTME"
"672","73_10531","73","10531","2","6",806040.937783051,5389439.77521835,"0","1","0",5389439.77521835,"PostPTME"
"673","57_15720","57","15720","0","17",2206040.93778305,3889439.77521835,"1","1","0",3889439.77521835,"PostPTME"
"674","17_33596","17","33596","0","9",-4193959.06221695,-1310560.22478165,"0.238938053097345","0.76","0",1310560.22478165,"PrePTME"
"675","58_15023","58","15023","0","8",1506040.93778305,4089439.77521835,"1","0","0",4089439.77521835,"PostPTME"
"676","19_38386","19","38386","0","8",-8193959.06221695,-2710560.22478165,"0.991869918699187","0.428571428571429","0.571428571428571",2710560.22478165,"PrePTME"
"677","17_37692","17","37692","0","11",-8593959.06221695,-2510560.22478165,"0.558823529411765","0","1",2510560.22478165,"PrePTME"
"678","16_40833","16","40833","0","14.5",-4993959.06221695,-3410560.22478165,"1","0","0",3410560.22478165,"PrePTME"
"679","58_16402","58","16402","0","9",1406040.93778305,3689439.77521835,"1","0.233333333333333","0",3689439.77521835,"PostPTME"
"680","58_15368","58","15368","0","8",1506040.93778305,3989439.77521835,"1","0.0869565217391304","0",3989439.77521835,"PostPTME"
"681","58_15367","58","15367","0","8",1406040.93778305,3989439.77521835,"1","0.0136986301369863","0",3989439.77521835,"PostPTME"
"682","58_16056","58","16056","0","7",1306040.93778305,3789439.77521835,"1","0.6","0",3789439.77521835,"PostPTME"
"683","58_15025","58","15025","0","9",1706040.93778305,4089439.77521835,"1","0.203125","0",4089439.77521835,"PostPTME"
"684","59_16058","59","16058","0","10",1506040.93778305,3789439.77521835,"1","1","0",3789439.77521835,"PostPTME"
"685","59_16057","59","16057","0","9",1406040.93778305,3789439.77521835,"1","1","0",3789439.77521835,"PostPTME"
"686","59_16403","59","16403","0","12",1506040.93778305,3689439.77521835,"1","1","0",3689439.77521835,"PostPTME"
"687","15_42215","15","42215","0","13",-4793959.06221695,-3810560.22478165,"0.597014925373134","0","0",3810560.22478165,"PrePTME"
"688","59_15714","59","15714","0","9",1606040.93778305,3889439.77521835,"1","1","0",3889439.77521835,"PostPTME"
"689","59_15372","59","15372","3","2",1906040.93778305,3989439.77521835,"1","1","0",3989439.77521835,"PostPTME"
"690","16_41523","16","41523","0","10",-4993959.06221695,-3610560.22478165,"0.933333333333333","1","0",3610560.22478165,"PrePTME"
"691","16_40834","16","40834","0","15",-4893959.06221695,-3410560.22478165,"0.940740740740741","1","0",3410560.22478165,"PrePTME"
"692","16_40487","16","40487","0","14",-5093959.06221695,-3310560.22478165,"0.975609756097561","0","0.272727272727273",3310560.22478165,"PrePTME"
"693","82_13297","82","13297","0","4",1406040.93778305,4589439.77521835,"1","0.35","0",4589439.77521835,"PostPTME"
"694","16_32628","16","32628","0","10",2506040.93778305,-1010560.22478165,"0","0","0",1010560.22478165,"PrePTME"
"695","26_42868","26","42868","0","12",-8493959.06221695,-4010560.22478165,"1","1","0",4010560.22478165,"PrePTME"
"696","15_38356","15","38356","0","15",-11193959.0622169,-2710560.22478165,"0.985507246376812","1","0",2710560.22478165,"PrePTME"
"697","13_45670","13","45670","0","14",-4293959.06221695,-4810560.22478165,"0.988372093023256","0","0",4810560.22478165,"PrePTME"
"698","14_38158","14","38158","0","15",3506040.93778305,-2610560.22478165,"0.475177304964539","0","0",2610560.22478165,"PrePTME"
"699","13_46018","13","46018","0","11",-3993959.06221695,-4910560.22478165,"0.993723849372385","0","0",4910560.22478165,"PrePTME"
"700","59_19508","59","19508","0","7",1506040.93778305,2789439.77521835,"1","1","0",2789439.77521835,"PostPTME"
"701","20_35984","20","35984","0","3",-6893959.06221695,-2010560.22478165,"0.333333333333333","1","0",2010560.22478165,"PrePTME"
"702","16_39051","16","39051","2","6",-10693959.0622169,-2910560.22478165,"0.172413793103448","0.6","0",2910560.22478165,"PrePTME"
"703","16_47037","16","47037","0","11",-5593959.06221695,-5210560.22478165,"0","1","0",5210560.22478165,"PrePTME"
"704","16_47382","16","47382","0","12",-5593959.06221695,-5310560.22478165,"0","1","0",5310560.22478165,"PrePTME"
"705","15_38359","15","38359","0","7",-10893959.0622169,-2710560.22478165,"1","0.888","0",2710560.22478165,"PrePTME"
"706","16_29572","16","29572","0","9",7406040.93778305,-110560.224781653,"0.423728813559322","0.05","0.218390804597701",110560.224781653,"PrePTME"
"707","89_11220","89","11220","0","9",706040.937783051,5189439.77521835,"0","1","0",5189439.77521835,"PostPTME"
"708","91_12951","91","12951","0","10",1306040.93778305,4689439.77521835,"0.361111111111111","0.739130434782609","0",4689439.77521835,"PostPTME"
"709","13_26306","13","26306","0","12",-8693959.06221695,789439.775218347,"1","0","0",789439.775218347,"PrePTME"
"710","14_26648","14","26648","0","10",-8993959.06221695,689439.775218347,"1","0","0",689439.775218347,"PrePTME"
"711","91_17884","91","17884","0","11",11606040.9377831,3289439.77521835,"0.914285714285714","0","0.2",3289439.77521835,"PostPTME"
"712","14_44979","14","44979","0","8",-4393959.06221695,-4610560.22478165,"0.888888888888889","0","0",4610560.22478165,"PrePTME"
"713","17_20611","17","20611","0","4",8306040.93778305,2489439.77521835,"0","0","0",2489439.77521835,"PrePTME"
"714","17_27860","17","27860","0","11",8706040.93778305,389439.775218347,"0","0","0",389439.775218347,"PrePTME"
"715","18_31877","18","31877","0","12",-3593959.06221695,-810560.224781653,"1","0","0",810560.224781653,"PrePTME"
"716","89_13970","89","13970","4","4",-293959.062216949,4389439.77521835,"1","0","0.0666666666666667",4389439.77521835,"PostPTME"
"717","16_36321","16","36321","0","13",-7693959.06221695,-2110560.22478165,"0","0","0",2110560.22478165,"PrePTME"
"718","15_27413","15","27413","0","8",-1493959.06221695,489439.775218347,"0.0534351145038168","0","0",489439.775218347,"PrePTME"
"719","16_25344","16","25344","0","7",-1393959.06221695,1089439.77521835,"0.0235294117647059","0","0",1089439.77521835,"PrePTME"
"720","85_9150","85","9150","0","10",706040.937783051,5789439.77521835,"0","0","0",5789439.77521835,"PostPTME"
"721","62_17034","62","17034","7","1",-4393959.06221695,3489439.77521835,"0.977272727272727","0","0",3489439.77521835,"PostPTME"
"722","29_39133","29","39133","0","3",-2493959.06221695,-2910560.22478165,"0","0","1",2910560.22478165,"PrePTME"
"723","78_27822","78","27822","5","0",4906040.93778305,389439.775218347,"0.205882352941176","0.0588235294117647","0.352941176470588",389439.775218347,"PostPTME"
"724","89_13182","89","13182","14","0",-10093959.0622169,4589439.77521835,"0","0.585365853658537","0",4589439.77521835,"PostPTME"
"725","90_11799","90","11799","7","0",-10393959.0622169,4989439.77521835,"0","1","0",4989439.77521835,"PostPTME"
"726","72_13238","72","13238","5","0",-4493959.06221695,4589439.77521835,"1","0","0",4589439.77521835,"PostPTME"
"727","38_31186","38","31186","2","8",-3693959.06221695,-610560.224781653,"0.65","0","0",610560.224781653,"PrePTME"
"728","16_35944","16","35944","3","4",-10893959.0622169,-2010560.22478165,"1","0","0",2010560.22478165,"PrePTME"
"729","80_13908","80","13908","8","0",-6493959.06221695,4389439.77521835,"0","0.0625","0",4389439.77521835,"PostPTME"
"730","74_14327","74","14327","6","0",906040.937783051,4289439.77521835,"1","0","0",4289439.77521835,"PostPTME"
"731","74_7875","74","7875","5","0",11206040.9377831,6189439.77521835,"0","0","0",6189439.77521835,"PostPTME"
"732","16_37667","16","37667","0","9",-11093959.0622169,-2510560.22478165,"0.5","0.5","0",2510560.22478165,"PrePTME"
"733","22_39754","22","39754","0","11",-9393959.06221695,-3110560.22478165,"1","1","0",3110560.22478165,"PrePTME"
"734","15_38701","15","38701","0","14",-11193959.0622169,-2810560.22478165,"0.751515151515151","0.770588235294118","0",2810560.22478165,"PrePTME"
"735","87_4897","87","4897","4","0",-10593959.0622169,6989439.77521835,"0","1","0",6989439.77521835,"PostPTME"
"736","89_14215","89","14215","10","0",-10293959.0622169,4289439.77521835,"0","0","0",4289439.77521835,"PostPTME"
"737","39_26008","39","26008","2","10",-3993959.06221695,889439.775218347,"0.897196261682243","0","0",889439.775218347,"PrePTME"
"738","89_12366","89","12366","9","1",11806040.9377831,4889439.77521835,"0","0","0",4889439.77521835,"PostPTME"
"739","30_44626","30","44626","3","12",-5193959.06221695,-4510560.22478165,"1","0","0",4510560.22478165,"PrePTME"
"740","30_44625","30","44625","0","11",-5293959.06221695,-4510560.22478165,"1","0","0",4510560.22478165,"PrePTME"
"741","86_48678","86","48678","2","10",-13993959.0622169,-5710560.22478165,"0.0181818181818182","0","0",5710560.22478165,"PostPTME"
"742","81_54291","81","54291","11","0",-4693959.06221695,-7310560.22478165,"0","0","0",7310560.22478165,"PostPTME"
"743","81_15637","81","15637","7","0",-6093959.06221695,3889439.77521835,"0","0","0",3889439.77521835,"PostPTME"
"744","44_19454","44","19454","1","11",-3893959.06221695,2789439.77521835,"0.209876543209877","1","0",2789439.77521835,"PrePTME"
"745","77_19864","77","19864","3","0",2606040.93778305,2689439.77521835,"1","0","0",2689439.77521835,"PostPTME"
"746","81_12509","81","12509","11","0",-8393959.06221695,4789439.77521835,"0","1","0",4789439.77521835,"PostPTME"
"747","89_12146","89","12146","11","0",-10193959.0622169,4889439.77521835,"0","0","0",4889439.77521835,"PostPTME"
"748","84_8370","84","8370","15","0",-8293959.06221695,5989439.77521835,"0","1","0",5989439.77521835,"PostPTME"
"749","48_29600","48","29600","7","0",10206040.9377831,-110560.224781653,"0","0","0",110560.224781653,"PrePTME"
"750","77_13194","77","13194","9","0",-8893959.06221695,4589439.77521835,"0","0","0",4589439.77521835,"PostPTME"
"751","24_37032","24","37032","0","13",-5593959.06221695,-2310560.22478165,"0","0.875912408759124","0",2310560.22478165,"PrePTME"
"752","18_33597","18","33597","0","6",-4093959.06221695,-1310560.22478165,"0","1","0",1310560.22478165,"PrePTME"
"753","57_15030","57","15030","0","11",2206040.93778305,4089439.77521835,"1","1","0",4089439.77521835,"PostPTME"
"754","57_15719","57","15719","0","14",2106040.93778305,3889439.77521835,"1","1","0",3889439.77521835,"PostPTME"
"755","15_34562","15","34562","2","8",-11093959.0622169,-1610560.22478165,"1","0","0",1610560.22478165,"PrePTME"
"756","26_44257","26","44257","0","14",-7593959.06221695,-4410560.22478165,"0","1","0",4410560.22478165,"PrePTME"
"757","15_34701","15","34701","0","8",2806040.93778305,-1610560.22478165,"0.0970873786407767","0","0",1610560.22478165,"PrePTME"
"758","19_37382","19","37382","0","11",-5093959.06221695,-2410560.22478165,"1","0","0.96",2410560.22478165,"PrePTME"
"759","24_39422","24","39422","2","2",-8093959.06221695,-3010560.22478165,"1","0","0",3010560.22478165,"PrePTME"
"760","34_39457","34","39457","6","11",-4593959.06221695,-3010560.22478165,"0","1","0",3010560.22478165,"PrePTME"
"761","35_36012","35","36012","6","0",-4093959.06221695,-2010560.22478165,"1","0","0",2010560.22478165,"PrePTME"
"762","22_38721","22","38721","0","11",-9193959.06221695,-2810560.22478165,"1","1","0",2810560.22478165,"PrePTME"
"763","35_35320","35","35320","0","7",-4293959.06221695,-1810560.22478165,"1","0","0",1810560.22478165,"PrePTME"
"764","24_34960","24","34960","0","3",-5793959.06221695,-1710560.22478165,"1","1","0",1710560.22478165,"PrePTME"
