"","512","478","464","452","444.5","441","436","430.5","425.5","421","413.5","397.5","385","377.5","365.5","352.5","338.5","323","309.5","301","294.5","282","270","265.5","262","257","253","249.5","245","239.5","232","217.5","205","197","188.5","179.5","171.5","167","163.5","158","152","147.1","142.4","130.6","117.2","106.75","97.2","91.85","86.7","77.85","69.05","63.8","58.8","51.9","42.75","35.85","30.85","24.15","18.2","13.8","8.5","4.47","3.09","1.675","0.395"
"sQ1_r1_oTh1_oTy1",0,0,0,0,0,0,0,0,0,0,0,0,0,0,0,0,0,0,0,0,0,0,0,0,0,0,0,0,0,0,0,0,0,0,0,0,0,0,0,0,0,0,0,0,0,0,0,0,0,0,0,0,0,0,0,0,0,0,0,0,0,0,0,0,0
"sQ2_r1_oTh1_oTy1",0,0,0,0,0,0,0,0,0,0,0,0,0,0,0,0,0,0,0,0,0,0,0,0,0,0,0,0,0,0,0,0,0,0,0,0,0,0,0,0,0,0,0,0,0,0,0,0,0,0,0,0,0,0,0,0,0,0,0,0,0,0,0,0,0
"sQ3_r1_oTh1_oTy1",0,0,0,0,0,0,0,0,0,0,0,0,0,0,0,0,0,0,0,0,0,0,0,0,0,0,0,0,0,0,0,0,0,0,0,0,0,0,0,0,0,0,0,0,0,0,0,0,0,0,0,0,0,0,0,0,0,0,0,0,0,0,0,0,0
"sQ4_r1_oTh1_oTy1",0,0,0,0,0,0,0,0,0,0,0,0,0,0,0,0,0,0,0,0,0,0,0,0,0,0,0,0,0,0,0,0,0,0,0,0,0,0,0,0,0,0,0,0,0,0,0,0,0,0,0,0,0,0,0,0,0,0,0,0,0,0,0,0,0
"sQ5_r1_oTh1_oTy1",0,0,0,0,0,0,0,0,0,0,0,0,0,0,0,0,0,0,0,0,0,0,0,0,0,0,0,0,0,0,0,0,0,0,0,0,0,0,0,0,0,0,0,0,0,0,0,0,0,0,0,0,0,0,0,0,0,0,0,0,0,0,0,0,0
"sQ1_r2_oTh1_oTy1",0,0,0,7,3,4,0,3,0,0,0,0,2,2,0,0,0,0,0,3,8,4,2,4,2,10,7,6,6,3,2,2,5,4,0,8,4,2,2,3,2,0,0,3,0,2,3,4,6,2,5,2,0,4,6,4,4,2,2,4,3,4,4,3,0
"sQ2_r2_oTh1_oTy1",0,0,0,3,0,0,0,0,0,0,0,0,2,0,0,0,0,0,0,0,2,0,0,0,0,2,2,4,3,0,0,0,0,3,0,3,0,2,0,2,0,0,0,1,0,0,0,0,2,0,2,0,1,0,2,2,0,0,0,0,0,0,0,0,0
"sQ3_r2_oTh1_oTy1",0,0,0,2,0,0,0,0,0,0,0,0,0,0,0,0,0,0,0,0,0,1,0,0,0,0,0,2,0,0,0,0,0,0,0,2,0,0,0,0,0,0,0,0,0,0,0,0,0,0,0,0,0,0,2,0,0,0,0,1,0,0,0,0,0
"sQ4_r2_oTh1_oTy1",0,0,0,0,0,0,0,0,0,0,0,0,0,0,0,0,0,0,0,0,0,0,0,0,0,0,1,0,0,0,0,0,0,0,0,0,0,0,1,0,0,0,0,0,0,0,0,0,0,0,0,0,0,0,0,0,0,0,0,0,0,0,0,0,0
"sQ5_r2_oTh1_oTy1",0,0,0,0,0,0,0,0,0,0,0,0,0,0,0,0,0,0,0,0,0,0,0,0,0,0,0,0,0,0,0,0,0,0,0,0,0,0,0,0,0,0,0,0,0,0,0,0,0,0,0,0,0,0,0,0,0,0,0,0,0,0,0,0,0
"sQ1_r3_oTh1_oTy1",1,0,0,4,2,3,0,2,0,0,0,0,0,2,2,2,0,0,0,2,6,4,2,4,4,6,5,6,4,3,0,3,3,3,0,6,4,0,0,2,2,2,0,2,0,2,3,4,5,3,5,2,0,3,3,2,3,2,0,3,4,4,3,2,0
"sQ2_r3_oTh1_oTy1",0,0,0,2,0,0,0,0,0,0,0,0,0,1,0,1,0,0,0,0,3,2,0,0,0,5,4,3,3,0,0,0,2,2,0,3,0,0,0,0,0,0,0,2,0,0,2,0,2,0,3,0,0,2,3,2,0,0,0,0,0,1,0,0,0
"sQ3_r3_oTh1_oTy1",0,0,0,2,0,0,0,0,0,0,0,1,0,0,0,0,0,0,0,0,0,0,0,0,0,2,0,3,3,0,1,0,0,0,0,2,0,0,0,0,0,0,0,0,0,0,0,0,0,0,0,0,0,0,2,0,0,0,0,0,0,0,1,0,0
"sQ4_r3_oTh1_oTy1",0,0,0,2,1,0,0,0,0,0,0,0,0,0,0,0,0,0,0,0,0,0,0,0,0,0,0,0,0,0,0,0,0,0,0,0,0,0,0,0,0,0,0,0,0,0,0,0,0,0,0,0,0,0,0,0,0,0,0,0,0,0,0,0,0
"sQ5_r3_oTh1_oTy1",0,0,0,0,0,0,0,0,0,0,0,0,0,0,0,0,0,0,0,0,0,0,0,0,0,0,0,0,0,0,0,0,0,1,0,0,0,0,0,0,0,0,0,0,0,0,0,0,0,0,1,0,0,0,0,0,0,0,0,0,0,0,0,0,0
"sQ1_r4_oTh1_oTy1",2,0,0,4,3,2,0,2,0,0,0,0,0,0,0,0,2,0,2,2,6,5,2,4,4,5,5,5,4,2,2,2,2,2,0,4,2,0,2,3,2,2,2,2,0,2,3,3,4,3,2,2,0,2,4,3,2,3,2,3,7,3,3,2,0
"sQ2_r4_oTh1_oTy1",0,0,0,3,0,2,0,2,0,0,0,0,0,0,0,0,0,0,1,0,4,3,0,0,1,5,4,4,2,0,0,2,0,0,0,2,2,0,0,0,0,0,0,2,0,2,0,0,2,2,2,2,0,2,2,2,0,0,0,2,2,0,2,0,0
"sQ3_r4_oTh1_oTy1",0,0,0,3,0,0,0,0,0,0,0,0,0,0,0,1,0,0,0,0,2,0,0,0,0,4,0,3,2,0,0,0,0,0,0,2,0,0,0,0,0,0,0,0,0,0,0,0,2,0,2,0,1,0,2,2,0,0,0,0,0,1,0,0,0
"sQ4_r4_oTh1_oTy1",0,0,0,3,0,0,0,0,0,0,0,0,0,0,0,0,0,0,0,0,0,0,0,0,0,2,0,0,0,0,0,0,0,0,0,2,0,0,0,0,0,1,0,0,0,0,0,0,0,0,2,0,0,0,2,0,0,0,0,0,0,0,0,0,0
"sQ5_r4_oTh1_oTy1",0,0,0,2,0,0,0,0,0,0,0,0,0,0,0,0,0,0,0,0,0,0,0,0,0,0,0,0,0,0,0,0,0,0,0,0,0,0,0,0,0,0,0,0,0,0,0,0,0,0,0,0,0,0,0,0,0,0,0,0,0,0,0,0,0
"sQ1_r1_oTh2_oTy1",0,0,0,0,0,0,0,0,0,0,0,0,0,0,0,0,0,0,0,0,0,0,0,0,0,0,0,0,0,0,0,0,0,0,0,0,0,0,0,0,0,0,0,0,0,0,0,0,0,0,0,0,0,0,0,0,0,0,0,0,0,0,0,0,0
"sQ2_r1_oTh2_oTy1",0,0,0,0,0,0,0,0,0,0,0,0,0,0,0,0,0,0,0,0,0,0,0,0,0,0,0,0,0,0,0,0,0,0,0,0,0,0,0,0,0,0,0,0,0,0,0,0,0,0,0,0,0,0,0,0,0,0,0,0,0,0,0,0,0
"sQ3_r1_oTh2_oTy1",0,0,0,0,0,0,0,0,0,0,0,0,0,0,0,0,0,0,0,0,0,0,0,0,0,0,0,0,0,0,0,0,0,0,0,0,0,0,0,0,0,0,0,0,0,0,0,0,0,0,0,0,0,0,0,0,0,0,0,0,0,0,0,0,0
"sQ4_r1_oTh2_oTy1",0,0,0,0,0,0,0,0,0,0,0,0,0,0,0,0,0,0,0,0,0,0,0,0,0,0,0,0,0,0,0,0,0,0,0,0,0,0,0,0,0,0,0,0,0,0,0,0,0,0,0,0,0,0,0,0,0,0,0,0,0,0,0,0,0
"sQ5_r1_oTh2_oTy1",0,0,0,0,0,0,0,0,0,0,0,0,0,0,0,0,0,0,0,0,0,0,0,0,0,0,0,0,0,0,0,0,0,0,0,0,0,0,0,0,0,0,0,0,0,0,0,0,0,0,0,0,0,0,0,0,0,0,0,0,0,0,0,0,0
"sQ1_r2_oTh2_oTy1",0,0,0,8,4,4,0,4,0,2,0,0,3,2,0,0,0,0,0,3,10,5,2,4,2,12,8,7,7,4,3,2,6,5,2,8,5,2,2,4,3,0,0,4,0,2,5,4,7,3,6,2,0,4,7,5,4,2,3,5,3,4,5,3,0
"sQ2_r2_oTh2_oTy1",0,0,0,4,0,0,0,2,0,0,0,0,2,0,0,0,0,0,0,0,2,2,0,0,0,4,2,5,4,0,0,0,0,3,0,4,2,2,2,3,0,0,0,1,0,0,0,0,2,0,3,0,1,0,3,2,0,0,0,2,0,0,0,0,0
"sQ3_r2_oTh2_oTy1",0,0,0,3,0,0,0,0,0,0,0,0,0,0,0,0,0,0,0,0,0,1,0,0,0,0,2,2,0,0,0,0,0,0,0,3,0,2,2,0,0,0,0,0,0,0,0,0,0,0,0,0,0,0,2,0,0,0,0,1,0,0,0,0,0
"sQ4_r2_oTh2_oTy1",0,0,0,0,0,0,0,0,0,0,0,0,0,0,0,0,0,0,0,0,0,0,0,0,0,0,1,0,0,0,0,0,0,0,0,2,0,0,1,0,0,0,0,0,0,0,0,0,0,0,0,0,0,0,0,0,0,0,0,0,0,0,0,0,0
"sQ5_r2_oTh2_oTy1",0,0,0,0,0,0,0,0,0,0,0,0,0,0,0,0,0,0,0,0,0,0,0,0,0,0,0,0,0,0,0,0,0,0,0,0,0,0,0,0,0,0,0,0,0,0,0,0,0,0,0,0,0,0,0,0,0,0,0,0,0,0,0,0,0
"sQ1_r3_oTh2_oTy1",1,0,2,6,4,3,0,3,0,0,0,2,2,3,2,4,0,0,0,2,8,4,2,5,4,9,6,6,5,3,2,3,4,4,0,7,5,2,2,4,4,3,0,3,2,3,5,4,6,4,7,4,0,4,6,4,3,3,2,4,7,6,5,3,0
"sQ2_r3_oTh2_oTy1",0,0,0,3,2,0,0,2,0,0,0,0,2,1,0,1,0,0,0,0,3,2,0,0,0,6,5,4,3,0,0,0,2,3,0,5,2,2,2,3,2,0,0,3,0,0,2,0,2,0,4,0,0,2,3,3,0,0,0,0,0,1,2,0,0
"sQ3_r3_oTh2_oTy1",0,0,0,3,0,0,0,0,0,0,0,1,2,0,0,0,0,0,0,0,0,0,0,0,0,2,2,4,3,0,1,0,0,2,0,4,2,2,2,2,0,0,0,0,0,0,0,0,2,0,2,0,0,0,2,2,0,0,0,0,0,0,1,0,0
"sQ4_r3_oTh2_oTy1",0,0,0,2,1,0,0,0,0,0,0,0,0,0,0,0,0,0,0,0,0,0,0,0,0,0,2,0,0,0,0,0,0,0,0,2,0,0,0,0,0,0,0,0,0,0,0,0,0,0,0,0,0,0,2,0,0,0,0,0,0,0,0,0,0
"sQ5_r3_oTh2_oTy1",0,0,0,0,0,0,0,0,0,0,0,0,0,0,0,0,0,0,0,0,0,0,0,0,0,0,0,0,0,0,0,0,0,1,0,0,0,0,0,0,0,0,0,0,0,0,0,0,0,0,1,0,0,0,2,0,0,0,0,0,0,0,0,0,0
"sQ1_r4_oTh2_oTy1",3,0,0,6,3,2,2,2,0,0,0,0,0,2,2,2,2,0,2,2,8,6,2,4,5,6,6,7,5,3,3,4,3,3,2,5,4,2,3,3,3,3,2,3,0,2,3,3,6,5,4,3,2,4,4,5,3,4,3,5,8,4,4,2,0
"sQ2_r4_oTh2_oTy1",0,0,0,5,0,2,0,2,0,0,0,0,0,2,0,2,0,0,1,0,5,3,0,0,1,6,5,5,3,2,2,2,2,2,2,4,3,0,0,2,2,2,0,3,0,2,2,0,4,3,3,2,0,3,4,3,0,0,0,3,2,2,3,0,0
"sQ3_r4_oTh2_oTy1",0,0,0,5,0,0,0,2,0,0,0,0,0,0,0,1,0,0,0,0,3,0,0,0,0,4,2,3,3,0,0,0,2,2,0,4,2,0,0,2,2,0,0,0,0,0,2,0,3,2,3,0,1,2,4,3,0,0,0,0,0,1,2,0,0
"sQ4_r4_oTh2_oTy1",0,0,0,4,0,0,0,0,0,0,0,0,0,0,0,0,0,0,0,0,0,0,0,0,0,2,2,0,2,0,0,0,2,2,0,3,2,0,0,2,0,1,0,0,0,0,0,0,2,0,3,0,0,0,3,2,0,0,0,0,0,0,0,0,0
"sQ5_r4_oTh2_oTy1",0,0,0,2,0,0,0,0,0,0,0,0,0,0,0,0,0,0,0,0,0,0,0,0,0,0,0,0,0,0,0,0,0,2,0,2,0,0,0,2,0,0,0,0,0,0,0,0,2,0,2,0,0,0,2,0,0,0,0,0,0,0,0,0,0
"sQ1_r1_oTh3_oTy1",0,0,0,0,0,0,0,0,0,0,0,0,0,0,0,0,0,0,0,0,0,0,0,0,0,0,0,0,0,0,0,0,0,0,0,0,0,0,0,0,0,0,0,0,0,0,0,0,0,0,0,0,0,0,0,0,0,0,0,0,0,0,0,0,0
"sQ2_r1_oTh3_oTy1",0,0,0,0,0,0,0,0,0,0,0,0,0,0,0,0,0,0,0,0,0,0,0,0,0,0,0,0,0,0,0,0,0,0,0,0,0,0,0,0,0,0,0,0,0,0,0,0,0,0,0,0,0,0,0,0,0,0,0,0,0,0,0,0,0
"sQ3_r1_oTh3_oTy1",0,0,0,0,0,0,0,0,0,0,0,0,0,0,0,0,0,0,0,0,0,0,0,0,0,0,0,0,0,0,0,0,0,0,0,0,0,0,0,0,0,0,0,0,0,0,0,0,0,0,0,0,0,0,0,0,0,0,0,0,0,0,0,0,0
"sQ4_r1_oTh3_oTy1",0,0,0,0,0,0,0,0,0,0,0,0,0,0,0,0,0,0,0,0,0,0,0,0,0,0,0,0,0,0,0,0,0,0,0,0,0,0,0,0,0,0,0,0,0,0,0,0,0,0,0,0,0,0,0,0,0,0,0,0,0,0,0,0,0
"sQ5_r1_oTh3_oTy1",0,0,0,0,0,0,0,0,0,0,0,0,0,0,0,0,0,0,0,0,0,0,0,0,0,0,0,0,0,0,0,0,0,0,0,0,0,0,0,0,0,0,0,0,0,0,0,0,0,0,0,0,0,0,0,0,0,0,0,0,0,0,0,0,0
"sQ1_r2_oTh3_oTy1",0,0,2,14,6,6,0,5,2,3,0,3,6,4,0,0,0,2,2,3,14,9,3,8,2,19,15,13,13,6,4,4,11,8,3,14,6,4,4,6,4,0,2,6,0,3,7,6,9,3,8,4,3,7,11,8,6,3,3,7,5,7,6,4,0
"sQ2_r2_oTh3_oTy1",0,0,0,8,2,0,0,2,2,0,0,2,5,0,0,0,0,0,0,0,3,3,0,0,0,4,6,7,8,0,0,0,2,5,0,7,2,4,4,4,2,0,0,1,0,2,2,0,3,2,4,0,1,2,5,4,2,0,0,3,0,0,0,0,0
"sQ3_r2_oTh3_oTy1",0,0,0,4,0,0,0,0,0,0,0,0,0,0,0,0,0,0,0,0,0,1,0,0,0,0,3,3,2,0,0,0,0,0,0,5,0,3,3,3,0,0,0,0,0,0,0,0,0,0,0,0,0,0,3,0,0,0,0,1,0,0,0,0,0
"sQ4_r2_oTh3_oTy1",0,0,0,2,0,0,0,0,0,0,0,0,0,0,0,0,0,0,0,0,0,0,0,0,0,0,1,0,0,0,0,0,0,0,0,4,0,0,1,0,0,0,0,0,0,0,0,0,0,0,0,0,0,0,0,0,0,0,0,0,0,0,0,0,0
"sQ5_r2_oTh3_oTy1",0,0,0,0,0,0,0,0,0,0,0,0,0,0,0,0,0,0,0,0,0,0,0,0,0,0,0,0,0,0,0,0,0,0,0,2,0,0,0,0,0,0,0,0,0,0,0,0,0,0,0,0,0,0,0,0,0,0,0,0,0,0,0,0,0
"sQ1_r3_oTh3_oTy1",1,2,3,10,4,4,0,3,2,2,0,2,2,3,3,4,0,0,2,4,11,6,3,5,6,12,9,9,8,4,2,4,6,8,2,11,8,2,3,5,5,5,0,6,4,5,6,4,11,8,12,4,2,7,9,6,5,3,2,6,8,8,7,4,0
"sQ2_r3_oTh3_oTy1",0,0,0,7,3,0,0,2,2,2,0,2,2,1,0,1,0,0,0,2,5,3,0,0,0,8,8,5,6,0,2,2,5,6,2,7,4,2,4,4,3,0,0,6,2,2,5,0,3,2,5,2,2,3,6,5,3,0,2,2,0,1,2,0,0
"sQ3_r3_oTh3_oTy1",0,0,0,6,2,0,0,2,0,0,0,1,2,0,0,0,0,0,0,0,2,0,0,0,0,4,3,5,5,0,1,0,3,4,0,5,4,2,3,3,3,0,0,2,0,0,2,0,3,2,2,0,0,2,3,3,0,0,0,2,0,0,1,0,0
"sQ4_r3_oTh3_oTy1",0,0,0,5,1,0,0,0,0,0,0,0,2,0,0,0,0,0,0,0,0,0,0,0,0,2,3,2,0,0,0,0,0,2,0,4,2,2,2,2,0,0,0,0,0,0,0,0,0,0,2,0,0,0,3,2,0,0,0,2,0,0,0,0,0
"sQ5_r3_oTh3_oTy1",0,0,0,3,0,0,0,0,0,0,0,0,0,0,0,0,0,0,0,0,0,0,0,0,0,0,3,0,0,0,0,0,0,1,0,3,0,0,0,2,0,0,0,0,0,0,0,0,0,0,1,0,0,0,3,0,0,0,0,0,0,0,0,0,0
"sQ1_r4_oTh3_oTy1",4,0,2,10,4,4,3,3,2,0,0,0,0,2,2,2,2,0,4,3,12,7,3,4,5,9,9,9,5,4,4,6,3,3,2,6,5,4,4,5,4,4,3,4,2,4,5,4,6,8,6,4,3,5,6,6,3,6,3,5,10,6,6,2,0
"sQ2_r4_oTh3_oTy1",0,0,2,8,0,3,0,3,2,0,0,0,0,2,0,2,0,0,1,0,9,3,0,0,1,8,7,6,3,3,2,2,3,2,2,5,5,3,2,3,3,3,0,3,0,3,3,2,4,6,6,3,2,4,5,4,0,0,2,3,4,4,5,0,0
"sQ3_r4_oTh3_oTy1",0,0,0,7,0,0,0,2,2,0,0,0,0,0,0,1,0,0,0,0,4,0,0,0,0,7,3,4,3,0,0,0,2,2,2,5,3,3,2,3,3,2,0,0,0,0,3,0,3,2,6,0,1,2,5,3,0,0,0,2,0,1,2,0,0
"sQ4_r4_oTh3_oTy1",0,0,0,6,0,0,0,2,0,0,0,0,0,0,0,0,0,0,0,0,2,0,0,0,0,4,2,2,2,0,0,0,2,2,0,4,3,3,2,3,3,1,0,0,0,0,2,0,2,2,5,0,0,2,3,2,0,0,0,2,0,0,0,0,0
"sQ5_r4_oTh3_oTy1",0,0,0,4,0,0,0,0,0,0,0,0,0,0,0,0,0,0,0,0,2,0,0,0,0,2,2,2,0,0,0,0,2,2,0,3,2,3,2,3,0,0,0,0,0,0,2,0,2,0,3,0,0,0,2,0,0,0,0,0,0,0,0,0,0
"sQ1_r1_oTh4_oTy1",0,0,0,0,0,0,0,0,0,0,0,0,0,0,0,0,0,0,0,0,0,0,0,0,0,0,0,0,0,0,0,0,0,0,0,0,0,0,0,0,0,0,0,0,0,0,0,0,0,0,0,0,0,0,0,0,0,0,0,0,0,0,0,0,0
"sQ2_r1_oTh4_oTy1",0,0,0,0,0,0,0,0,0,0,0,0,0,0,0,0,0,0,0,0,0,0,0,0,0,0,0,0,0,0,0,0,0,0,0,0,0,0,0,0,0,0,0,0,0,0,0,0,0,0,0,0,0,0,0,0,0,0,0,0,0,0,0,0,0
"sQ3_r1_oTh4_oTy1",0,0,0,0,0,0,0,0,0,0,0,0,0,0,0,0,0,0,0,0,0,0,0,0,0,0,0,0,0,0,0,0,0,0,0,0,0,0,0,0,0,0,0,0,0,0,0,0,0,0,0,0,0,0,0,0,0,0,0,0,0,0,0,0,0
"sQ4_r1_oTh4_oTy1",0,0,0,0,0,0,0,0,0,0,0,0,0,0,0,0,0,0,0,0,0,0,0,0,0,0,0,0,0,0,0,0,0,0,0,0,0,0,0,0,0,0,0,0,0,0,0,0,0,0,0,0,0,0,0,0,0,0,0,0,0,0,0,0,0
"sQ5_r1_oTh4_oTy1",0,0,0,0,0,0,0,0,0,0,0,0,0,0,0,0,0,0,0,0,0,0,0,0,0,0,0,0,0,0,0,0,0,0,0,0,0,0,0,0,0,0,0,0,0,0,0,0,0,0,0,0,0,0,0,0,0,0,0,0,0,0,0,0,0
"sQ1_r2_oTh4_oTy1",0,0,6,33,13,13,0,14,7,7,0,7,16,9,3,0,3,4,3,9,28,17,8,13,4,46,38,34,32,13,9,8,20,21,7,40,16,14,14,19,11,0,3,14,3,8,13,11,24,10,20,9,6,16,31,19,15,6,6,17,9,12,14,11,0
"sQ2_r2_oTh4_oTy1",0,0,3,25,4,0,0,6,6,3,0,6,11,0,0,0,0,0,0,0,7,6,0,0,0,13,16,26,18,0,0,0,5,8,0,28,2,13,12,14,4,0,0,1,0,4,3,0,4,4,13,0,1,7,18,9,4,0,0,9,0,0,3,0,0
"sQ3_r2_oTh4_oTy1",0,0,0,14,0,0,0,0,0,0,0,0,3,0,0,0,0,0,0,0,0,1,0,0,0,3,11,8,6,0,0,0,0,0,0,20,0,8,9,7,0,0,0,0,0,0,0,0,0,0,0,0,0,0,9,0,0,0,0,1,0,0,0,0,0
"sQ4_r2_oTh4_oTy1",0,0,0,6,0,0,0,0,0,0,0,0,0,0,0,0,0,0,0,0,0,0,0,0,0,0,1,0,0,0,0,0,0,0,0,13,0,0,1,2,0,0,0,0,0,0,0,0,0,0,0,0,0,0,0,0,0,0,0,0,0,0,0,0,0
"sQ5_r2_oTh4_oTy1",0,0,0,0,0,0,0,0,0,0,0,0,0,0,0,0,0,0,0,0,0,0,0,0,0,0,0,0,0,0,0,0,0,0,0,7,0,0,0,0,0,0,0,0,0,0,0,0,0,0,0,0,0,0,0,0,0,0,0,0,0,0,0,0,0
"sQ1_r3_oTh4_oTy1",1,2,4,18,9,6,0,8,3,3,2,5,7,6,4,7,0,3,3,6,20,11,4,8,9,27,19,20,18,7,4,7,12,13,4,24,12,7,8,11,7,6,2,10,5,9,12,7,19,11,20,7,4,11,17,11,7,5,4,12,12,12,12,6,0
"sQ2_r3_oTh4_oTy1",0,0,2,13,6,2,0,5,4,3,0,4,7,1,0,1,0,0,0,4,9,5,0,0,0,18,16,14,15,0,3,3,9,11,4,16,7,7,8,9,4,0,0,10,3,5,9,0,9,5,9,4,4,5,11,9,4,2,2,6,0,1,4,0,0
"sQ3_r3_oTh4_oTy1",0,0,0,14,5,0,0,4,2,0,0,1,7,0,0,0,0,0,0,0,3,4,0,0,0,8,7,15,13,0,1,0,5,8,0,12,6,6,7,7,3,0,0,4,0,2,5,0,4,5,6,0,0,4,6,6,3,0,0,5,0,0,1,0,0
"sQ4_r3_oTh4_oTy1",0,0,0,11,1,0,0,0,0,0,0,0,3,0,0,0,0,0,0,0,0,0,0,0,0,5,7,5,2,0,0,0,2,7,0,8,2,5,5,6,0,0,0,0,0,0,0,0,0,0,4,0,0,0,6,4,0,0,0,3,0,0,0,0,0
"sQ5_r3_oTh4_oTy1",0,0,0,6,0,0,0,0,0,0,0,0,2,0,0,0,0,0,0,0,0,0,0,0,0,3,7,0,0,0,0,0,0,1,0,8,0,0,3,5,0,0,0,0,0,0,0,0,0,0,1,0,0,0,5,0,0,0,0,0,0,0,0,0,0
"sQ1_r4_oTh4_oTy1",6,3,3,14,6,6,5,5,3,2,0,2,3,4,3,5,3,0,6,5,18,12,5,7,8,17,14,17,9,5,6,9,7,7,4,13,11,4,8,7,6,8,4,8,5,8,11,7,15,15,14,7,4,8,14,12,4,9,5,9,17,11,11,4,0
"sQ2_r4_oTh4_oTy1",0,0,3,12,3,5,0,5,3,2,0,2,3,3,0,4,0,0,1,3,14,6,2,2,1,15,11,10,6,3,3,3,6,6,4,11,10,3,5,5,5,6,0,7,4,6,7,3,11,9,13,6,3,7,12,8,3,3,2,5,8,6,9,2,0
"sQ3_r4_oTh4_oTy1",0,0,0,11,3,3,0,3,3,0,0,2,3,2,0,1,0,0,0,0,7,0,0,0,0,10,6,7,6,2,2,0,5,6,3,11,7,3,5,5,5,4,0,4,2,3,7,0,8,5,13,2,1,3,11,5,3,0,0,3,0,1,4,0,0
"sQ4_r4_oTh4_oTy1",0,0,0,10,3,0,0,3,0,0,0,0,3,0,0,0,0,0,0,0,3,0,0,0,0,7,5,3,3,0,0,0,5,6,0,9,7,3,4,5,5,1,0,4,0,0,5,0,6,4,9,0,0,3,7,4,0,0,0,3,0,0,2,0,0
"sQ5_r4_oTh4_oTy1",0,0,0,8,0,0,0,0,0,0,0,0,3,0,0,0,0,0,0,0,3,0,0,0,0,4,4,3,0,0,0,0,4,5,0,7,6,3,4,5,3,0,0,0,0,0,5,0,5,0,4,0,0,0,4,2,0,0,0,0,0,0,0,0,0
"sQ1_r1_oTh5_oTy1",0,0,0,0,0,0,0,0,0,0,0,0,0,0,0,0,0,0,0,0,0,0,0,0,0,0,0,0,0,0,0,0,0,0,0,0,0,0,0,0,0,0,0,0,0,0,0,0,0,0,0,0,0,0,0,0,0,0,0,0,0,0,0,0,0
"sQ2_r1_oTh5_oTy1",0,0,0,0,0,0,0,0,0,0,0,0,0,0,0,0,0,0,0,0,0,0,0,0,0,0,0,0,0,0,0,0,0,0,0,0,0,0,0,0,0,0,0,0,0,0,0,0,0,0,0,0,0,0,0,0,0,0,0,0,0,0,0,0,0
"sQ3_r1_oTh5_oTy1",0,0,0,0,0,0,0,0,0,0,0,0,0,0,0,0,0,0,0,0,0,0,0,0,0,0,0,0,0,0,0,0,0,0,0,0,0,0,0,0,0,0,0,0,0,0,0,0,0,0,0,0,0,0,0,0,0,0,0,0,0,0,0,0,0
"sQ4_r1_oTh5_oTy1",0,0,0,0,0,0,0,0,0,0,0,0,0,0,0,0,0,0,0,0,0,0,0,0,0,0,0,0,0,0,0,0,0,0,0,0,0,0,0,0,0,0,0,0,0,0,0,0,0,0,0,0,0,0,0,0,0,0,0,0,0,0,0,0,0
"sQ5_r1_oTh5_oTy1",0,0,0,0,0,0,0,0,0,0,0,0,0,0,0,0,0,0,0,0,0,0,0,0,0,0,0,0,0,0,0,0,0,0,0,0,0,0,0,0,0,0,0,0,0,0,0,0,0,0,0,0,0,0,0,0,0,0,0,0,0,0,0,0,0
"sQ1_r2_oTh5_oTy1",0,0,6,33,13,13,0,14,7,7,0,7,16,9,3,0,3,4,3,9,28,17,8,13,4,46,38,34,32,13,9,8,20,21,7,40,16,14,14,19,11,0,3,14,3,8,13,11,24,10,20,9,6,16,31,19,15,6,6,17,9,12,14,11,0
"sQ2_r2_oTh5_oTy1",0,0,3,25,4,0,0,6,6,3,0,6,11,0,0,0,0,0,0,0,7,6,0,0,0,13,16,26,18,0,0,0,5,8,0,28,2,13,12,14,4,0,0,1,0,4,3,0,4,4,13,0,1,7,18,9,4,0,0,9,0,0,3,0,0
"sQ3_r2_oTh5_oTy1",0,0,0,14,0,0,0,0,0,0,0,0,3,0,0,0,0,0,0,0,0,1,0,0,0,3,11,8,6,0,0,0,0,0,0,20,0,8,9,7,0,0,0,0,0,0,0,0,0,0,0,0,0,0,9,0,0,0,0,1,0,0,0,0,0
"sQ4_r2_oTh5_oTy1",0,0,0,6,0,0,0,0,0,0,0,0,0,0,0,0,0,0,0,0,0,0,0,0,0,0,1,0,0,0,0,0,0,0,0,13,0,0,1,2,0,0,0,0,0,0,0,0,0,0,0,0,0,0,0,0,0,0,0,0,0,0,0,0,0
"sQ5_r2_oTh5_oTy1",0,0,0,0,0,0,0,0,0,0,0,0,0,0,0,0,0,0,0,0,0,0,0,0,0,0,0,0,0,0,0,0,0,0,0,7,0,0,0,0,0,0,0,0,0,0,0,0,0,0,0,0,0,0,0,0,0,0,0,0,0,0,0,0,0
"sQ1_r3_oTh5_oTy1",1,3,8,39,15,13,0,15,9,7,3,9,16,10,6,11,3,4,4,11,35,21,9,12,12,50,42,41,34,14,9,11,22,25,7,51,22,15,17,23,16,10,3,18,8,13,19,13,33,17,33,13,7,20,36,21,16,9,8,21,16,20,20,12,0
"sQ2_r3_oTh5_oTy1",0,0,6,34,11,3,0,11,9,7,0,8,16,1,0,1,0,0,0,7,19,11,0,0,0,36,35,33,30,0,6,5,18,22,7,38,14,15,17,19,10,2,0,17,5,9,16,0,17,9,18,8,7,11,27,16,9,2,5,12,0,1,7,2,0
"sQ3_r3_oTh5_oTy1",0,0,0,32,10,0,0,7,6,0,0,1,15,0,0,0,0,0,0,0,7,5,0,0,0,17,20,32,25,0,1,0,11,16,0,30,12,14,16,16,9,0,0,4,0,3,8,0,5,8,15,2,0,10,20,13,4,0,0,11,0,0,1,0,0
"sQ4_r3_oTh5_oTy1",0,0,0,26,1,0,0,0,0,0,0,0,7,0,0,0,0,0,0,0,0,0,0,0,0,9,19,13,4,0,0,0,2,11,0,26,5,13,13,15,0,0,0,0,0,0,0,0,0,0,7,0,0,0,19,7,0,0,0,7,0,0,0,0,0
"sQ5_r3_oTh5_oTy1",0,0,0,17,0,0,0,0,0,0,0,0,4,0,0,0,0,0,0,0,0,0,0,0,0,4,17,0,0,0,0,0,0,1,0,25,0,0,9,13,0,0,0,0,0,0,0,0,0,0,1,0,0,0,13,0,0,0,0,0,0,0,0,0,0
"sQ1_r4_oTh5_oTy1",8,4,8,45,18,15,5,16,11,7,3,9,16,12,6,11,5,4,8,12,45,30,12,15,16,54,49,49,35,15,14,17,23,25,10,52,27,17,22,25,18,13,7,20,10,17,26,16,38,26,35,16,9,23,43,29,16,17,12,24,31,24,24,13,0
"sQ2_r4_oTh5_oTy1",0,0,8,40,12,11,0,16,10,7,0,9,16,11,0,10,0,0,1,8,36,11,6,6,1,52,44,38,30,9,11,8,20,22,10,47,26,16,18,20,15,11,0,19,8,15,19,6,31,19,34,15,8,22,40,23,9,7,8,15,14,13,22,8,0
"sQ3_r4_oTh5_oTy1",0,0,0,39,12,5,0,14,10,0,0,9,16,9,0,1,0,0,0,0,16,0,0,0,0,38,24,35,30,2,9,0,19,22,8,46,20,16,18,20,15,9,0,12,3,10,19,0,26,13,34,9,1,14,39,18,9,0,4,13,0,1,12,0,0
"sQ4_r4_oTh5_oTy1",0,0,0,38,12,0,0,9,0,0,0,0,16,0,0,0,0,0,0,0,12,0,0,0,0,25,23,16,16,0,0,0,17,22,0,40,20,16,18,20,14,1,0,12,0,0,15,0,21,12,24,0,0,12,28,15,0,0,0,13,0,0,3,0,0
"sQ5_r4_oTh5_oTy1",0,0,0,35,0,0,0,2,0,0,0,0,16,0,0,0,0,0,0,0,10,0,0,0,0,16,22,16,3,0,0,0,14,21,0,33,18,16,17,20,9,0,0,0,0,0,13,0,17,0,17,0,0,2,23,10,0,0,0,0,0,0,0,0,0
"sQ1_r1_oTh1_oTy2",0,0,0,0,0,0,0,0,0,0,0,0,0,0,0,0,0,0,0,0,0,0,0,0,0,0,0,0,0,0,0,0,0,0,0,0,0,0,0,0,0,0,0,0,0,0,0,0,0,0,0,0,0,0,0,0,0,0,0,0,0,0,0,0,0
"sQ2_r1_oTh1_oTy2",0,0,0,0,0,0,0,0,0,0,0,0,0,0,0,0,0,0,0,0,0,0,0,0,0,0,0,0,0,0,0,0,0,0,0,0,0,0,0,0,0,0,0,0,0,0,0,0,0,0,0,0,0,0,0,0,0,0,0,0,0,0,0,0,0
"sQ3_r1_oTh1_oTy2",0,0,0,0,0,0,0,0,0,0,0,0,0,0,0,0,0,0,0,0,0,0,0,0,0,0,0,0,0,0,0,0,0,0,0,0,0,0,0,0,0,0,0,0,0,0,0,0,0,0,0,0,0,0,0,0,0,0,0,0,0,0,0,0,0
"sQ4_r1_oTh1_oTy2",0,0,0,0,0,0,0,0,0,0,0,0,0,0,0,0,0,0,0,0,0,0,0,0,0,0,0,0,0,0,0,0,0,0,0,0,0,0,0,0,0,0,0,0,0,0,0,0,0,0,0,0,0,0,0,0,0,0,0,0,0,0,0,0,0
"sQ5_r1_oTh1_oTy2",0,0,0,0,0,0,0,0,0,0,0,0,0,0,0,0,0,0,0,0,0,0,0,0,0,0,0,0,0,0,0,0,0,0,0,0,0,0,0,0,0,0,0,0,0,0,0,0,0,0,0,0,0,0,0,0,0,0,0,0,0,0,0,0,0
"sQ1_r2_oTh1_oTy2",0,0,0,7,4,4,0,3,0,0,0,0,2,2,0,0,0,0,0,3,9,4,2,4,2,10,7,6,7,3,2,2,5,4,2,8,4,2,2,3,3,0,0,3,0,2,3,4,6,2,5,2,0,4,6,5,4,2,2,4,3,4,4,3,0
"sQ2_r2_oTh1_oTy2",0,0,0,3,0,0,0,0,0,0,0,0,2,0,0,0,0,0,0,0,2,0,0,0,0,2,2,4,3,0,0,0,0,3,0,3,0,2,0,2,0,0,0,1,0,0,0,0,2,0,2,0,1,0,2,2,0,0,0,0,0,0,0,0,0
"sQ3_r2_oTh1_oTy2",0,0,0,2,0,0,0,0,0,0,0,0,0,0,0,0,0,0,0,0,0,1,0,0,0,0,0,2,0,0,0,0,0,0,0,2,0,0,0,0,0,0,0,0,0,0,0,0,0,0,0,0,0,0,2,0,0,0,0,1,0,0,0,0,0
"sQ4_r2_oTh1_oTy2",0,0,0,0,0,0,0,0,0,0,0,0,0,0,0,0,0,0,0,0,0,0,0,0,0,0,1,0,0,0,0,0,0,0,0,0,0,0,1,0,0,0,0,0,0,0,0,0,0,0,0,0,0,0,0,0,0,0,0,0,0,0,0,0,0
"sQ5_r2_oTh1_oTy2",0,0,0,0,0,0,0,0,0,0,0,0,0,0,0,0,0,0,0,0,0,0,0,0,0,0,0,0,0,0,0,0,0,0,0,0,0,0,0,0,0,0,0,0,0,0,0,0,0,0,0,0,0,0,0,0,0,0,0,0,0,0,0,0,0
"sQ1_r3_oTh1_oTy2",1,0,0,4,2,3,0,2,0,0,0,0,0,3,2,2,0,0,0,2,7,4,2,5,4,8,6,6,4,3,0,3,3,3,0,6,5,2,0,3,3,2,0,2,0,2,3,4,6,3,7,2,0,3,5,3,3,2,2,4,4,4,4,2,0
"sQ2_r3_oTh1_oTy2",0,0,0,2,0,0,0,0,0,0,0,0,0,1,0,1,0,0,0,0,3,2,0,0,0,5,5,3,3,0,0,0,2,2,0,4,0,2,0,2,0,0,0,2,0,0,2,0,2,0,3,0,0,2,3,2,0,0,0,0,0,1,0,0,0
"sQ3_r3_oTh1_oTy2",0,0,0,2,0,0,0,0,0,0,0,1,0,0,0,0,0,0,0,0,0,0,0,0,0,2,0,3,3,0,1,0,0,2,0,3,0,0,0,0,0,0,0,0,0,0,0,0,2,0,0,0,0,0,2,0,0,0,0,0,0,0,1,0,0
"sQ4_r3_oTh1_oTy2",0,0,0,2,1,0,0,0,0,0,0,0,0,0,0,0,0,0,0,0,0,0,0,0,0,0,0,0,0,0,0,0,0,0,0,0,0,0,0,0,0,0,0,0,0,0,0,0,0,0,0,0,0,0,0,0,0,0,0,0,0,0,0,0,0
"sQ5_r3_oTh1_oTy2",0,0,0,0,0,0,0,0,0,0,0,0,0,0,0,0,0,0,0,0,0,0,0,0,0,0,0,0,0,0,0,0,0,1,0,0,0,0,0,0,0,0,0,0,0,0,0,0,0,0,1,0,0,0,0,0,0,0,0,0,0,0,0,0,0
"sQ1_r4_oTh1_oTy2",2,0,0,4,3,2,0,2,0,0,0,0,0,2,2,2,0,0,2,2,6,4,2,4,4,6,5,6,4,2,2,3,3,2,0,4,2,0,3,3,2,2,2,2,0,2,3,3,4,4,3,2,0,3,4,3,3,3,2,3,7,4,3,2,0
"sQ2_r4_oTh1_oTy2",0,0,0,2,0,2,0,2,0,0,0,0,0,0,0,0,0,0,1,0,4,3,0,0,1,6,4,4,2,0,0,2,2,0,0,2,2,0,0,0,0,0,0,2,0,2,2,0,2,2,3,2,0,3,3,2,0,0,0,2,2,2,3,0,0
"sQ3_r4_oTh1_oTy2",0,0,0,2,0,0,0,0,0,0,0,0,0,0,0,1,0,0,0,0,2,0,0,0,0,4,0,3,2,0,0,0,0,0,0,2,0,0,0,0,0,0,0,0,0,0,2,0,2,0,3,0,1,0,3,2,0,0,0,0,0,1,0,0,0
"sQ4_r4_oTh1_oTy2",0,0,0,2,0,0,0,0,0,0,0,0,0,0,0,0,0,0,0,0,0,0,0,0,0,2,0,0,0,0,0,0,0,0,0,2,0,0,0,0,0,1,0,0,0,0,0,0,0,0,2,0,0,0,2,0,0,0,0,0,0,0,0,0,0
"sQ5_r4_oTh1_oTy2",0,0,0,2,0,0,0,0,0,0,0,0,0,0,0,0,0,0,0,0,0,0,0,0,0,0,0,0,0,0,0,0,0,0,0,0,0,0,0,0,0,0,0,0,0,0,0,0,0,0,0,0,0,0,0,0,0,0,0,0,0,0,0,0,0
"sQ1_r1_oTh2_oTy2",0,0,0,0,0,0,0,0,0,0,0,0,0,0,0,0,0,0,0,0,0,0,0,0,0,0,0,0,0,0,0,0,0,0,0,0,0,0,0,0,0,0,0,0,0,0,0,0,0,0,0,0,0,0,0,0,0,0,0,0,0,0,0,0,0
"sQ2_r1_oTh2_oTy2",0,0,0,0,0,0,0,0,0,0,0,0,0,0,0,0,0,0,0,0,0,0,0,0,0,0,0,0,0,0,0,0,0,0,0,0,0,0,0,0,0,0,0,0,0,0,0,0,0,0,0,0,0,0,0,0,0,0,0,0,0,0,0,0,0
"sQ3_r1_oTh2_oTy2",0,0,0,0,0,0,0,0,0,0,0,0,0,0,0,0,0,0,0,0,0,0,0,0,0,0,0,0,0,0,0,0,0,0,0,0,0,0,0,0,0,0,0,0,0,0,0,0,0,0,0,0,0,0,0,0,0,0,0,0,0,0,0,0,0
"sQ4_r1_oTh2_oTy2",0,0,0,0,0,0,0,0,0,0,0,0,0,0,0,0,0,0,0,0,0,0,0,0,0,0,0,0,0,0,0,0,0,0,0,0,0,0,0,0,0,0,0,0,0,0,0,0,0,0,0,0,0,0,0,0,0,0,0,0,0,0,0,0,0
"sQ5_r1_oTh2_oTy2",0,0,0,0,0,0,0,0,0,0,0,0,0,0,0,0,0,0,0,0,0,0,0,0,0,0,0,0,0,0,0,0,0,0,0,0,0,0,0,0,0,0,0,0,0,0,0,0,0,0,0,0,0,0,0,0,0,0,0,0,0,0,0,0,0
"sQ1_r2_oTh2_oTy2",0,0,0,6,3,4,0,3,0,0,0,0,2,2,0,0,0,0,0,3,9,3,2,4,2,8,6,6,4,3,2,2,5,4,2,6,3,2,0,3,2,0,0,3,0,2,3,4,6,2,5,2,0,4,6,4,4,2,2,4,3,4,4,3,0
"sQ2_r2_oTh2_oTy2",0,0,0,3,0,0,0,2,0,0,0,0,2,0,0,0,0,0,0,0,2,0,0,0,0,2,2,4,4,0,0,0,0,3,0,3,2,2,2,2,0,0,0,1,0,0,0,0,2,0,2,0,1,0,3,2,0,0,0,2,0,0,0,0,0
"sQ3_r2_oTh2_oTy2",0,0,0,3,0,0,0,0,0,0,0,0,0,0,0,0,0,0,0,0,0,1,0,0,0,0,2,2,0,0,0,0,0,0,0,2,0,0,0,0,0,0,0,0,0,0,0,0,0,0,0,0,0,0,2,0,0,0,0,1,0,0,0,0,0
"sQ4_r2_oTh2_oTy2",0,0,0,0,0,0,0,0,0,0,0,0,0,0,0,0,0,0,0,0,0,0,0,0,0,0,1,0,0,0,0,0,0,0,0,0,0,0,1,0,0,0,0,0,0,0,0,0,0,0,0,0,0,0,0,0,0,0,0,0,0,0,0,0,0
"sQ5_r2_oTh2_oTy2",0,0,0,0,0,0,0,0,0,0,0,0,0,0,0,0,0,0,0,0,0,0,0,0,0,0,0,0,0,0,0,0,0,0,0,0,0,0,0,0,0,0,0,0,0,0,0,0,0,0,0,0,0,0,0,0,0,0,0,0,0,0,0,0,0
"sQ1_r3_oTh2_oTy2",1,0,0,3,2,3,0,2,0,0,0,0,0,3,2,2,0,0,0,2,7,3,2,5,4,7,5,6,4,3,2,3,3,3,0,6,4,2,2,3,2,2,0,3,0,2,3,4,6,3,3,2,0,3,5,4,3,2,2,4,4,4,5,2,0
"sQ2_r3_oTh2_oTy2",0,0,0,2,0,0,0,2,0,0,0,0,0,1,0,1,0,0,0,0,3,2,0,0,0,5,4,3,3,0,0,0,2,2,0,3,0,2,2,2,0,0,0,3,0,0,2,0,2,0,3,0,0,2,3,2,0,0,0,0,0,1,0,0,0
"sQ3_r3_oTh2_oTy2",0,0,0,2,0,0,0,0,0,0,0,1,0,0,0,0,0,0,0,0,0,0,0,0,0,2,0,3,3,0,1,0,0,0,0,2,0,0,0,0,0,0,0,0,0,0,0,0,2,0,2,0,0,0,2,0,0,0,0,0,0,0,1,0,0
"sQ4_r3_oTh2_oTy2",0,0,0,2,1,0,0,0,0,0,0,0,0,0,0,0,0,0,0,0,0,0,0,0,0,0,0,0,0,0,0,0,0,0,0,0,0,0,0,0,0,0,0,0,0,0,0,0,0,0,0,0,0,0,0,0,0,0,0,0,0,0,0,0,0
"sQ5_r3_oTh2_oTy2",0,0,0,0,0,0,0,0,0,0,0,0,0,0,0,0,0,0,0,0,0,0,0,0,0,0,0,0,0,0,0,0,0,1,0,0,0,0,0,0,0,0,0,0,0,0,0,0,0,0,1,0,0,0,0,0,0,0,0,0,0,0,0,0,0
"sQ1_r4_oTh2_oTy2",2,0,0,4,3,2,0,0,0,0,0,0,0,0,2,2,0,0,2,2,7,3,2,4,4,6,6,5,5,3,2,3,3,2,0,4,2,0,2,2,2,0,2,2,0,2,3,3,4,4,3,2,0,2,4,4,3,3,2,3,7,4,3,2,0
"sQ2_r4_oTh2_oTy2",0,0,0,3,0,2,0,0,0,0,0,0,0,0,0,2,0,0,1,0,4,3,0,0,1,6,5,4,3,0,0,2,0,0,0,2,2,0,0,0,0,0,0,2,0,2,0,0,2,2,3,2,0,2,3,2,0,0,0,2,2,2,2,0,0
"sQ3_r4_oTh2_oTy2",0,0,0,2,0,0,0,0,0,0,0,0,0,0,0,1,0,0,0,0,2,0,0,0,0,4,2,3,3,0,0,0,0,0,0,2,0,0,0,0,0,0,0,0,0,0,0,0,2,0,3,0,1,0,2,2,0,0,0,0,0,1,2,0,0
"sQ4_r4_oTh2_oTy2",0,0,0,2,0,0,0,0,0,0,0,0,0,0,0,0,0,0,0,0,0,0,0,0,0,2,0,0,0,0,0,0,0,0,0,2,0,0,0,0,0,1,0,0,0,0,0,0,0,0,2,0,0,0,2,0,0,0,0,0,0,0,0,0,0
"sQ5_r4_oTh2_oTy2",0,0,0,2,0,0,0,0,0,0,0,0,0,0,0,0,0,0,0,0,0,0,0,0,0,0,0,0,0,0,0,0,0,0,0,0,0,0,0,0,0,0,0,0,0,0,0,0,0,0,0,0,0,0,0,0,0,0,0,0,0,0,0,0,0
"sQ1_r1_oTh3_oTy2",0,0,0,0,0,0,0,0,0,0,0,0,0,0,0,0,0,0,0,0,0,0,0,0,0,0,0,0,0,0,0,0,0,0,0,0,0,0,0,0,0,0,0,0,0,0,0,0,0,0,0,0,0,0,0,0,0,0,0,0,0,0,0,0,0
"sQ2_r1_oTh3_oTy2",0,0,0,0,0,0,0,0,0,0,0,0,0,0,0,0,0,0,0,0,0,0,0,0,0,0,0,0,0,0,0,0,0,0,0,0,0,0,0,0,0,0,0,0,0,0,0,0,0,0,0,0,0,0,0,0,0,0,0,0,0,0,0,0,0
"sQ3_r1_oTh3_oTy2",0,0,0,0,0,0,0,0,0,0,0,0,0,0,0,0,0,0,0,0,0,0,0,0,0,0,0,0,0,0,0,0,0,0,0,0,0,0,0,0,0,0,0,0,0,0,0,0,0,0,0,0,0,0,0,0,0,0,0,0,0,0,0,0,0
"sQ4_r1_oTh3_oTy2",0,0,0,0,0,0,0,0,0,0,0,0,0,0,0,0,0,0,0,0,0,0,0,0,0,0,0,0,0,0,0,0,0,0,0,0,0,0,0,0,0,0,0,0,0,0,0,0,0,0,0,0,0,0,0,0,0,0,0,0,0,0,0,0,0
"sQ5_r1_oTh3_oTy2",0,0,0,0,0,0,0,0,0,0,0,0,0,0,0,0,0,0,0,0,0,0,0,0,0,0,0,0,0,0,0,0,0,0,0,0,0,0,0,0,0,0,0,0,0,0,0,0,0,0,0,0,0,0,0,0,0,0,0,0,0,0,0,0,0
"sQ1_r2_oTh3_oTy2",0,0,0,6,3,4,0,3,0,0,0,0,3,2,0,0,0,0,0,3,7,4,2,4,2,10,7,5,7,3,2,2,5,5,0,7,5,2,2,2,2,0,0,3,0,2,4,4,8,3,5,2,2,4,6,4,5,2,3,4,3,4,4,3,0
"sQ2_r2_oTh3_oTy2",0,0,0,4,0,0,0,0,0,0,0,0,3,0,0,0,0,0,0,0,2,0,0,0,0,2,2,4,3,0,0,0,0,4,0,3,2,0,2,0,0,0,0,1,0,0,0,0,2,0,2,0,1,0,3,2,0,0,0,0,0,0,0,0,0
"sQ3_r2_oTh3_oTy2",0,0,0,3,0,0,0,0,0,0,0,0,0,0,0,0,0,0,0,0,0,1,0,0,0,0,2,2,0,0,0,0,0,0,0,0,0,2,2,2,0,0,0,0,0,0,0,0,0,0,0,0,0,0,2,0,0,0,0,1,0,0,0,0,0
"sQ4_r2_oTh3_oTy2",0,0,0,0,0,0,0,0,0,0,0,0,0,0,0,0,0,0,0,0,0,0,0,0,0,0,1,0,0,0,0,0,0,0,0,0,0,0,1,0,0,0,0,0,0,0,0,0,0,0,0,0,0,0,0,0,0,0,0,0,0,0,0,0,0
"sQ5_r2_oTh3_oTy2",0,0,0,0,0,0,0,0,0,0,0,0,0,0,0,0,0,0,0,0,0,0,0,0,0,0,0,0,0,0,0,0,0,0,0,0,0,0,0,0,0,0,0,0,0,0,0,0,0,0,0,0,0,0,0,0,0,0,0,0,0,0,0,0,0
"sQ1_r3_oTh3_oTy2",1,0,0,5,2,3,0,2,0,0,0,0,2,3,2,2,0,0,0,2,6,3,2,4,4,8,5,6,4,3,2,3,3,3,0,5,5,0,2,2,3,3,0,2,2,3,3,4,6,3,7,3,0,3,4,3,3,2,0,4,6,5,5,4,0
"sQ2_r3_oTh3_oTy2",0,0,0,3,0,0,0,0,0,0,0,0,2,1,0,1,0,0,0,0,3,2,0,0,0,5,4,3,3,0,0,0,2,2,0,4,0,0,0,0,0,0,0,2,0,0,2,0,3,0,3,0,0,2,3,3,0,0,0,0,0,1,0,0,0
"sQ3_r3_oTh3_oTy2",0,0,0,3,0,0,0,0,0,0,0,1,2,0,0,0,0,0,0,0,0,0,0,0,0,2,2,3,3,0,1,0,0,0,0,2,0,0,0,0,0,0,0,0,0,0,0,0,2,0,2,0,0,0,2,2,0,0,0,0,0,0,1,0,0
"sQ4_r3_oTh3_oTy2",0,0,0,2,1,0,0,0,0,0,0,0,0,0,0,0,0,0,0,0,0,0,0,0,0,0,0,0,0,0,0,0,0,0,0,2,0,0,0,0,0,0,0,0,0,0,0,0,0,0,0,0,0,0,2,0,0,0,0,0,0,0,0,0,0
"sQ5_r3_oTh3_oTy2",0,0,0,0,0,0,0,0,0,0,0,0,0,0,0,0,0,0,0,0,0,0,0,0,0,0,0,0,0,0,0,0,0,1,0,0,0,0,0,0,0,0,0,0,0,0,0,0,0,0,1,0,0,0,2,0,0,0,0,0,0,0,0,0,0
"sQ1_r4_oTh3_oTy2",2,0,0,4,3,2,2,0,0,0,0,0,0,2,2,2,0,0,2,2,5,4,2,4,4,5,5,6,5,2,2,3,2,2,0,5,2,0,3,2,2,0,2,2,0,2,4,3,5,4,3,2,0,3,3,3,3,3,2,3,7,4,4,2,0
"sQ2_r4_oTh3_oTy2",0,0,0,2,0,2,0,0,0,0,0,0,0,0,0,2,0,0,1,0,3,3,0,0,1,5,4,4,3,0,0,2,0,0,0,3,2,0,0,0,0,0,0,2,0,2,0,0,2,2,3,2,0,2,3,2,0,0,0,2,2,2,3,0,0
"sQ3_r4_oTh3_oTy2",0,0,0,2,0,0,0,0,0,0,0,0,0,0,0,1,0,0,0,0,2,0,0,0,0,4,0,3,3,0,0,0,0,0,0,3,0,0,0,0,0,0,0,0,0,0,2,0,3,0,3,0,1,0,2,2,0,0,0,0,0,1,2,0,0
"sQ4_r4_oTh3_oTy2",0,0,0,2,0,0,0,0,0,0,0,0,0,0,0,0,0,0,0,0,0,0,0,0,0,2,0,0,2,0,0,0,2,0,0,2,0,0,0,0,0,1,0,0,0,0,0,0,0,0,3,0,0,0,2,0,0,0,0,0,0,0,0,0,0
"sQ5_r4_oTh3_oTy2",0,0,0,2,0,0,0,0,0,0,0,0,0,0,0,0,0,0,0,0,0,0,0,0,0,0,0,0,0,0,0,0,0,0,0,0,0,0,0,0,0,0,0,0,0,0,0,0,0,0,0,0,0,0,0,0,0,0,0,0,0,0,0,0,0
"sQ1_r1_oTh4_oTy2",0,0,0,0,0,0,0,0,0,0,0,0,0,0,0,0,0,0,0,0,0,0,0,0,0,0,0,0,0,0,0,0,0,0,0,0,0,0,0,0,0,0,0,0,0,0,0,0,0,0,0,0,0,0,0,0,0,0,0,0,0,0,0,0,0
"sQ2_r1_oTh4_oTy2",0,0,0,0,0,0,0,0,0,0,0,0,0,0,0,0,0,0,0,0,0,0,0,0,0,0,0,0,0,0,0,0,0,0,0,0,0,0,0,0,0,0,0,0,0,0,0,0,0,0,0,0,0,0,0,0,0,0,0,0,0,0,0,0,0
"sQ3_r1_oTh4_oTy2",0,0,0,0,0,0,0,0,0,0,0,0,0,0,0,0,0,0,0,0,0,0,0,0,0,0,0,0,0,0,0,0,0,0,0,0,0,0,0,0,0,0,0,0,0,0,0,0,0,0,0,0,0,0,0,0,0,0,0,0,0,0,0,0,0
"sQ4_r1_oTh4_oTy2",0,0,0,0,0,0,0,0,0,0,0,0,0,0,0,0,0,0,0,0,0,0,0,0,0,0,0,0,0,0,0,0,0,0,0,0,0,0,0,0,0,0,0,0,0,0,0,0,0,0,0,0,0,0,0,0,0,0,0,0,0,0,0,0,0
"sQ5_r1_oTh4_oTy2",0,0,0,0,0,0,0,0,0,0,0,0,0,0,0,0,0,0,0,0,0,0,0,0,0,0,0,0,0,0,0,0,0,0,0,0,0,0,0,0,0,0,0,0,0,0,0,0,0,0,0,0,0,0,0,0,0,0,0,0,0,0,0,0,0
"sQ1_r2_oTh4_oTy2",0,0,0,8,4,4,0,3,0,0,0,0,4,3,0,0,0,2,0,3,10,6,2,5,2,11,8,6,8,4,2,2,6,5,2,9,4,2,2,4,3,0,0,3,0,2,6,4,7,4,7,2,2,5,8,5,5,2,2,4,3,5,5,3,0
"sQ2_r2_oTh4_oTy2",0,0,0,4,2,0,0,2,0,0,0,0,3,0,0,0,0,0,0,0,2,2,0,0,0,4,3,5,6,0,0,0,0,5,0,4,2,0,2,3,0,0,0,1,0,2,0,0,2,0,4,0,1,2,4,2,2,0,0,2,0,0,0,0,0
"sQ3_r2_oTh4_oTy2",0,0,0,2,0,0,0,0,0,0,0,0,0,0,0,0,0,0,0,0,0,1,0,0,0,2,2,2,0,0,0,0,0,0,0,2,0,0,0,2,0,0,0,0,0,0,0,0,0,0,0,0,0,0,3,0,0,0,0,1,0,0,0,0,0
"sQ4_r2_oTh4_oTy2",0,0,0,0,0,0,0,0,0,0,0,0,0,0,0,0,0,0,0,0,0,0,0,0,0,0,1,0,0,0,0,0,0,0,0,0,0,0,1,0,0,0,0,0,0,0,0,0,0,0,0,0,0,0,0,0,0,0,0,0,0,0,0,0,0
"sQ5_r2_oTh4_oTy2",0,0,0,0,0,0,0,0,0,0,0,0,0,0,0,0,0,0,0,0,0,0,0,0,0,0,0,0,0,0,0,0,0,0,0,0,0,0,0,0,0,0,0,0,0,0,0,0,0,0,0,0,0,0,0,0,0,0,0,0,0,0,0,0,0
"sQ1_r3_oTh4_oTy2",1,0,0,4,2,3,0,2,0,0,0,2,0,3,2,3,0,0,2,2,7,3,2,5,5,7,6,6,6,3,0,3,5,4,0,9,5,0,0,3,3,2,0,2,0,3,3,4,7,4,6,3,0,3,5,3,3,2,2,4,6,6,4,3,0
"sQ2_r3_oTh4_oTy2",0,0,0,2,0,0,0,0,0,0,0,2,2,1,0,1,0,0,0,0,3,3,0,0,0,5,4,3,4,0,0,0,4,3,0,4,0,0,0,0,0,0,0,2,0,0,2,0,2,0,5,0,0,2,2,2,0,0,0,0,0,1,0,0,0
"sQ3_r3_oTh4_oTy2",0,0,0,3,0,0,0,0,0,0,0,1,0,0,0,0,0,0,0,0,0,2,0,0,0,2,0,3,3,0,1,0,2,3,0,2,0,0,0,0,0,0,0,0,0,0,0,0,2,0,0,0,0,0,0,2,0,0,0,0,0,0,1,0,0
"sQ4_r3_oTh4_oTy2",0,0,0,2,1,0,0,0,0,0,0,0,0,0,0,0,0,0,0,0,0,0,0,0,0,0,0,0,0,0,0,0,0,2,0,0,0,0,0,0,0,0,0,0,0,0,0,0,0,0,0,0,0,0,0,0,0,0,0,0,0,0,0,0,0
"sQ5_r3_oTh4_oTy2",0,0,0,0,0,0,0,0,0,0,0,0,0,0,0,0,0,0,0,0,0,0,0,0,0,0,0,0,0,0,0,0,0,1,0,0,0,0,0,0,0,0,0,0,0,0,0,0,0,0,1,0,0,0,0,0,0,0,0,0,0,0,0,0,0
"sQ1_r4_oTh4_oTy2",3,0,0,4,3,4,3,2,0,0,0,0,0,2,2,0,0,0,2,2,5,5,2,4,4,8,5,6,4,2,2,3,2,2,0,4,2,2,3,2,2,2,3,3,0,2,4,3,4,4,2,2,0,2,3,3,3,4,2,4,7,4,3,2,0
"sQ2_r4_oTh4_oTy2",0,0,0,2,0,3,0,2,0,0,0,0,0,0,0,0,0,0,1,0,3,4,0,0,1,6,4,5,2,0,0,2,0,0,0,2,2,0,0,0,0,0,0,2,0,2,2,0,2,2,2,2,0,2,2,2,0,0,0,2,2,2,2,0,0
"sQ3_r4_oTh4_oTy2",0,0,0,2,0,0,0,0,0,0,0,0,0,0,0,1,0,0,0,0,2,0,0,0,0,4,0,3,3,0,0,0,0,0,0,2,0,0,0,0,0,0,0,0,0,0,2,0,2,0,2,0,1,2,3,2,0,0,0,0,0,1,0,0,0
"sQ4_r4_oTh4_oTy2",0,0,0,2,0,0,0,0,0,0,0,0,0,0,0,0,0,0,0,0,0,0,0,0,0,2,0,0,0,0,0,0,0,0,0,3,0,0,0,0,0,1,0,0,0,0,2,0,0,0,2,0,0,0,2,0,0,0,0,0,0,0,0,0,0
"sQ5_r4_oTh4_oTy2",0,0,0,2,0,0,0,0,0,0,0,0,0,0,0,0,0,0,0,0,0,0,0,0,0,0,0,0,0,0,0,0,0,2,0,2,0,0,0,0,0,0,0,0,0,0,2,0,0,0,0,0,0,0,0,0,0,0,0,0,0,0,0,0,0
"sQ1_r1_oTh5_oTy2",0,0,0,0,0,0,0,0,0,0,0,0,0,0,0,0,0,0,0,0,0,0,0,0,0,0,0,0,0,0,0,0,0,0,0,0,0,0,0,0,0,0,0,0,0,0,0,0,0,0,0,0,0,0,0,0,0,0,0,0,0,0,0,0,0
"sQ2_r1_oTh5_oTy2",0,0,0,0,0,0,0,0,0,0,0,0,0,0,0,0,0,0,0,0,0,0,0,0,0,0,0,0,0,0,0,0,0,0,0,0,0,0,0,0,0,0,0,0,0,0,0,0,0,0,0,0,0,0,0,0,0,0,0,0,0,0,0,0,0
"sQ3_r1_oTh5_oTy2",0,0,0,0,0,0,0,0,0,0,0,0,0,0,0,0,0,0,0,0,0,0,0,0,0,0,0,0,0,0,0,0,0,0,0,0,0,0,0,0,0,0,0,0,0,0,0,0,0,0,0,0,0,0,0,0,0,0,0,0,0,0,0,0,0
"sQ4_r1_oTh5_oTy2",0,0,0,0,0,0,0,0,0,0,0,0,0,0,0,0,0,0,0,0,0,0,0,0,0,0,0,0,0,0,0,0,0,0,0,0,0,0,0,0,0,0,0,0,0,0,0,0,0,0,0,0,0,0,0,0,0,0,0,0,0,0,0,0,0
"sQ5_r1_oTh5_oTy2",0,0,0,0,0,0,0,0,0,0,0,0,0,0,0,0,0,0,0,0,0,0,0,0,0,0,0,0,0,0,0,0,0,0,0,0,0,0,0,0,0,0,0,0,0,0,0,0,0,0,0,0,0,0,0,0,0,0,0,0,0,0,0,0,0
"sQ1_r2_oTh5_oTy2",0,0,2,12,6,4,0,6,0,0,0,2,5,2,0,0,0,0,0,3,13,6,2,4,2,14,12,8,11,3,4,3,8,6,2,17,5,3,5,5,4,0,0,4,0,2,8,4,8,3,9,2,2,5,15,6,6,2,2,6,3,5,5,3,0
"sQ2_r2_oTh5_oTy2",0,0,0,8,4,0,0,5,0,0,0,0,5,0,0,0,0,0,0,0,5,3,0,0,0,5,6,7,9,0,0,0,3,5,0,14,2,3,5,4,2,0,0,1,0,2,2,0,2,0,5,0,1,3,11,4,3,0,0,4,0,0,0,0,0
"sQ3_r2_oTh5_oTy2",0,0,0,6,0,0,0,0,0,0,0,0,2,0,0,0,0,0,0,0,0,1,0,0,0,3,5,3,2,0,0,0,0,0,0,13,0,3,4,3,0,0,0,0,0,0,0,0,0,0,0,0,0,0,8,0,0,0,0,1,0,0,0,0,0
"sQ4_r2_oTh5_oTy2",0,0,0,4,0,0,0,0,0,0,0,0,0,0,0,0,0,0,0,0,0,0,0,0,0,0,1,0,0,0,0,0,0,0,0,11,0,0,1,2,0,0,0,0,0,0,0,0,0,0,0,0,0,0,0,0,0,0,0,0,0,0,0,0,0
"sQ5_r2_oTh5_oTy2",0,0,0,0,0,0,0,0,0,0,0,0,0,0,0,0,0,0,0,0,0,0,0,0,0,0,0,0,0,0,0,0,0,0,0,6,0,0,0,0,0,0,0,0,0,0,0,0,0,0,0,0,0,0,0,0,0,0,0,0,0,0,0,0,0
"sQ1_r3_oTh5_oTy2",1,0,0,5,2,4,0,3,0,0,0,0,0,3,2,2,0,0,0,2,9,6,3,5,4,10,8,7,4,3,0,4,8,5,0,14,7,2,3,4,3,3,0,5,0,4,5,4,9,7,11,3,0,4,10,4,3,3,2,5,8,6,4,3,0
"sQ2_r3_oTh5_oTy2",0,0,0,3,0,2,0,2,0,0,0,0,0,1,0,1,0,0,0,0,5,5,0,0,0,8,7,5,3,0,0,2,6,4,0,11,5,2,3,3,2,0,0,5,0,2,4,0,4,2,8,0,0,3,7,3,0,0,2,2,0,1,0,0,0
"sQ3_r3_oTh5_oTy2",0,0,0,3,0,0,0,0,0,0,0,1,0,0,0,0,0,0,0,0,2,3,0,0,0,5,4,5,3,0,1,0,3,4,0,9,5,2,3,3,2,0,0,2,0,0,2,0,3,2,5,0,0,2,5,0,0,0,0,2,0,0,1,0,0
"sQ4_r3_oTh5_oTy2",0,0,0,3,1,0,0,0,0,0,0,0,0,0,0,0,0,0,0,0,0,0,0,0,0,2,4,3,0,0,0,0,0,3,0,7,3,2,3,3,0,0,0,0,0,0,0,0,0,0,0,0,0,0,5,0,0,0,0,2,0,0,0,0,0
"sQ5_r3_oTh5_oTy2",0,0,0,0,0,0,0,0,0,0,0,0,0,0,0,0,0,0,0,0,0,0,0,0,0,0,4,0,0,0,0,0,0,1,0,7,0,0,3,3,0,0,0,0,0,0,0,0,0,0,1,0,0,0,5,0,0,0,0,0,0,0,0,0,0
"sQ1_r4_oTh5_oTy2",2,0,0,6,3,2,4,3,0,0,0,0,0,2,2,2,0,0,2,2,8,5,2,4,4,9,5,6,4,2,2,3,3,2,0,4,3,2,4,5,2,2,2,2,0,2,5,3,5,5,3,2,0,3,6,4,3,5,2,4,8,5,5,2,0
"sQ2_r4_oTh5_oTy2",0,0,0,5,0,2,0,3,0,0,0,0,0,2,0,2,0,0,1,0,6,4,0,0,1,7,4,5,2,0,0,2,2,0,0,3,2,0,2,3,0,2,0,2,0,2,3,0,3,3,3,2,0,3,6,2,0,0,0,2,3,3,4,0,0
"sQ3_r4_oTh5_oTy2",0,0,0,5,0,0,0,2,0,0,0,0,0,0,0,1,0,0,0,0,4,0,0,0,0,5,0,3,2,0,0,0,2,0,0,3,0,0,2,3,0,2,0,0,0,0,3,0,3,2,3,0,1,2,6,2,0,0,0,0,0,1,3,0,0
"sQ4_r4_oTh5_oTy2",0,0,0,4,0,0,0,2,0,0,0,0,0,0,0,0,0,0,0,0,2,0,0,0,0,3,0,0,0,0,0,0,2,0,0,3,0,0,2,3,0,1,0,0,0,0,2,0,2,0,3,0,0,2,5,0,0,0,0,0,0,0,2,0,0
"sQ5_r4_oTh5_oTy2",0,0,0,2,0,0,0,0,0,0,0,0,0,0,0,0,0,0,0,0,2,0,0,0,0,0,0,0,0,0,0,0,2,0,0,2,0,0,0,3,0,0,0,0,0,0,2,0,0,0,2,0,0,2,3,0,0,0,0,0,0,0,0,0,0
